 Time,Amplitude
  0.000000,  0.000045
  0.000023,  0.000087
  0.000045,  0.000125
  0.000068,  0.000160
  0.000091,  0.000191
  0.000113,  0.000218
  0.000136,  0.000241
  0.000159,  0.000261
  0.000181,  0.000278
  0.000204,  0.000291
  0.000227,  0.000300
  0.000249,  0.000305
  0.000272,  0.000307
  0.000295,  0.000306
  0.000317,  0.000300
  0.000340,  0.000291
  0.000363,  0.000279
  0.000385,  0.000262
  0.000408,  0.000243
  0.000431,  0.000219
  0.000454,  0.000192
  0.000476,  0.000162
  0.000499,  0.000127
  0.000522,  0.000089
  0.000544,  0.000048
  0.000567,  0.000003
  0.000590, -0.000046
  0.000612, -0.000098
  0.000635, -0.000154
  0.000658, -0.000214
  0.000680, -0.000277
  0.000703, -0.000344
  0.000726, -0.000415
  0.000748, -0.000489
  0.000771, -0.000567
  0.000794, -0.000648
  0.000816, -0.000733
  0.000839, -0.000821
  0.000862, -0.000914
  0.000884, -0.001009
  0.000907, -0.001109
  0.000930, -0.001212
  0.000952, -0.001319
  0.000975, -0.001429
  0.000998, -0.001543
  0.001020, -0.001660
  0.001043, -0.001782
  0.001066, -0.001906
  0.001088, -0.002035
  0.001111, -0.002167
  0.001134, -0.002302
  0.001156, -0.002275
  0.001179, -0.002223
  0.001202, -0.002167
  0.001224, -0.002107
  0.001247, -0.002044
  0.001270, -0.001978
  0.001293, -0.001907
  0.001315, -0.001834
  0.001338, -0.001756
  0.001361, -0.001675
  0.001383, -0.001590
  0.001406, -0.001502
  0.001429, -0.001410
  0.001451, -0.001314
  0.001474, -0.001215
  0.001497, -0.001112
  0.001519, -0.001006
  0.001542, -0.000895
  0.001565, -0.000782
  0.001587, -0.000664
  0.001610, -0.000543
  0.001633, -0.000419
  0.001655, -0.000291
  0.001678, -0.000159
  0.001701, -0.000023
  0.001723,  0.000116
  0.001746,  0.000258
  0.001769,  0.000405
  0.001791,  0.000555
  0.001814,  0.000708
  0.001837,  0.000865
  0.001859,  0.001026
  0.001882,  0.001190
  0.001905,  0.001358
  0.001927,  0.001530
  0.001950,  0.001705
  0.001973,  0.001884
  0.001995,  0.002067
  0.002018,  0.002253
  0.002041,  0.002443
  0.002063,  0.002636
  0.002086,  0.002833
  0.002109,  0.003033
  0.002132,  0.003238
  0.002154,  0.003445
  0.002177,  0.003657
  0.002200,  0.003872
  0.002222,  0.004091
  0.002245,  0.004313
  0.002268,  0.004539
  0.002290,  0.004483
  0.002313,  0.004341
  0.002336,  0.004195
  0.002358,  0.004045
  0.002381,  0.003892
  0.002404,  0.003735
  0.002426,  0.003574
  0.002449,  0.003410
  0.002472,  0.003242
  0.002494,  0.003071
  0.002517,  0.002896
  0.002540,  0.002717
  0.002562,  0.002535
  0.002585,  0.002349
  0.002608,  0.002159
  0.002630,  0.001966
  0.002653,  0.001769
  0.002676,  0.001569
  0.002698,  0.001365
  0.002721,  0.001157
  0.002744,  0.000946
  0.002766,  0.000731
  0.002789,  0.000513
  0.002812,  0.000291
  0.002834,  0.000065
  0.002857, -0.000165
  0.002880, -0.000398
  0.002902, -0.000634
  0.002925, -0.000874
  0.002948, -0.001118
  0.002971, -0.001366
  0.002993, -0.001617
  0.003016, -0.001871
  0.003039, -0.002130
  0.003061, -0.002392
  0.003084, -0.002657
  0.003107, -0.002926
  0.003129, -0.003199
  0.003152, -0.003476
  0.003175, -0.003756
  0.003197, -0.004039
  0.003220, -0.004326
  0.003243, -0.004617
  0.003265, -0.004912
  0.003288, -0.005210
  0.003311, -0.005512
  0.003333, -0.005817
  0.003356, -0.006126
  0.003379, -0.006439
  0.003401, -0.006755
  0.003424, -0.006712
  0.003447, -0.006479
  0.003469, -0.006243
  0.003492, -0.006003
  0.003515, -0.005759
  0.003537, -0.005512
  0.003560, -0.005261
  0.003583, -0.005007
  0.003605, -0.004749
  0.003628, -0.004487
  0.003651, -0.004222
  0.003673, -0.003953
  0.003696, -0.003680
  0.003719, -0.003404
  0.003741, -0.003124
  0.003764, -0.002841
  0.003787, -0.002554
  0.003810, -0.002263
  0.003832, -0.001969
  0.003855, -0.001671
  0.003878, -0.001369
  0.003900, -0.001064
  0.003923, -0.000755
  0.003946, -0.000443
  0.003968, -0.000127
  0.003991,  0.000193
  0.004014,  0.000516
  0.004036,  0.000843
  0.004059,  0.001174
  0.004082,  0.001508
  0.004104,  0.001845
  0.004127,  0.002187
  0.004150,  0.002532
  0.004172,  0.002880
  0.004195,  0.003233
  0.004218,  0.003588
  0.004240,  0.003948
  0.004263,  0.004311
  0.004286,  0.004678
  0.004308,  0.005048
  0.004331,  0.005422
  0.004354,  0.005799
  0.004376,  0.006181
  0.004399,  0.006565
  0.004422,  0.006954
  0.004444,  0.007346
  0.004467,  0.007742
  0.004490,  0.008141
  0.004512,  0.008544
  0.004535,  0.008950
  0.004558,  0.008962
  0.004580,  0.008639
  0.004603,  0.008312
  0.004626,  0.007982
  0.004649,  0.007648
  0.004671,  0.007310
  0.004694,  0.006969
  0.004717,  0.006624
  0.004739,  0.006276
  0.004762,  0.005924
  0.004785,  0.005568
  0.004807,  0.005209
  0.004830,  0.004846
  0.004853,  0.004480
  0.004875,  0.004109
  0.004898,  0.003736
  0.004921,  0.003358
  0.004943,  0.002977
  0.004966,  0.002593
  0.004989,  0.002205
  0.005011,  0.001813
  0.005034,  0.001417
  0.005057,  0.001018
  0.005079,  0.000615
  0.005102,  0.000209
  0.005125, -0.000201
  0.005147, -0.000614
  0.005170, -0.001031
  0.005193, -0.001452
  0.005215, -0.001877
  0.005238, -0.002305
  0.005261, -0.002736
  0.005283, -0.003172
  0.005306, -0.003611
  0.005329, -0.004053
  0.005351, -0.004499
  0.005374, -0.004949
  0.005397, -0.005402
  0.005420, -0.005859
  0.005442, -0.006320
  0.005465, -0.006784
  0.005488, -0.007252
  0.005510, -0.007723
  0.005533, -0.008199
  0.005556, -0.008677
  0.005578, -0.009160
  0.005601, -0.009646
  0.005624, -0.010135
  0.005646, -0.010628
  0.005669, -0.011125
  0.005692, -0.011232
  0.005714, -0.010818
  0.005737, -0.010401
  0.005760, -0.009981
  0.005782, -0.009557
  0.005805, -0.009129
  0.005828, -0.008697
  0.005850, -0.008262
  0.005873, -0.007823
  0.005896, -0.007381
  0.005918, -0.006935
  0.005941, -0.006486
  0.005964, -0.006033
  0.005986, -0.005576
  0.006009, -0.005115
  0.006032, -0.004651
  0.006054, -0.004184
  0.006077, -0.003712
  0.006100, -0.003238
  0.006122, -0.002759
  0.006145, -0.002277
  0.006168, -0.001791
  0.006190, -0.001302
  0.006213, -0.000809
  0.006236, -0.000312
  0.006259,  0.000188
  0.006281,  0.000692
  0.006304,  0.001199
  0.006327,  0.001710
  0.006349,  0.002225
  0.006372,  0.002743
  0.006395,  0.003265
  0.006417,  0.003791
  0.006440,  0.004320
  0.006463,  0.004853
  0.006485,  0.005389
  0.006508,  0.005929
  0.006531,  0.006473
  0.006553,  0.007020
  0.006576,  0.007571
  0.006599,  0.008126
  0.006621,  0.008684
  0.006644,  0.009246
  0.006667,  0.009811
  0.006689,  0.010380
  0.006712,  0.010953
  0.006735,  0.011529
  0.006757,  0.012109
  0.006780,  0.012692
  0.006803,  0.013279
  0.006825,  0.013522
  0.006848,  0.013019
  0.006871,  0.012511
  0.006893,  0.012000
  0.006916,  0.011486
  0.006939,  0.010968
  0.006961,  0.010446
  0.006984,  0.009921
  0.007007,  0.009392
  0.007029,  0.008859
  0.007052,  0.008323
  0.007075,  0.007783
  0.007098,  0.007240
  0.007120,  0.006693
  0.007143,  0.006142
  0.007166,  0.005588
  0.007188,  0.005030
  0.007211,  0.004468
  0.007234,  0.003903
  0.007256,  0.003334
  0.007279,  0.002762
  0.007302,  0.002186
  0.007324,  0.001606
  0.007347,  0.001023
  0.007370,  0.000436
  0.007392, -0.000155
  0.007415, -0.000749
  0.007438, -0.001347
  0.007460, -0.001948
  0.007483, -0.002553
  0.007506, -0.003162
  0.007528, -0.003774
  0.007551, -0.004390
  0.007574, -0.005009
  0.007596, -0.005632
  0.007619, -0.006259
  0.007642, -0.006889
  0.007664, -0.007523
  0.007687, -0.008161
  0.007710, -0.008802
  0.007732, -0.009447
  0.007755, -0.010095
  0.007778, -0.010747
  0.007800, -0.011403
  0.007823, -0.012062
  0.007846, -0.012725
  0.007868, -0.013392
  0.007891, -0.014062
  0.007914, -0.014736
  0.007937, -0.015413
  0.007959, -0.015833
  0.007982, -0.015239
  0.008005, -0.014642
  0.008027, -0.014041
  0.008050, -0.013436
  0.008073, -0.012828
  0.008095, -0.012216
  0.008118, -0.011600
  0.008141, -0.010981
  0.008163, -0.010358
  0.008186, -0.009731
  0.008209, -0.009101
  0.008231, -0.008467
  0.008254, -0.007830
  0.008277, -0.007189
  0.008299, -0.006544
  0.008322, -0.005896
  0.008345, -0.005244
  0.008367, -0.004589
  0.008390, -0.003930
  0.008413, -0.003267
  0.008435, -0.002601
  0.008458, -0.001931
  0.008481, -0.001257
  0.008503, -0.000580
  0.008526,  0.000101
  0.008549,  0.000785
  0.008571,  0.001473
  0.008594,  0.002165
  0.008617,  0.002860
  0.008639,  0.003559
  0.008662,  0.004262
  0.008685,  0.004968
  0.008707,  0.005678
  0.008730,  0.006391
  0.008753,  0.007108
  0.008776,  0.007829
  0.008798,  0.008553
  0.008821,  0.009281
  0.008844,  0.010012
  0.008866,  0.010747
  0.008889,  0.011486
  0.008912,  0.012228
  0.008934,  0.012974
  0.008957,  0.013724
  0.008980,  0.014477
  0.009002,  0.015234
  0.009025,  0.015994
  0.009048,  0.016758
  0.009070,  0.017526
  0.009093,  0.018165
  0.009116,  0.017481
  0.009138,  0.016793
  0.009161,  0.016102
  0.009184,  0.015407
  0.009206,  0.014708
  0.009229,  0.014006
  0.009252,  0.013300
  0.009274,  0.012590
  0.009297,  0.011877
  0.009320,  0.011160
  0.009342,  0.010440
  0.009365,  0.009716
  0.009388,  0.008988
  0.009410,  0.008257
  0.009433,  0.007522
  0.009456,  0.006783
  0.009478,  0.006041
  0.009501,  0.005295
  0.009524,  0.004546
  0.009546,  0.003793
  0.009569,  0.003036
  0.009592,  0.002276
  0.009615,  0.001512
  0.009637,  0.000745
  0.009660, -0.000026
  0.009683, -0.000801
  0.009705, -0.001579
  0.009728, -0.002361
  0.009751, -0.003147
  0.009773, -0.003936
  0.009796, -0.004729
  0.009819, -0.005525
  0.009841, -0.006325
  0.009864, -0.007129
  0.009887, -0.007936
  0.009909, -0.008747
  0.009932, -0.009562
  0.009955, -0.010380
  0.009977, -0.011202
  0.010000, -0.012027
  0.010023, -0.012856
  0.010045, -0.013689
  0.010068, -0.014525
  0.010091, -0.015365
  0.010113, -0.016208
  0.010136, -0.017056
  0.010159, -0.017906
  0.010181, -0.018761
  0.010204, -0.019619
  0.010227, -0.020480
  0.010249, -0.019743
  0.010272, -0.018965
  0.010295, -0.018183
  0.010317, -0.017398
  0.010340, -0.016609
  0.010363, -0.015816
  0.010385, -0.015020
  0.010408, -0.014220
  0.010431, -0.013417
  0.010454, -0.012609
  0.010476, -0.011799
  0.010499, -0.010984
  0.010522, -0.010166
  0.010544, -0.009345
  0.010567, -0.008520
  0.010590, -0.007691
  0.010612, -0.006858
  0.010635, -0.006022
  0.010658, -0.005183
  0.010680, -0.004339
  0.010703, -0.003493
  0.010726, -0.002642
  0.010748, -0.001788
  0.010771, -0.000930
  0.010794, -0.000069
  0.010816,  0.000796
  0.010839,  0.001665
  0.010862,  0.002537
  0.010884,  0.003413
  0.010907,  0.004293
  0.010930,  0.005176
  0.010952,  0.006062
  0.010975,  0.006953
  0.010998,  0.007847
  0.011020,  0.008744
  0.011043,  0.009646
  0.011066,  0.010550
  0.011088,  0.011459
  0.011111,  0.012371
  0.011134,  0.013287
  0.011156,  0.014206
  0.011179,  0.015129
  0.011202,  0.016055
  0.011224,  0.016986
  0.011247,  0.017919
  0.011270,  0.018857
  0.011293,  0.019798
  0.011315,  0.020742
  0.011338,  0.021691
  0.011361,  0.022643
  0.011383,  0.022026
  0.011406,  0.021157
  0.011429,  0.020285
  0.011451,  0.019409
  0.011474,  0.018530
  0.011497,  0.017647
  0.011519,  0.016761
  0.011542,  0.015871
  0.011565,  0.014977
  0.011587,  0.014079
  0.011610,  0.013178
  0.011633,  0.012274
  0.011655,  0.011366
  0.011678,  0.010454
  0.011701,  0.009538
  0.011723,  0.008619
  0.011746,  0.007696
  0.011769,  0.006770
  0.011791,  0.005840
  0.011814,  0.004906
  0.011837,  0.003969
  0.011859,  0.003028
  0.011882,  0.002084
  0.011905,  0.001136
  0.011927,  0.000184
  0.011950, -0.000771
  0.011973, -0.001730
  0.011995, -0.002692
  0.012018, -0.003659
  0.012041, -0.004628
  0.012063, -0.005602
  0.012086, -0.006579
  0.012109, -0.007560
  0.012132, -0.008544
  0.012154, -0.009532
  0.012177, -0.010523
  0.012200, -0.011518
  0.012222, -0.012517
  0.012245, -0.013519
  0.012268, -0.014525
  0.012290, -0.015535
  0.012313, -0.016548
  0.012336, -0.017565
  0.012358, -0.018585
  0.012381, -0.019610
  0.012404, -0.020637
  0.012426, -0.021669
  0.012449, -0.022704
  0.012472, -0.023742
  0.012494, -0.024784
  0.012517, -0.024329
  0.012540, -0.023370
  0.012562, -0.022408
  0.012585, -0.021442
  0.012608, -0.020472
  0.012630, -0.019499
  0.012653, -0.018522
  0.012676, -0.017542
  0.012698, -0.016558
  0.012721, -0.015570
  0.012744, -0.014579
  0.012766, -0.013584
  0.012789, -0.012585
  0.012812, -0.011583
  0.012834, -0.010577
  0.012857, -0.009568
  0.012880, -0.008555
  0.012902, -0.007538
  0.012925, -0.006518
  0.012948, -0.005494
  0.012971, -0.004467
  0.012993, -0.003435
  0.013016, -0.002401
  0.013039, -0.001362
  0.013061, -0.000320
  0.013084,  0.000725
  0.013107,  0.001774
  0.013129,  0.002827
  0.013152,  0.003884
  0.013175,  0.004944
  0.013197,  0.006007
  0.013220,  0.007075
  0.013243,  0.008146
  0.013265,  0.009220
  0.013288,  0.010298
  0.013311,  0.011380
  0.013333,  0.012466
  0.013356,  0.013555
  0.013379,  0.014647
  0.013401,  0.015744
  0.013424,  0.016843
  0.013447,  0.017947
  0.013469,  0.019054
  0.013492,  0.020165
  0.013515,  0.021279
  0.013537,  0.022397
  0.013560,  0.023519
  0.013583,  0.024644
  0.013605,  0.025773
  0.013628,  0.026905
  0.013651,  0.026652
  0.013673,  0.025603
  0.013696,  0.024551
  0.013719,  0.023495
  0.013741,  0.022435
  0.013764,  0.021371
  0.013787,  0.020304
  0.013810,  0.019233
  0.013832,  0.018159
  0.013855,  0.017081
  0.013878,  0.015999
  0.013900,  0.014914
  0.013923,  0.013825
  0.013946,  0.012733
  0.013968,  0.011637
  0.013991,  0.010537
  0.014014,  0.009434
  0.014036,  0.008327
  0.014059,  0.007216
  0.014082,  0.006102
  0.014104,  0.004984
  0.014127,  0.003863
  0.014150,  0.002738
  0.014172,  0.001609
  0.014195,  0.000477
  0.014218, -0.000659
  0.014240, -0.001798
  0.014263, -0.002941
  0.014286, -0.004088
  0.014308, -0.005238
  0.014331, -0.006392
  0.014354, -0.007550
  0.014376, -0.008711
  0.014399, -0.009876
  0.014422, -0.011045
  0.014444, -0.012217
  0.014467, -0.013392
  0.014490, -0.014572
  0.014512, -0.015755
  0.014535, -0.016941
  0.014558, -0.018131
  0.014580, -0.019325
  0.014603, -0.020523
  0.014626, -0.021724
  0.014649, -0.022928
  0.014671, -0.024137
  0.014694, -0.025349
  0.014717, -0.026564
  0.014739, -0.027783
  0.014762, -0.029006
  0.014785, -0.028997
  0.014807, -0.027857
  0.014830, -0.026714
  0.014853, -0.025568
  0.014875, -0.024418
  0.014898, -0.023264
  0.014921, -0.022107
  0.014943, -0.020946
  0.014966, -0.019781
  0.014989, -0.018613
  0.015011, -0.017441
  0.015034, -0.016265
  0.015057, -0.015086
  0.015079, -0.013903
  0.015102, -0.012717
  0.015125, -0.011527
  0.015147, -0.010334
  0.015170, -0.009136
  0.015193, -0.007935
  0.015215, -0.006731
  0.015238, -0.005523
  0.015261, -0.004311
  0.015283, -0.003096
  0.015306, -0.001877
  0.015329, -0.000654
  0.015351,  0.000572
  0.015374,  0.001802
  0.015397,  0.003035
  0.015420,  0.004272
  0.015442,  0.005513
  0.015465,  0.006757
  0.015488,  0.008005
  0.015510,  0.009256
  0.015533,  0.010511
  0.015556,  0.011770
  0.015578,  0.013033
  0.015601,  0.014299
  0.015624,  0.015568
  0.015646,  0.016841
  0.015669,  0.018118
  0.015692,  0.019399
  0.015714,  0.020683
  0.015737,  0.021971
  0.015760,  0.023262
  0.015782,  0.024557
  0.015805,  0.025855
  0.015828,  0.027158
  0.015850,  0.028463
  0.015873,  0.029773
  0.015896,  0.031086
  0.015918,  0.031362
  0.015941,  0.030132
  0.015964,  0.028899
  0.015986,  0.027662
  0.016009,  0.026421
  0.016032,  0.025177
  0.016054,  0.023930
  0.016077,  0.022678
  0.016100,  0.021423
  0.016122,  0.020165
  0.016145,  0.018903
  0.016168,  0.017637
  0.016190,  0.016368
  0.016213,  0.015095
  0.016236,  0.013818
  0.016259,  0.012538
  0.016281,  0.011254
  0.016304,  0.009966
  0.016327,  0.008675
  0.016349,  0.007380
  0.016372,  0.006082
  0.016395,  0.004780
  0.016417,  0.003474
  0.016440,  0.002165
  0.016463,  0.000852
  0.016485, -0.000464
  0.016508, -0.001784
  0.016531, -0.003108
  0.016553, -0.004435
  0.016576, -0.005766
  0.016599, -0.007101
  0.016621, -0.008439
  0.016644, -0.009781
  0.016667, -0.011126
  0.016689, -0.012475
  0.016712, -0.013828
  0.016735, -0.015184
  0.016757, -0.016544
  0.016780, -0.017908
  0.016803, -0.019275
  0.016825, -0.020646
  0.016848, -0.022020
  0.016871, -0.023398
  0.016893, -0.024780
  0.016916, -0.026165
  0.016939, -0.027554
  0.016961, -0.028946
  0.016984, -0.030342
  0.017007, -0.031742
  0.017029, -0.033145
  0.017052, -0.033747
  0.017075, -0.032427
  0.017098, -0.031104
  0.017120, -0.029776
  0.017143, -0.028446
  0.017166, -0.027111
  0.017188, -0.025773
  0.017211, -0.024432
  0.017234, -0.023087
  0.017256, -0.021738
  0.017279, -0.020385
  0.017302, -0.019029
  0.017324, -0.017669
  0.017347, -0.016306
  0.017370, -0.014939
  0.017392, -0.013569
  0.017415, -0.012194
  0.017438, -0.010817
  0.017460, -0.009435
  0.017483, -0.008050
  0.017506, -0.006662
  0.017528, -0.005269
  0.017551, -0.003873
  0.017574, -0.002474
  0.017596, -0.001071
  0.017619,  0.000336
  0.017642,  0.001746
  0.017664,  0.003160
  0.017687,  0.004578
  0.017710,  0.005999
  0.017732,  0.007424
  0.017755,  0.008853
  0.017778,  0.010285
  0.017800,  0.011720
  0.017823,  0.013160
  0.017846,  0.014603
  0.017868,  0.016049
  0.017891,  0.017499
  0.017914,  0.018953
  0.017937,  0.020411
  0.017959,  0.021872
  0.017982,  0.023336
  0.018005,  0.024805
  0.018027,  0.026277
  0.018050,  0.027752
  0.018073,  0.029231
  0.018095,  0.030714
  0.018118,  0.032201
  0.018141,  0.033691
  0.018163,  0.035184
  0.018186,  0.036153
  0.018209,  0.034743
  0.018231,  0.033329
  0.018254,  0.031912
  0.018277,  0.030491
  0.018299,  0.029066
  0.018322,  0.027638
  0.018345,  0.026206
  0.018367,  0.024770
  0.018390,  0.023331
  0.018413,  0.021888
  0.018435,  0.020442
  0.018458,  0.018992
  0.018481,  0.017538
  0.018503,  0.016081
  0.018526,  0.014620
  0.018549,  0.013156
  0.018571,  0.011688
  0.018594,  0.010216
  0.018617,  0.008741
  0.018639,  0.007262
  0.018662,  0.005779
  0.018685,  0.004293
  0.018707,  0.002803
  0.018730,  0.001310
  0.018753, -0.000187
  0.018776, -0.001688
  0.018798, -0.003192
  0.018821, -0.004700
  0.018844, -0.006212
  0.018866, -0.007727
  0.018889, -0.009246
  0.018912, -0.010768
  0.018934, -0.012294
  0.018957, -0.013824
  0.018980, -0.015357
  0.019002, -0.016894
  0.019025, -0.018434
  0.019048, -0.019978
  0.019070, -0.021526
  0.019093, -0.023077
  0.019116, -0.024632
  0.019138, -0.026191
  0.019161, -0.027753
  0.019184, -0.029319
  0.019206, -0.030889
  0.019229, -0.032462
  0.019252, -0.034038
  0.019274, -0.035619
  0.019297, -0.037203
  0.019320, -0.038580
  0.019342, -0.037079
  0.019365, -0.035575
  0.019388, -0.034067
  0.019410, -0.032556
  0.019433, -0.031041
  0.019456, -0.029522
  0.019478, -0.028000
  0.019501, -0.026474
  0.019524, -0.024945
  0.019546, -0.023412
  0.019569, -0.021875
  0.019592, -0.020335
  0.019615, -0.018791
  0.019637, -0.017244
  0.019660, -0.015692
  0.019683, -0.014138
  0.019705, -0.012579
  0.019728, -0.011017
  0.019751, -0.009452
  0.019773, -0.007882
  0.019796, -0.006310
  0.019819, -0.004733
  0.019841, -0.003153
  0.019864, -0.001569
  0.019887,  0.000018
  0.019909,  0.001609
  0.019932,  0.003204
  0.019955,  0.004802
  0.019977,  0.006404
  0.020000,  0.008009
  0.020023,  0.009618
  0.020045,  0.011231
  0.020068,  0.012847
  0.020091,  0.014467
  0.020113,  0.016091
  0.020136,  0.017718
  0.020159,  0.019349
  0.020181,  0.020983
  0.020204,  0.022621
  0.020227,  0.024263
  0.020249,  0.025908
  0.020272,  0.027557
  0.020295,  0.029209
  0.020317,  0.030865
  0.020340,  0.032525
  0.020363,  0.034188
  0.020385,  0.035855
  0.020408,  0.037526
  0.020431,  0.039200
  0.020454,  0.040878
  0.020476,  0.039436
  0.020499,  0.037842
  0.020522,  0.036244
  0.020544,  0.034642
  0.020567,  0.033037
  0.020590,  0.031428
  0.020612,  0.029815
  0.020635,  0.028199
  0.020658,  0.026580
  0.020680,  0.024956
  0.020703,  0.023329
  0.020726,  0.021699
  0.020748,  0.020064
  0.020771,  0.018427
  0.020794,  0.016785
  0.020816,  0.015140
  0.020839,  0.013491
  0.020862,  0.011839
  0.020884,  0.010183
  0.020907,  0.008524
  0.020930,  0.006861
  0.020952,  0.005194
  0.020975,  0.003523
  0.020998,  0.001849
  0.021020,  0.000172
  0.021043, -0.001509
  0.021066, -0.003194
  0.021088, -0.004883
  0.021111, -0.006575
  0.021134, -0.008271
  0.021156, -0.009970
  0.021179, -0.011673
  0.021202, -0.013380
  0.021224, -0.015090
  0.021247, -0.016804
  0.021270, -0.018521
  0.021293, -0.020242
  0.021315, -0.021967
  0.021338, -0.023695
  0.021361, -0.025427
  0.021383, -0.027163
  0.021406, -0.028902
  0.021429, -0.030645
  0.021451, -0.032391
  0.021474, -0.034141
  0.021497, -0.035895
  0.021519, -0.037652
  0.021542, -0.039413
  0.021565, -0.041177
  0.021587, -0.042946
  0.021610, -0.041813
  0.021633, -0.040129
  0.021655, -0.038440
  0.021678, -0.036748
  0.021701, -0.035053
  0.021723, -0.033354
  0.021746, -0.031651
  0.021769, -0.029945
  0.021791, -0.028235
  0.021814, -0.026521
  0.021837, -0.024804
  0.021859, -0.023083
  0.021882, -0.021358
  0.021905, -0.019630
  0.021927, -0.017899
  0.021950, -0.016163
  0.021973, -0.014424
  0.021995, -0.012682
  0.022018, -0.010935
  0.022041, -0.009186
  0.022063, -0.007432
  0.022086, -0.005675
  0.022109, -0.003914
  0.022132, -0.002150
  0.022154, -0.000382
  0.022177,  0.001389
  0.022200,  0.003165
  0.022222,  0.004943
  0.022245,  0.006726
  0.022268,  0.008512
  0.022290,  0.010301
  0.022313,  0.012095
  0.022336,  0.013892
  0.022358,  0.015692
  0.022381,  0.017496
  0.022404,  0.019304
  0.022426,  0.021115
  0.022449,  0.022930
  0.022472,  0.024749
  0.022494,  0.026571
  0.022517,  0.028397
  0.022540,  0.030226
  0.022562,  0.032059
  0.022585,  0.033896
  0.022608,  0.035737
  0.022630,  0.037580
  0.022653,  0.039428
  0.022676,  0.041279
  0.022698,  0.043134
  0.022721,  0.044992
  0.022744,  0.044211
  0.022766,  0.042436
  0.022789,  0.040658
  0.022812,  0.038876
  0.022834,  0.037090
  0.022857,  0.035300
  0.022880,  0.033507
  0.022902,  0.031711
  0.022925,  0.029910
  0.022948,  0.028106
  0.022971,  0.026299
  0.022993,  0.024488
  0.023016,  0.022673
  0.023039,  0.020854
  0.023061,  0.019032
  0.023084,  0.017207
  0.023107,  0.015378
  0.023129,  0.013545
  0.023152,  0.011708
  0.023175,  0.009868
  0.023197,  0.008024
  0.023220,  0.006177
  0.023243,  0.004326
  0.023265,  0.002471
  0.023288,  0.000613
  0.023311, -0.001249
  0.023333, -0.003114
  0.023356, -0.004983
  0.023379, -0.006856
  0.023401, -0.008732
  0.023424, -0.010612
  0.023447, -0.012496
  0.023469, -0.014383
  0.023492, -0.016274
  0.023515, -0.018168
  0.023537, -0.020066
  0.023560, -0.021968
  0.023583, -0.023873
  0.023605, -0.025782
  0.023628, -0.027694
  0.023651, -0.029611
  0.023673, -0.031530
  0.023696, -0.033454
  0.023719, -0.035381
  0.023741, -0.037311
  0.023764, -0.039246
  0.023787, -0.041183
  0.023810, -0.043125
  0.023832, -0.045070
  0.023855, -0.047019
  0.023878, -0.046630
  0.023900, -0.044765
  0.023923, -0.042896
  0.023946, -0.041023
  0.023968, -0.039147
  0.023991, -0.037267
  0.024014, -0.035384
  0.024036, -0.033497
  0.024059, -0.031606
  0.024082, -0.029712
  0.024104, -0.027814
  0.024127, -0.025913
  0.024150, -0.024008
  0.024172, -0.022099
  0.024195, -0.020187
  0.024218, -0.018271
  0.024240, -0.016351
  0.024263, -0.014428
  0.024286, -0.012501
  0.024308, -0.010571
  0.024331, -0.008637
  0.024354, -0.006699
  0.024376, -0.004758
  0.024399, -0.002813
  0.024422, -0.000865
  0.024444,  0.001087
  0.024467,  0.003043
  0.024490,  0.005003
  0.024512,  0.006966
  0.024535,  0.008932
  0.024558,  0.010902
  0.024580,  0.012876
  0.024603,  0.014854
  0.024626,  0.016835
  0.024649,  0.018819
  0.024671,  0.020808
  0.024694,  0.022800
  0.024717,  0.024795
  0.024739,  0.026795
  0.024762,  0.028797
  0.024785,  0.030804
  0.024807,  0.032814
  0.024830,  0.034827
  0.024853,  0.036845
  0.024875,  0.038866
  0.024898,  0.040890
  0.024921,  0.042918
  0.024943,  0.044950
  0.024966,  0.046985
  0.024989,  0.049024
  0.025011,  0.049069
  0.025034,  0.047113
  0.025057,  0.045154
  0.025079,  0.043191
  0.025102,  0.041225
  0.025125,  0.039255
  0.025147,  0.037281
  0.025170,  0.035304
  0.025193,  0.033323
  0.025215,  0.031339
  0.025238,  0.029351
  0.025261,  0.027359
  0.025283,  0.025364
  0.025306,  0.023365
  0.025329,  0.021362
  0.025351,  0.019356
  0.025374,  0.017346
  0.025397,  0.015332
  0.025420,  0.013315
  0.025442,  0.011295
  0.025465,  0.009270
  0.025488,  0.007242
  0.025510,  0.005211
  0.025533,  0.003176
  0.025556,  0.001137
  0.025578, -0.000906
  0.025601, -0.002952
  0.025624, -0.005001
  0.025646, -0.007055
  0.025669, -0.009111
  0.025692, -0.011172
  0.025714, -0.013236
  0.025737, -0.015304
  0.025760, -0.017375
  0.025782, -0.019450
  0.025805, -0.021529
  0.025828, -0.023611
  0.025850, -0.025697
  0.025873, -0.027786
  0.025896, -0.029880
  0.025918, -0.031976
  0.025941, -0.034077
  0.025964, -0.036181
  0.025986, -0.038288
  0.026009, -0.040399
  0.026032, -0.042514
  0.026054, -0.044633
  0.026077, -0.046755
  0.026100, -0.048880
  0.026122, -0.051010
  0.026145, -0.051529
  0.026168, -0.049483
  0.026190, -0.047433
  0.026213, -0.045380
  0.026236, -0.043324
  0.026259, -0.041263
  0.026281, -0.039199
  0.026304, -0.037132
  0.026327, -0.035061
  0.026349, -0.032986
  0.026372, -0.030907
  0.026395, -0.028825
  0.026417, -0.026740
  0.026440, -0.024650
  0.026463, -0.022558
  0.026485, -0.020461
  0.026508, -0.018361
  0.026531, -0.016257
  0.026553, -0.014150
  0.026576, -0.012039
  0.026599, -0.009924
  0.026621, -0.007806
  0.026644, -0.005684
  0.026667, -0.003559
  0.026689, -0.001429
  0.026712,  0.000703
  0.026735,  0.002840
  0.026757,  0.004980
  0.026780,  0.007123
  0.026803,  0.009270
  0.026825,  0.011421
  0.026848,  0.013576
  0.026871,  0.015734
  0.026893,  0.017895
  0.026916,  0.020061
  0.026939,  0.022229
  0.026961,  0.024402
  0.026984,  0.026578
  0.027007,  0.028758
  0.027029,  0.030941
  0.027052,  0.033128
  0.027075,  0.035319
  0.027098,  0.037513
  0.027120,  0.039711
  0.027143,  0.041913
  0.027166,  0.044118
  0.027188,  0.046326
  0.027211,  0.048539
  0.027234,  0.050755
  0.027256,  0.052974
  0.027279,  0.054009
  0.027302,  0.051873
  0.027324,  0.049733
  0.027347,  0.047590
  0.027370,  0.045443
  0.027392,  0.043292
  0.027415,  0.041138
  0.027438,  0.038980
  0.027460,  0.036818
  0.027483,  0.034653
  0.027506,  0.032485
  0.027528,  0.030312
  0.027551,  0.028136
  0.027574,  0.025957
  0.027596,  0.023774
  0.027619,  0.021587
  0.027642,  0.019396
  0.027664,  0.017202
  0.027687,  0.015005
  0.027710,  0.012803
  0.027732,  0.010599
  0.027755,  0.008390
  0.027778,  0.006178
  0.027800,  0.003962
  0.027823,  0.001743
  0.027846, -0.000480
  0.027868, -0.002707
  0.027891, -0.004937
  0.027914, -0.007171
  0.027937, -0.009408
  0.027959, -0.011650
  0.027982, -0.013894
  0.028005, -0.016143
  0.028027, -0.018395
  0.028050, -0.020650
  0.028073, -0.022909
  0.028095, -0.025172
  0.028118, -0.027439
  0.028141, -0.029709
  0.028163, -0.031982
  0.028186, -0.034260
  0.028209, -0.036541
  0.028231, -0.038825
  0.028254, -0.041113
  0.028277, -0.043405
  0.028299, -0.045701
  0.028322, -0.048000
  0.028345, -0.050302
  0.028367, -0.052608
  0.028390, -0.054918
  0.028413, -0.056510
  0.028435, -0.054283
  0.028458, -0.052053
  0.028481, -0.049820
  0.028503, -0.047582
  0.028526, -0.045341
  0.028549, -0.043097
  0.028571, -0.040849
  0.028594, -0.038597
  0.028617, -0.036342
  0.028639, -0.034083
  0.028662, -0.031820
  0.028685, -0.029554
  0.028707, -0.027284
  0.028730, -0.025010
  0.028753, -0.022733
  0.028776, -0.020453
  0.028798, -0.018168
  0.028821, -0.015880
  0.028844, -0.013589
  0.028866, -0.011294
  0.028889, -0.008995
  0.028912, -0.006692
  0.028934, -0.004386
  0.028957, -0.002077
  0.028980,  0.000237
  0.029002,  0.002554
  0.029025,  0.004874
  0.029048,  0.007198
  0.029070,  0.009526
  0.029093,  0.011858
  0.029116,  0.014193
  0.029138,  0.016531
  0.029161,  0.018873
  0.029184,  0.021219
  0.029206,  0.023569
  0.029229,  0.025922
  0.029252,  0.028279
  0.029274,  0.030639
  0.029297,  0.033003
  0.029320,  0.035371
  0.029342,  0.037742
  0.029365,  0.040117
  0.029388,  0.042495
  0.029410,  0.044877
  0.029433,  0.047263
  0.029456,  0.049652
  0.029478,  0.052045
  0.029501,  0.054442
  0.029524,  0.056842
  0.029546,  0.059031
  0.029569,  0.056714
  0.029592,  0.054394
  0.029615,  0.052070
  0.029637,  0.049742
  0.029660,  0.047411
  0.029683,  0.045076
  0.029705,  0.042738
  0.029728,  0.040396
  0.029751,  0.038050
  0.029773,  0.035701
  0.029796,  0.033348
  0.029819,  0.030992
  0.029841,  0.028631
  0.029864,  0.026268
  0.029887,  0.023900
  0.029909,  0.021529
  0.029932,  0.019155
  0.029955,  0.016776
  0.029977,  0.014395
  0.030000,  0.012009
  0.030023,  0.009620
  0.030045,  0.007227
  0.030068,  0.004831
  0.030091,  0.002431
  0.030113,  0.000027
  0.030136, -0.002380
  0.030159, -0.004791
  0.030181, -0.007205
  0.030204, -0.009623
  0.030227, -0.012045
  0.030249, -0.014470
  0.030272, -0.016899
  0.030295, -0.019332
  0.030317, -0.021768
  0.030340, -0.024208
  0.030363, -0.026651
  0.030385, -0.029098
  0.030408, -0.031549
  0.030431, -0.034003
  0.030454, -0.036461
  0.030476, -0.038922
  0.030499, -0.041387
  0.030522, -0.043856
  0.030544, -0.046329
  0.030567, -0.048805
  0.030590, -0.051284
  0.030612, -0.053767
  0.030635, -0.056254
  0.030658, -0.058745
  0.030680, -0.061239
  0.030703, -0.059166
  0.030726, -0.056755
  0.030748, -0.054341
  0.030771, -0.051923
  0.030794, -0.049502
  0.030816, -0.047077
  0.030839, -0.044648
  0.030862, -0.042216
  0.030884, -0.039780
  0.030907, -0.037340
  0.030930, -0.034897
  0.030952, -0.032450
  0.030975, -0.030000
  0.030998, -0.027546
  0.031020, -0.025088
  0.031043, -0.022627
  0.031066, -0.020162
  0.031088, -0.017693
  0.031111, -0.015221
  0.031134, -0.012745
  0.031156, -0.010266
  0.031179, -0.007783
  0.031202, -0.005296
  0.031224, -0.002806
  0.031247, -0.000312
  0.031270,  0.002186
  0.031293,  0.004687
  0.031315,  0.007191
  0.031338,  0.009700
  0.031361,  0.012212
  0.031383,  0.014727
  0.031406,  0.017247
  0.031429,  0.019769
  0.031451,  0.022296
  0.031474,  0.024826
  0.031497,  0.027360
  0.031519,  0.029897
  0.031542,  0.032438
  0.031565,  0.034982
  0.031587,  0.037531
  0.031610,  0.040082
  0.031633,  0.042638
  0.031655,  0.045197
  0.031678,  0.047759
  0.031701,  0.050326
  0.031723,  0.052896
  0.031746,  0.055469
  0.031769,  0.058046
  0.031791,  0.060627
  0.031814,  0.063211
  0.031837,  0.061638
  0.031859,  0.059137
  0.031882,  0.056633
  0.031905,  0.054125
  0.031927,  0.051613
  0.031950,  0.049097
  0.031973,  0.046578
  0.031995,  0.044056
  0.032018,  0.041530
  0.032041,  0.039000
  0.032063,  0.036466
  0.032086,  0.033929
  0.032109,  0.031388
  0.032132,  0.028844
  0.032154,  0.026296
  0.032177,  0.023744
  0.032200,  0.021189
  0.032222,  0.018630
  0.032245,  0.016068
  0.032268,  0.013502
  0.032290,  0.010932
  0.032313,  0.008359
  0.032336,  0.005782
  0.032358,  0.003201
  0.032381,  0.000617
  0.032404, -0.001971
  0.032426, -0.004562
  0.032449, -0.007157
  0.032472, -0.009756
  0.032494, -0.012358
  0.032517, -0.014964
  0.032540, -0.017573
  0.032562, -0.020186
  0.032585, -0.022803
  0.032608, -0.025424
  0.032630, -0.028048
  0.032653, -0.030675
  0.032676, -0.033306
  0.032698, -0.035941
  0.032721, -0.038580
  0.032744, -0.041222
  0.032766, -0.043868
  0.032789, -0.046517
  0.032812, -0.049170
  0.032834, -0.051826
  0.032857, -0.054487
  0.032880, -0.057150
  0.032902, -0.059818
  0.032925, -0.062489
  0.032948, -0.065164
  0.032971, -0.064131
  0.032993, -0.061540
  0.033016, -0.058945
  0.033039, -0.056347
  0.033061, -0.053744
  0.033084, -0.051139
  0.033107, -0.048529
  0.033129, -0.045917
  0.033152, -0.043300
  0.033175, -0.040680
  0.033197, -0.038056
  0.033220, -0.035429
  0.033243, -0.032798
  0.033265, -0.030163
  0.033288, -0.027525
  0.033311, -0.024883
  0.033333, -0.022237
  0.033356, -0.019588
  0.033379, -0.016935
  0.033401, -0.014279
  0.033424, -0.011619
  0.033447, -0.008956
  0.033469, -0.006288
  0.033492, -0.003617
  0.033515, -0.000943
  0.033537,  0.001735
  0.033560,  0.004417
  0.033583,  0.007102
  0.033605,  0.009791
  0.033628,  0.012484
  0.033651,  0.015180
  0.033673,  0.017880
  0.033696,  0.020583
  0.033719,  0.023290
  0.033741,  0.026001
  0.033764,  0.028715
  0.033787,  0.031433
  0.033810,  0.034154
  0.033832,  0.036880
  0.033855,  0.039608
  0.033878,  0.042341
  0.033900,  0.045077
  0.033923,  0.047816
  0.033946,  0.050560
  0.033968,  0.053306
  0.033991,  0.056057
  0.034014,  0.058811
  0.034036,  0.061569
  0.034059,  0.064330
  0.034082,  0.067095
  0.034104,  0.066644
  0.034127,  0.063963
  0.034150,  0.061278
  0.034172,  0.058589
  0.034195,  0.055897
  0.034218,  0.053201
  0.034240,  0.050501
  0.034263,  0.047798
  0.034286,  0.045091
  0.034308,  0.042381
  0.034331,  0.039666
  0.034354,  0.036949
  0.034376,  0.034227
  0.034399,  0.031503
  0.034422,  0.028774
  0.034444,  0.026042
  0.034467,  0.023306
  0.034490,  0.020567
  0.034512,  0.017824
  0.034535,  0.015077
  0.034558,  0.012327
  0.034580,  0.009573
  0.034603,  0.006815
  0.034626,  0.004054
  0.034649,  0.001289
  0.034671, -0.001479
  0.034694, -0.004251
  0.034717, -0.007027
  0.034739, -0.009806
  0.034762, -0.012589
  0.034785, -0.015375
  0.034807, -0.018165
  0.034830, -0.020959
  0.034853, -0.023756
  0.034875, -0.026557
  0.034898, -0.029362
  0.034921, -0.032170
  0.034943, -0.034982
  0.034966, -0.037797
  0.034989, -0.040616
  0.035011, -0.043439
  0.035034, -0.046265
  0.035057, -0.049095
  0.035079, -0.051929
  0.035102, -0.054766
  0.035125, -0.057607
  0.035147, -0.060451
  0.035170, -0.063299
  0.035193, -0.066151
  0.035215, -0.069006
  0.035238, -0.069178
  0.035261, -0.066406
  0.035283, -0.063631
  0.035306, -0.060852
  0.035329, -0.058069
  0.035351, -0.055283
  0.035374, -0.052493
  0.035397, -0.049700
  0.035420, -0.046903
  0.035442, -0.044102
  0.035465, -0.041298
  0.035488, -0.038490
  0.035510, -0.035678
  0.035533, -0.032863
  0.035556, -0.030044
  0.035578, -0.027221
  0.035601, -0.024395
  0.035624, -0.021566
  0.035646, -0.018732
  0.035669, -0.015895
  0.035692, -0.013055
  0.035714, -0.010211
  0.035737, -0.007363
  0.035760, -0.004511
  0.035782, -0.001656
  0.035805,  0.001202
  0.035828,  0.004065
  0.035850,  0.006931
  0.035873,  0.009800
  0.035896,  0.012673
  0.035918,  0.015550
  0.035941,  0.018430
  0.035964,  0.021314
  0.035986,  0.024202
  0.036009,  0.027093
  0.036032,  0.029988
  0.036054,  0.032887
  0.036077,  0.035789
  0.036100,  0.038694
  0.036122,  0.041604
  0.036145,  0.044517
  0.036168,  0.047433
  0.036190,  0.050354
  0.036213,  0.053277
  0.036236,  0.056205
  0.036259,  0.059136
  0.036281,  0.062071
  0.036304,  0.065009
  0.036327,  0.067951
  0.036349,  0.070896
  0.036372,  0.071733
  0.036395,  0.068871
  0.036417,  0.066005
  0.036440,  0.063136
  0.036463,  0.060263
  0.036485,  0.057386
  0.036508,  0.054506
  0.036531,  0.051622
  0.036553,  0.048735
  0.036576,  0.045844
  0.036599,  0.042949
  0.036621,  0.040051
  0.036644,  0.037149
  0.036667,  0.034243
  0.036689,  0.031334
  0.036712,  0.028421
  0.036735,  0.025505
  0.036757,  0.022585
  0.036780,  0.019661
  0.036803,  0.016734
  0.036825,  0.013803
  0.036848,  0.010869
  0.036871,  0.007931
  0.036893,  0.004989
  0.036916,  0.002044
  0.036939, -0.000905
  0.036961, -0.003858
  0.036984, -0.006814
  0.037007, -0.009774
  0.037029, -0.012737
  0.037052, -0.015704
  0.037075, -0.018675
  0.037098, -0.021649
  0.037120, -0.024627
  0.037143, -0.027609
  0.037166, -0.030594
  0.037188, -0.033583
  0.037211, -0.036575
  0.037234, -0.039571
  0.037256, -0.042571
  0.037279, -0.045574
  0.037302, -0.048581
  0.037324, -0.051591
  0.037347, -0.054605
  0.037370, -0.057623
  0.037392, -0.060644
  0.037415, -0.063669
  0.037438, -0.066698
  0.037460, -0.069730
  0.037483, -0.072766
  0.037506, -0.074308
  0.037528, -0.071355
  0.037551, -0.068399
  0.037574, -0.065440
  0.037596, -0.062477
  0.037619, -0.059510
  0.037642, -0.056539
  0.037664, -0.053565
  0.037687, -0.050588
  0.037710, -0.047606
  0.037732, -0.044621
  0.037755, -0.041633
  0.037778, -0.038640
  0.037800, -0.035645
  0.037823, -0.032645
  0.037846, -0.029642
  0.037868, -0.026636
  0.037891, -0.023625
  0.037914, -0.020611
  0.037937, -0.017594
  0.037959, -0.014573
  0.037982, -0.011548
  0.038005, -0.008519
  0.038027, -0.005487
  0.038050, -0.002452
  0.038073,  0.000587
  0.038095,  0.003630
  0.038118,  0.006677
  0.038141,  0.009727
  0.038163,  0.012781
  0.038186,  0.015838
  0.038209,  0.018899
  0.038231,  0.021964
  0.038254,  0.025032
  0.038277,  0.028104
  0.038299,  0.031179
  0.038322,  0.034258
  0.038345,  0.037341
  0.038367,  0.040427
  0.038390,  0.043517
  0.038413,  0.046611
  0.038435,  0.049708
  0.038458,  0.052808
  0.038481,  0.055913
  0.038503,  0.059021
  0.038526,  0.062133
  0.038549,  0.065248
  0.038571,  0.068367
  0.038594,  0.071489
  0.038617,  0.074615
  0.038639,  0.076903
  0.038662,  0.073861
  0.038685,  0.070815
  0.038707,  0.067765
  0.038730,  0.064711
  0.038753,  0.061654
  0.038776,  0.058593
  0.038798,  0.055529
  0.038821,  0.052461
  0.038844,  0.049389
  0.038866,  0.046314
  0.038889,  0.043235
  0.038912,  0.040153
  0.038934,  0.037066
  0.038957,  0.033977
  0.038980,  0.030883
  0.039002,  0.027786
  0.039025,  0.024686
  0.039048,  0.021582
  0.039070,  0.018474
  0.039093,  0.015362
  0.039116,  0.012247
  0.039138,  0.009129
  0.039161,  0.006006
  0.039184,  0.002880
  0.039206, -0.000249
  0.039229, -0.003382
  0.039252, -0.006519
  0.039274, -0.009659
  0.039297, -0.012803
  0.039320, -0.015951
  0.039342, -0.019102
  0.039365, -0.022257
  0.039388, -0.025416
  0.039410, -0.028578
  0.039433, -0.031744
  0.039456, -0.034913
  0.039478, -0.038086
  0.039501, -0.041262
  0.039524, -0.044443
  0.039546, -0.047627
  0.039569, -0.050814
  0.039592, -0.054005
  0.039615, -0.057200
  0.039637, -0.060398
  0.039660, -0.063600
  0.039683, -0.066806
  0.039705, -0.070015
  0.039728, -0.073228
  0.039751, -0.076444
  0.039773, -0.079520
  0.039796, -0.076387
  0.039819, -0.073250
  0.039841, -0.070110
  0.039864, -0.066966
  0.039887, -0.063819
  0.039909, -0.060668
  0.039932, -0.057513
  0.039955, -0.054355
  0.039977, -0.051193
  0.040000, -0.048027
  0.040023, -0.044858
  0.040045, -0.041685
  0.040068, -0.038509
  0.040091, -0.035329
  0.040113, -0.032145
  0.040136, -0.028958
  0.040159, -0.025767
  0.040181, -0.022573
  0.040204, -0.019375
  0.040227, -0.016173
  0.040249, -0.012967
  0.040272, -0.009758
  0.040295, -0.006546
  0.040317, -0.003330
  0.040340, -0.000110
  0.040363,  0.003114
  0.040385,  0.006341
  0.040408,  0.009571
  0.040431,  0.012806
  0.040454,  0.016044
  0.040476,  0.019285
  0.040499,  0.022530
  0.040522,  0.025779
  0.040544,  0.029032
  0.040567,  0.032288
  0.040590,  0.035547
  0.040612,  0.038810
  0.040635,  0.042077
  0.040658,  0.045348
  0.040680,  0.048622
  0.040703,  0.051900
  0.040726,  0.055181
  0.040748,  0.058466
  0.040771,  0.061755
  0.040794,  0.065047
  0.040816,  0.068343
  0.040839,  0.071642
  0.040862,  0.074945
  0.040884,  0.078252
  0.040907,  0.081562
  0.040930,  0.078933
  0.040952,  0.075706
  0.040975,  0.072476
  0.040998,  0.069242
  0.041020,  0.066004
  0.041043,  0.062763
  0.041066,  0.059518
  0.041088,  0.056269
  0.041111,  0.053017
  0.041134,  0.049761
  0.041156,  0.046502
  0.041179,  0.043239
  0.041202,  0.039972
  0.041224,  0.036702
  0.041247,  0.033428
  0.041270,  0.030150
  0.041293,  0.026869
  0.041315,  0.023584
  0.041338,  0.020296
  0.041361,  0.017004
  0.041383,  0.013708
  0.041406,  0.010409
  0.041429,  0.007106
  0.041451,  0.003799
  0.041474,  0.000489
  0.041497, -0.002824
  0.041519, -0.006142
  0.041542, -0.009463
  0.041565, -0.012787
  0.041587, -0.016116
  0.041610, -0.019447
  0.041633, -0.022783
  0.041655, -0.026122
  0.041678, -0.029465
  0.041701, -0.032811
  0.041723, -0.036161
  0.041746, -0.039515
  0.041769, -0.042872
  0.041791, -0.046233
  0.041814, -0.049597
  0.041837, -0.052965
  0.041859, -0.056337
  0.041882, -0.059712
  0.041905, -0.063091
  0.041927, -0.066473
  0.041950, -0.069859
  0.041973, -0.073249
  0.041995, -0.076643
  0.042018, -0.080040
  0.042041, -0.083440
  0.042063, -0.081500
  0.042086, -0.078183
  0.042109, -0.074862
  0.042132, -0.071538
  0.042154, -0.068210
  0.042177, -0.064878
  0.042200, -0.061543
  0.042222, -0.058204
  0.042245, -0.054862
  0.042268, -0.051515
  0.042290, -0.048166
  0.042313, -0.044812
  0.042336, -0.041455
  0.042358, -0.038095
  0.042381, -0.034731
  0.042404, -0.031363
  0.042426, -0.027991
  0.042449, -0.024616
  0.042472, -0.021238
  0.042494, -0.017855
  0.042517, -0.014469
  0.042540, -0.011080
  0.042562, -0.007687
  0.042585, -0.004290
  0.042608, -0.000889
  0.042630,  0.002515
  0.042653,  0.005922
  0.042676,  0.009334
  0.042698,  0.012749
  0.042721,  0.016167
  0.042744,  0.019589
  0.042766,  0.023015
  0.042789,  0.026444
  0.042812,  0.029877
  0.042834,  0.033314
  0.042857,  0.036754
  0.042880,  0.040198
  0.042902,  0.043645
  0.042925,  0.047097
  0.042948,  0.050551
  0.042971,  0.054010
  0.042993,  0.057472
  0.043016,  0.060937
  0.043039,  0.064406
  0.043061,  0.067879
  0.043084,  0.071356
  0.043107,  0.074836
  0.043129,  0.078319
  0.043152,  0.081807
  0.043175,  0.085297
  0.043197,  0.084088
  0.043220,  0.080680
  0.043243,  0.077269
  0.043265,  0.073855
  0.043288,  0.070436
  0.043311,  0.067014
  0.043333,  0.063589
  0.043356,  0.060160
  0.043379,  0.056727
  0.043401,  0.053290
  0.043424,  0.049850
  0.043447,  0.046407
  0.043469,  0.042960
  0.043492,  0.039509
  0.043515,  0.036054
  0.043537,  0.032596
  0.043560,  0.029134
  0.043583,  0.025669
  0.043605,  0.022200
  0.043628,  0.018727
  0.043651,  0.015251
  0.043673,  0.011771
  0.043696,  0.008288
  0.043719,  0.004801
  0.043741,  0.001310
  0.043764, -0.002184
  0.043787, -0.005682
  0.043810, -0.009184
  0.043832, -0.012689
  0.043855, -0.016198
  0.043878, -0.019710
  0.043900, -0.023226
  0.043923, -0.026746
  0.043946, -0.030269
  0.043968, -0.033796
  0.043991, -0.037327
  0.044014, -0.040861
  0.044036, -0.044399
  0.044059, -0.047940
  0.044082, -0.051485
  0.044104, -0.055034
  0.044127, -0.058586
  0.044150, -0.062142
  0.044172, -0.065701
  0.044195, -0.069264
  0.044218, -0.072831
  0.044240, -0.076401
  0.044263, -0.079975
  0.044286, -0.083553
  0.044308, -0.087134
  0.044331, -0.086696
  0.044354, -0.083198
  0.044376, -0.079697
  0.044399, -0.076192
  0.044422, -0.072683
  0.044444, -0.069171
  0.044467, -0.065655
  0.044490, -0.062136
  0.044512, -0.058613
  0.044535, -0.055086
  0.044558, -0.051556
  0.044580, -0.048022
  0.044603, -0.044484
  0.044626, -0.040943
  0.044649, -0.037398
  0.044671, -0.033850
  0.044694, -0.030298
  0.044717, -0.026742
  0.044739, -0.023183
  0.044762, -0.019620
  0.044785, -0.016053
  0.044807, -0.012483
  0.044830, -0.008909
  0.044853, -0.005332
  0.044875, -0.001751
  0.044898,  0.001833
  0.044921,  0.005422
  0.044943,  0.009014
  0.044966,  0.012609
  0.044989,  0.016208
  0.045011,  0.019811
  0.045034,  0.023417
  0.045057,  0.027027
  0.045079,  0.030641
  0.045102,  0.034258
  0.045125,  0.037879
  0.045147,  0.041503
  0.045170,  0.045131
  0.045193,  0.048763
  0.045215,  0.052398
  0.045238,  0.056037
  0.045261,  0.059680
  0.045283,  0.063326
  0.045306,  0.066976
  0.045329,  0.070629
  0.045351,  0.074286
  0.045374,  0.077947
  0.045397,  0.081611
  0.045420,  0.085279
  0.045442,  0.088950
  0.045465,  0.089325
  0.045488,  0.085737
  0.045510,  0.082145
  0.045533,  0.078550
  0.045556,  0.074951
  0.045578,  0.071348
  0.045601,  0.067742
  0.045624,  0.064132
  0.045646,  0.060519
  0.045669,  0.056902
  0.045692,  0.053282
  0.045714,  0.049657
  0.045737,  0.046029
  0.045760,  0.042398
  0.045782,  0.038763
  0.045805,  0.035124
  0.045828,  0.031482
  0.045850,  0.027836
  0.045873,  0.024186
  0.045896,  0.020533
  0.045918,  0.016876
  0.045941,  0.013216
  0.045964,  0.009552
  0.045986,  0.005884
  0.046009,  0.002213
  0.046032, -0.001462
  0.046054, -0.005141
  0.046077, -0.008823
  0.046100, -0.012508
  0.046122, -0.016198
  0.046145, -0.019891
  0.046168, -0.023588
  0.046190, -0.027288
  0.046213, -0.030992
  0.046236, -0.034699
  0.046259, -0.038410
  0.046281, -0.042125
  0.046304, -0.045843
  0.046327, -0.049565
  0.046349, -0.053291
  0.046372, -0.057020
  0.046395, -0.060753
  0.046417, -0.064489
  0.046440, -0.068229
  0.046463, -0.071973
  0.046485, -0.075720
  0.046508, -0.079471
  0.046531, -0.083226
  0.046553, -0.086984
  0.046576, -0.090746
  0.046599, -0.091974
  0.046621, -0.088296
  0.046644, -0.084614
  0.046667, -0.080928
  0.046689, -0.077239
  0.046712, -0.073546
  0.046735, -0.069850
  0.046757, -0.066150
  0.046780, -0.062446
  0.046803, -0.058739
  0.046825, -0.055028
  0.046848, -0.051313
  0.046871, -0.047595
  0.046893, -0.043873
  0.046916, -0.040148
  0.046939, -0.036419
  0.046961, -0.032686
  0.046984, -0.028950
  0.047007, -0.025210
  0.047029, -0.021467
  0.047052, -0.017720
  0.047075, -0.013969
  0.047098, -0.010215
  0.047120, -0.006457
  0.047143, -0.002695
  0.047166,  0.001070
  0.047188,  0.004839
  0.047211,  0.008611
  0.047234,  0.012387
  0.047256,  0.016167
  0.047279,  0.019950
  0.047302,  0.023737
  0.047324,  0.027528
  0.047347,  0.031322
  0.047370,  0.035120
  0.047392,  0.038921
  0.047415,  0.042726
  0.047438,  0.046535
  0.047460,  0.050347
  0.047483,  0.054163
  0.047506,  0.057982
  0.047528,  0.061806
  0.047551,  0.065632
  0.047574,  0.069463
  0.047596,  0.073297
  0.047619,  0.077134
  0.047642,  0.080975
  0.047664,  0.084820
  0.047687,  0.088669
  0.047710,  0.092521
  0.047732,  0.094644
  0.047755,  0.090875
  0.047778,  0.087103
  0.047800,  0.083327
  0.047823,  0.079548
  0.047846,  0.075765
  0.047868,  0.071978
  0.047891,  0.068188
  0.047914,  0.064394
  0.047937,  0.060596
  0.047959,  0.056795
  0.047982,  0.052990
  0.048005,  0.049182
  0.048027,  0.045370
  0.048050,  0.041554
  0.048073,  0.037735
  0.048095,  0.033912
  0.048118,  0.030085
  0.048141,  0.026255
  0.048163,  0.022421
  0.048186,  0.018584
  0.048209,  0.014743
  0.048231,  0.010898
  0.048254,  0.007050
  0.048277,  0.003198
  0.048299, -0.000657
  0.048322, -0.004517
  0.048345, -0.008379
  0.048367, -0.012246
  0.048390, -0.016116
  0.048413, -0.019989
  0.048435, -0.023866
  0.048458, -0.027747
  0.048481, -0.031632
  0.048503, -0.035520
  0.048526, -0.039411
  0.048549, -0.043307
  0.048571, -0.047206
  0.048594, -0.051108
  0.048617, -0.055014
  0.048639, -0.058924
  0.048662, -0.062838
  0.048685, -0.066755
  0.048707, -0.070675
  0.048730, -0.074600
  0.048753, -0.078527
  0.048776, -0.082459
  0.048798, -0.086394
  0.048821, -0.090333
  0.048844, -0.094275
  0.048866, -0.097334
  0.048889, -0.093475
  0.048912, -0.089613
  0.048934, -0.085747
  0.048957, -0.081877
  0.048980, -0.078004
  0.049002, -0.074127
  0.049025, -0.070246
  0.049048, -0.066362
  0.049070, -0.062474
  0.049093, -0.058582
  0.049116, -0.054687
  0.049138, -0.050789
  0.049161, -0.046886
  0.049184, -0.042980
  0.049206, -0.039071
  0.049229, -0.035157
  0.049252, -0.031241
  0.049274, -0.027320
  0.049297, -0.023396
  0.049320, -0.019468
  0.049342, -0.015537
  0.049365, -0.011602
  0.049388, -0.007664
  0.049410, -0.003721
  0.049433,  0.000224
  0.049456,  0.004174
  0.049478,  0.008127
  0.049501,  0.012083
  0.049524,  0.016044
  0.049546,  0.020008
  0.049569,  0.023975
  0.049592,  0.027946
  0.049615,  0.031921
  0.049637,  0.035899
  0.049660,  0.039881
  0.049683,  0.043867
  0.049705,  0.047856
  0.049728,  0.051849
  0.049751,  0.055845
  0.049773,  0.059845
  0.049796,  0.063849
  0.049819,  0.067856
  0.049841,  0.071867
  0.049864,  0.075882
  0.049887,  0.079900
  0.049909,  0.083922
  0.049932,  0.087947
  0.049955,  0.091976
  0.049977,  0.096009
  0.050000,  0.100045
  0.050023,  0.096096
  0.050045,  0.092143
  0.050068,  0.088187
  0.050091,  0.084227
  0.050113,  0.080263
  0.050136,  0.076296
  0.050159,  0.072325
  0.050181,  0.068350
  0.050204,  0.064372
  0.050227,  0.060390
  0.050249,  0.056405
  0.050272,  0.052416
  0.050295,  0.048423
  0.050317,  0.044427
  0.050340,  0.040427
  0.050363,  0.036424
  0.050385,  0.032417
  0.050408,  0.028406
  0.050431,  0.024392
  0.050454,  0.020374
  0.050476,  0.016352
  0.050499,  0.012327
  0.050522,  0.008298
  0.050544,  0.004266
  0.050567,  0.000229
  0.050590, -0.003810
  0.050612, -0.007854
  0.050635, -0.011901
  0.050658, -0.015951
  0.050680, -0.020005
  0.050703, -0.024063
  0.050726, -0.028124
  0.050748, -0.032189
  0.050771, -0.036258
  0.050794, -0.040330
  0.050816, -0.044406
  0.050839, -0.048486
  0.050862, -0.052569
  0.050884, -0.056656
  0.050907, -0.060746
  0.050930, -0.064840
  0.050952, -0.068938
  0.050975, -0.073039
  0.050998, -0.077144
  0.051020, -0.081252
  0.051043, -0.085364
  0.051066, -0.089480
  0.051088, -0.093599
  0.051111, -0.097722
  0.051134, -0.101849
  0.051156, -0.098737
  0.051179, -0.094694
  0.051202, -0.090648
  0.051224, -0.086597
  0.051247, -0.082543
  0.051270, -0.078486
  0.051293, -0.074424
  0.051315, -0.070360
  0.051338, -0.066291
  0.051361, -0.062219
  0.051383, -0.058143
  0.051406, -0.054064
  0.051429, -0.049981
  0.051451, -0.045895
  0.051474, -0.041804
  0.051497, -0.037711
  0.051519, -0.033613
  0.051542, -0.029512
  0.051565, -0.025408
  0.051587, -0.021299
  0.051610, -0.017187
  0.051633, -0.013072
  0.051655, -0.008953
  0.051678, -0.004830
  0.051701, -0.000704
  0.051723,  0.003426
  0.051746,  0.007560
  0.051769,  0.011697
  0.051791,  0.015838
  0.051814,  0.019982
  0.051837,  0.024131
  0.051859,  0.028282
  0.051882,  0.032438
  0.051905,  0.036596
  0.051927,  0.040759
  0.051950,  0.044925
  0.051973,  0.049095
  0.051995,  0.053268
  0.052018,  0.057446
  0.052041,  0.061626
  0.052063,  0.065810
  0.052086,  0.069998
  0.052109,  0.074190
  0.052132,  0.078385
  0.052154,  0.082584
  0.052177,  0.086786
  0.052200,  0.090992
  0.052222,  0.095202
  0.052245,  0.099415
  0.052268,  0.103632
  0.052290,  0.101399
  0.052313,  0.097266
  0.052336,  0.093129
  0.052358,  0.088988
  0.052381,  0.084844
  0.052404,  0.080696
  0.052426,  0.076545
  0.052449,  0.072389
  0.052472,  0.068231
  0.052494,  0.064068
  0.052517,  0.059902
  0.052540,  0.055733
  0.052562,  0.051560
  0.052585,  0.047383
  0.052608,  0.043202
  0.052630,  0.039018
  0.052653,  0.034830
  0.052676,  0.030639
  0.052698,  0.026444
  0.052721,  0.022246
  0.052744,  0.018043
  0.052766,  0.013838
  0.052789,  0.009628
  0.052812,  0.005415
  0.052834,  0.001199
  0.052857, -0.003022
  0.052880, -0.007246
  0.052902, -0.011473
  0.052925, -0.015704
  0.052948, -0.019939
  0.052971, -0.024177
  0.052993, -0.028419
  0.053016, -0.032665
  0.053039, -0.036914
  0.053061, -0.041167
  0.053084, -0.045424
  0.053107, -0.049684
  0.053129, -0.053947
  0.053152, -0.058215
  0.053175, -0.062486
  0.053197, -0.066760
  0.053220, -0.071038
  0.053243, -0.075320
  0.053265, -0.079606
  0.053288, -0.083895
  0.053311, -0.088187
  0.053333, -0.092484
  0.053356, -0.096784
  0.053379, -0.101087
  0.053401, -0.105394
  0.053424, -0.104082
  0.053447, -0.099858
  0.053469, -0.095631
  0.053492, -0.091400
  0.053515, -0.087165
  0.053537, -0.082927
  0.053560, -0.078685
  0.053583, -0.074440
  0.053605, -0.070191
  0.053628, -0.065938
  0.053651, -0.061682
  0.053673, -0.057422
  0.053696, -0.053158
  0.053719, -0.048891
  0.053741, -0.044621
  0.053764, -0.040346
  0.053787, -0.036068
  0.053810, -0.031787
  0.053832, -0.027501
  0.053855, -0.023213
  0.053878, -0.018920
  0.053900, -0.014624
  0.053923, -0.010324
  0.053946, -0.006021
  0.053968, -0.001714
  0.053991,  0.002597
  0.054014,  0.006911
  0.054036,  0.011229
  0.054059,  0.015550
  0.054082,  0.019875
  0.054104,  0.024204
  0.054127,  0.028536
  0.054150,  0.032872
  0.054172,  0.037211
  0.054195,  0.041555
  0.054218,  0.045901
  0.054240,  0.050252
  0.054263,  0.054606
  0.054286,  0.058963
  0.054308,  0.063325
  0.054331,  0.067690
  0.054354,  0.072058
  0.054376,  0.076430
  0.054399,  0.080806
  0.054422,  0.085185
  0.054444,  0.089568
  0.054467,  0.093955
  0.054490,  0.098345
  0.054512,  0.102739
  0.054535,  0.107136
  0.054558,  0.106785
  0.054580,  0.102471
  0.054603,  0.098153
  0.054626,  0.093832
  0.054649,  0.089507
  0.054671,  0.085179
  0.054694,  0.080846
  0.054717,  0.076511
  0.054739,  0.072171
  0.054762,  0.067829
  0.054785,  0.063482
  0.054807,  0.059132
  0.054830,  0.054778
  0.054853,  0.050421
  0.054875,  0.046060
  0.054898,  0.041695
  0.054921,  0.037327
  0.054943,  0.032955
  0.054966,  0.028579
  0.054989,  0.024200
  0.055011,  0.019817
  0.055034,  0.015431
  0.055057,  0.011041
  0.055079,  0.006647
  0.055102,  0.002250
  0.055125, -0.002151
  0.055147, -0.006555
  0.055170, -0.010963
  0.055193, -0.015375
  0.055215, -0.019791
  0.055238, -0.024209
  0.055261, -0.028632
  0.055283, -0.033058
  0.055306, -0.037488
  0.055329, -0.041922
  0.055351, -0.046359
  0.055374, -0.050799
  0.055397, -0.055244
  0.055420, -0.059691
  0.055442, -0.064143
  0.055465, -0.068598
  0.055488, -0.073057
  0.055510, -0.077519
  0.055533, -0.081985
  0.055556, -0.086455
  0.055578, -0.090928
  0.055601, -0.095405
  0.055624, -0.099886
  0.055646, -0.104370
  0.055669, -0.108858
  0.055692, -0.109508
  0.055714, -0.105104
  0.055737, -0.100696
  0.055760, -0.096285
  0.055782, -0.091869
  0.055805, -0.087451
  0.055828, -0.083028
  0.055850, -0.078602
  0.055873, -0.074173
  0.055896, -0.069739
  0.055918, -0.065303
  0.055941, -0.060862
  0.055964, -0.056418
  0.055986, -0.051970
  0.056009, -0.047519
  0.056032, -0.043064
  0.056054, -0.038605
  0.056077, -0.034143
  0.056100, -0.029677
  0.056122, -0.025208
  0.056145, -0.020735
  0.056168, -0.016258
  0.056190, -0.011778
  0.056213, -0.007294
  0.056236, -0.002807
  0.056259,  0.001685
  0.056281,  0.006179
  0.056304,  0.010678
  0.056327,  0.015180
  0.056349,  0.019685
  0.056372,  0.024195
  0.056395,  0.028708
  0.056417,  0.033224
  0.056440,  0.037744
  0.056463,  0.042268
  0.056485,  0.046795
  0.056508,  0.051326
  0.056531,  0.055861
  0.056553,  0.060399
  0.056576,  0.064941
  0.056599,  0.069486
  0.056621,  0.074035
  0.056644,  0.078588
  0.056667,  0.083144
  0.056689,  0.087704
  0.056712,  0.092268
  0.056735,  0.096835
  0.056757,  0.101406
  0.056780,  0.105980
  0.056803,  0.110558
  0.056825,  0.112252
  0.056848,  0.107758
  0.056871,  0.103260
  0.056893,  0.098758
  0.056916,  0.094252
  0.056939,  0.089743
  0.056961,  0.085231
  0.056984,  0.080714
  0.057007,  0.076194
  0.057029,  0.071671
  0.057052,  0.067144
  0.057075,  0.062613
  0.057098,  0.058079
  0.057120,  0.053541
  0.057143,  0.048999
  0.057166,  0.044454
  0.057188,  0.039905
  0.057211,  0.035352
  0.057234,  0.030796
  0.057256,  0.026237
  0.057279,  0.021673
  0.057302,  0.017106
  0.057324,  0.012536
  0.057347,  0.007961
  0.057370,  0.003384
  0.057392, -0.001198
  0.057415, -0.005783
  0.057438, -0.010372
  0.057460, -0.014964
  0.057483, -0.019560
  0.057506, -0.024159
  0.057528, -0.028762
  0.057551, -0.033369
  0.057574, -0.037980
  0.057596, -0.042594
  0.057619, -0.047211
  0.057642, -0.051833
  0.057664, -0.056457
  0.057687, -0.061086
  0.057710, -0.065718
  0.057732, -0.070354
  0.057755, -0.074993
  0.057778, -0.079636
  0.057800, -0.084283
  0.057823, -0.088933
  0.057846, -0.093587
  0.057868, -0.098244
  0.057891, -0.102905
  0.057914, -0.107570
  0.057937, -0.112238
  0.057959, -0.115017
  0.057982, -0.110432
  0.058005, -0.105844
  0.058027, -0.101252
  0.058050, -0.096656
  0.058073, -0.092057
  0.058095, -0.087454
  0.058118, -0.082847
  0.058141, -0.078237
  0.058163, -0.073623
  0.058186, -0.069006
  0.058209, -0.064385
  0.058231, -0.059760
  0.058254, -0.055132
  0.058277, -0.050500
  0.058299, -0.045864
  0.058322, -0.041225
  0.058345, -0.036582
  0.058367, -0.031936
  0.058390, -0.027286
  0.058413, -0.022632
  0.058435, -0.017975
  0.058458, -0.013314
  0.058481, -0.008649
  0.058503, -0.003981
  0.058526,  0.000690
  0.058549,  0.005366
  0.058571,  0.010045
  0.058594,  0.014727
  0.058617,  0.019414
  0.058639,  0.024103
  0.058662,  0.028797
  0.058685,  0.033494
  0.058707,  0.038195
  0.058730,  0.042899
  0.058753,  0.047607
  0.058776,  0.052318
  0.058798,  0.057034
  0.058821,  0.061752
  0.058844,  0.066475
  0.058866,  0.071201
  0.058889,  0.075930
  0.058912,  0.080664
  0.058934,  0.085401
  0.058957,  0.090141
  0.058980,  0.094885
  0.059002,  0.099633
  0.059025,  0.104384
  0.059048,  0.109139
  0.059070,  0.113898
  0.059093,  0.117802
  0.059116,  0.113127
  0.059138,  0.108448
  0.059161,  0.103766
  0.059184,  0.099080
  0.059206,  0.094390
  0.059229,  0.089697
  0.059252,  0.085000
  0.059274,  0.080300
  0.059297,  0.075596
  0.059320,  0.070888
  0.059342,  0.066177
  0.059365,  0.061462
  0.059388,  0.056743
  0.059410,  0.052021
  0.059433,  0.047295
  0.059456,  0.042566
  0.059478,  0.037832
  0.059501,  0.033096
  0.059524,  0.028355
  0.059546,  0.023612
  0.059569,  0.018864
  0.059592,  0.014113
  0.059615,  0.009358
  0.059637,  0.004600
  0.059660, -0.000162
  0.059683, -0.004928
  0.059705, -0.009697
  0.059728, -0.014470
  0.059751, -0.019247
  0.059773, -0.024027
  0.059796, -0.028811
  0.059819, -0.033598
  0.059841, -0.038389
  0.059864, -0.043184
  0.059887, -0.047982
  0.059909, -0.052784
  0.059932, -0.057589
  0.059955, -0.062398
  0.059977, -0.067211
  0.060000, -0.072027
  0.060023, -0.076847
  0.060045, -0.081671
  0.060068, -0.086498
  0.060091, -0.091329
  0.060113, -0.096163
  0.060136, -0.101001
  0.060159, -0.105843
  0.060181, -0.110688
  0.060204, -0.115537
  0.060227, -0.120390
  0.060249, -0.115843
  0.060272, -0.111074
  0.060295, -0.106301
  0.060317, -0.101525
  0.060340, -0.096745
  0.060363, -0.091961
  0.060385, -0.087174
  0.060408, -0.082383
  0.060431, -0.077589
  0.060454, -0.072791
  0.060476, -0.067989
  0.060499, -0.063184
  0.060522, -0.058375
  0.060544, -0.053563
  0.060567, -0.048746
  0.060590, -0.043927
  0.060612, -0.039103
  0.060635, -0.034276
  0.060658, -0.029446
  0.060680, -0.024612
  0.060703, -0.019774
  0.060726, -0.014932
  0.060748, -0.010087
  0.060771, -0.005238
  0.060794, -0.000386
  0.060816,  0.004470
  0.060839,  0.009329
  0.060862,  0.014193
  0.060884,  0.019059
  0.060907,  0.023930
  0.060930,  0.028804
  0.060952,  0.033681
  0.060975,  0.038563
  0.060998,  0.043448
  0.061020,  0.048336
  0.061043,  0.053228
  0.061066,  0.058124
  0.061088,  0.063023
  0.061111,  0.067926
  0.061134,  0.072833
  0.061156,  0.077743
  0.061179,  0.082657
  0.061202,  0.087575
  0.061224,  0.092496
  0.061247,  0.097420
  0.061270,  0.102349
  0.061293,  0.107281
  0.061315,  0.112216
  0.061338,  0.117156
  0.061361,  0.122098
  0.061383,  0.118579
  0.061406,  0.113719
  0.061429,  0.108856
  0.061451,  0.103990
  0.061474,  0.099120
  0.061497,  0.094246
  0.061519,  0.089368
  0.061542,  0.084487
  0.061565,  0.079603
  0.061587,  0.074714
  0.061610,  0.069822
  0.061633,  0.064927
  0.061655,  0.060028
  0.061678,  0.055125
  0.061701,  0.050218
  0.061723,  0.045308
  0.061746,  0.040395
  0.061769,  0.035478
  0.061791,  0.030557
  0.061814,  0.025632
  0.061837,  0.020704
  0.061859,  0.015772
  0.061882,  0.010837
  0.061905,  0.005898
  0.061927,  0.000955
  0.061950, -0.003991
  0.061973, -0.008941
  0.061995, -0.013894
  0.062018, -0.018851
  0.062041, -0.023812
  0.062063, -0.028776
  0.062086, -0.033744
  0.062109, -0.038716
  0.062132, -0.043691
  0.062154, -0.048670
  0.062177, -0.053652
  0.062200, -0.058638
  0.062222, -0.063628
  0.062245, -0.068621
  0.062268, -0.073618
  0.062290, -0.078619
  0.062313, -0.083623
  0.062336, -0.088631
  0.062358, -0.093642
  0.062381, -0.098657
  0.062404, -0.103676
  0.062426, -0.108698
  0.062449, -0.113724
  0.062472, -0.118753
  0.062494, -0.123787
  0.062517, -0.121335
  0.062540, -0.116386
  0.062562, -0.111433
  0.062585, -0.106476
  0.062608, -0.101515
  0.062630, -0.096551
  0.062653, -0.091583
  0.062676, -0.086612
  0.062698, -0.081637
  0.062721, -0.076658
  0.062744, -0.071676
  0.062766, -0.066690
  0.062789, -0.061701
  0.062812, -0.056708
  0.062834, -0.051711
  0.062857, -0.046711
  0.062880, -0.041707
  0.062902, -0.036699
  0.062925, -0.031688
  0.062948, -0.026673
  0.062971, -0.021655
  0.062993, -0.016633
  0.063016, -0.011607
  0.063039, -0.006578
  0.063061, -0.001545
  0.063084,  0.003492
  0.063107,  0.008532
  0.063129,  0.013576
  0.063152,  0.018623
  0.063175,  0.023674
  0.063197,  0.028729
  0.063220,  0.033787
  0.063243,  0.038849
  0.063265,  0.043914
  0.063288,  0.048983
  0.063311,  0.054056
  0.063333,  0.059132
  0.063356,  0.064212
  0.063379,  0.069296
  0.063401,  0.074383
  0.063424,  0.079474
  0.063447,  0.084568
  0.063469,  0.089666
  0.063492,  0.094768
  0.063515,  0.099873
  0.063537,  0.104982
  0.063560,  0.110095
  0.063583,  0.115211
  0.063605,  0.120331
  0.063628,  0.125454
  0.063651,  0.124113
  0.063673,  0.119073
  0.063696,  0.114029
  0.063719,  0.108982
  0.063741,  0.103931
  0.063764,  0.098877
  0.063787,  0.093819
  0.063810,  0.088757
  0.063832,  0.083692
  0.063855,  0.078623
  0.063878,  0.073550
  0.063900,  0.068474
  0.063923,  0.063395
  0.063946,  0.058311
  0.063968,  0.053224
  0.063991,  0.048134
  0.064014,  0.043039
  0.064036,  0.037941
  0.064059,  0.032840
  0.064082,  0.027735
  0.064104,  0.022626
  0.064127,  0.017514
  0.064150,  0.012398
  0.064172,  0.007278
  0.064195,  0.002155
  0.064218, -0.002972
  0.064240, -0.008102
  0.064263, -0.013236
  0.064286, -0.018374
  0.064308, -0.023515
  0.064331, -0.028660
  0.064354, -0.033809
  0.064376, -0.038961
  0.064399, -0.044116
  0.064422, -0.049276
  0.064444, -0.054439
  0.064467, -0.059606
  0.064490, -0.064776
  0.064512, -0.069950
  0.064535, -0.075127
  0.064558, -0.080308
  0.064580, -0.085493
  0.064603, -0.090681
  0.064626, -0.095873
  0.064649, -0.101069
  0.064671, -0.106268
  0.064694, -0.111471
  0.064717, -0.116677
  0.064739, -0.121887
  0.064762, -0.127101
  0.064785, -0.126911
  0.064807, -0.121780
  0.064830, -0.116646
  0.064853, -0.111509
  0.064875, -0.106368
  0.064898, -0.101223
  0.064921, -0.096075
  0.064943, -0.090923
  0.064966, -0.085767
  0.064989, -0.080608
  0.065011, -0.075445
  0.065034, -0.070279
  0.065057, -0.065109
  0.065079, -0.059935
  0.065102, -0.054758
  0.065125, -0.049577
  0.065147, -0.044392
  0.065170, -0.039204
  0.065193, -0.034013
  0.065215, -0.028817
  0.065238, -0.023618
  0.065261, -0.018416
  0.065283, -0.013209
  0.065306, -0.007999
  0.065329, -0.002786
  0.065351,  0.002431
  0.065374,  0.007652
  0.065397,  0.012876
  0.065420,  0.018104
  0.065442,  0.023336
  0.065465,  0.028571
  0.065488,  0.033810
  0.065510,  0.039052
  0.065533,  0.044298
  0.065556,  0.049548
  0.065578,  0.054801
  0.065601,  0.060058
  0.065624,  0.065319
  0.065646,  0.070583
  0.065669,  0.075851
  0.065692,  0.081122
  0.065714,  0.086397
  0.065737,  0.091676
  0.065760,  0.096958
  0.065782,  0.102244
  0.065805,  0.107533
  0.065828,  0.112827
  0.065850,  0.118123
  0.065873,  0.123424
  0.065896,  0.128728
  0.065918,  0.129729
  0.065941,  0.124508
  0.065964,  0.119284
  0.065986,  0.114056
  0.066009,  0.108825
  0.066032,  0.103590
  0.066054,  0.098351
  0.066077,  0.093109
  0.066100,  0.087863
  0.066122,  0.082614
  0.066145,  0.077361
  0.066168,  0.072104
  0.066190,  0.066844
  0.066213,  0.061580
  0.066236,  0.056312
  0.066259,  0.051041
  0.066281,  0.045766
  0.066304,  0.040488
  0.066327,  0.035206
  0.066349,  0.029920
  0.066372,  0.024631
  0.066395,  0.019338
  0.066417,  0.014041
  0.066440,  0.008741
  0.066463,  0.003437
  0.066485, -0.001870
  0.066508, -0.007181
  0.066531, -0.012496
  0.066553, -0.017814
  0.066576, -0.023136
  0.066599, -0.028461
  0.066621, -0.033790
  0.066644, -0.039123
  0.066667, -0.044460
  0.066689, -0.049800
  0.066712, -0.055143
  0.066735, -0.060490
  0.066757, -0.065841
  0.066780, -0.071196
  0.066803, -0.076554
  0.066825, -0.081915
  0.066848, -0.087281
  0.066871, -0.092650
  0.066893, -0.098022
  0.066916, -0.103398
  0.066939, -0.108778
  0.066961, -0.114162
  0.066984, -0.119549
  0.067007, -0.124939
  0.067029, -0.130334
  0.067052, -0.132568
  0.067075, -0.127257
  0.067098, -0.121943
  0.067120, -0.116625
  0.067143, -0.111303
  0.067166, -0.105978
  0.067188, -0.100649
  0.067211, -0.095316
  0.067234, -0.089980
  0.067256, -0.084640
  0.067279, -0.079297
  0.067302, -0.073950
  0.067324, -0.068599
  0.067347, -0.063245
  0.067370, -0.057887
  0.067392, -0.052526
  0.067415, -0.047160
  0.067438, -0.041792
  0.067460, -0.036419
  0.067483, -0.031043
  0.067506, -0.025664
  0.067528, -0.020281
  0.067551, -0.014894
  0.067574, -0.009503
  0.067596, -0.004109
  0.067619,  0.001288
  0.067642,  0.006690
  0.067664,  0.012095
  0.067687,  0.017503
  0.067710,  0.022915
  0.067732,  0.028331
  0.067755,  0.033751
  0.067778,  0.039174
  0.067800,  0.044600
  0.067823,  0.050031
  0.067846,  0.055464
  0.067868,  0.060902
  0.067891,  0.066343
  0.067914,  0.071788
  0.067937,  0.077236
  0.067959,  0.082688
  0.067982,  0.088144
  0.068005,  0.093603
  0.068027,  0.099066
  0.068050,  0.104532
  0.068073,  0.110002
  0.068095,  0.115476
  0.068118,  0.120953
  0.068141,  0.126434
  0.068163,  0.131919
  0.068186,  0.135427
  0.068209,  0.130026
  0.068231,  0.124622
  0.068254,  0.119213
  0.068277,  0.113801
  0.068299,  0.108386
  0.068322,  0.102966
  0.068345,  0.097544
  0.068367,  0.092117
  0.068390,  0.086687
  0.068413,  0.081253
  0.068435,  0.075816
  0.068458,  0.070375
  0.068481,  0.064931
  0.068503,  0.059482
  0.068526,  0.054031
  0.068549,  0.048575
  0.068571,  0.043116
  0.068594,  0.037654
  0.068617,  0.032187
  0.068639,  0.026718
  0.068662,  0.021244
  0.068685,  0.015767
  0.068707,  0.010286
  0.068730,  0.004802
  0.068753, -0.000686
  0.068776, -0.006178
  0.068798, -0.011673
  0.068821, -0.017172
  0.068844, -0.022674
  0.068866, -0.028180
  0.068889, -0.033690
  0.068912, -0.039203
  0.068934, -0.044720
  0.068957, -0.050241
  0.068980, -0.055765
  0.069002, -0.061293
  0.069025, -0.066824
  0.069048, -0.072359
  0.069070, -0.077898
  0.069093, -0.083440
  0.069116, -0.088986
  0.069138, -0.094536
  0.069161, -0.100089
  0.069184, -0.105646
  0.069206, -0.111206
  0.069229, -0.116770
  0.069252, -0.122338
  0.069274, -0.127909
  0.069297, -0.133484
  0.069320, -0.138307
  0.069342, -0.132816
  0.069365, -0.127321
  0.069388, -0.121822
  0.069410, -0.116320
  0.069433, -0.110814
  0.069456, -0.105305
  0.069478, -0.099792
  0.069501, -0.094275
  0.069524, -0.088755
  0.069546, -0.083231
  0.069569, -0.077703
  0.069592, -0.072172
  0.069615, -0.066637
  0.069637, -0.061098
  0.069660, -0.055556
  0.069683, -0.050011
  0.069705, -0.044461
  0.069728, -0.038908
  0.069751, -0.033352
  0.069773, -0.027792
  0.069796, -0.022228
  0.069819, -0.016661
  0.069841, -0.011090
  0.069864, -0.005515
  0.069887,  0.000063
  0.069909,  0.005645
  0.069932,  0.011231
  0.069955,  0.016820
  0.069977,  0.022413
  0.070000,  0.028009
  0.070023,  0.033609
  0.070045,  0.039213
  0.070068,  0.044820
  0.070091,  0.050431
  0.070113,  0.056045
  0.070136,  0.061663
  0.070159,  0.067285
  0.070181,  0.072910
  0.070204,  0.078539
  0.070227,  0.084172
  0.070249,  0.089808
  0.070272,  0.095448
  0.070295,  0.101091
  0.070317,  0.106738
  0.070340,  0.112389
  0.070363,  0.118043
  0.070385,  0.123701
  0.070408,  0.129363
  0.070431,  0.135028
  0.070454,  0.140697
  0.070476,  0.135626
  0.070499,  0.130041
  0.070522,  0.124452
  0.070544,  0.118860
  0.070567,  0.113263
  0.070590,  0.107664
  0.070612,  0.102060
  0.070635,  0.096453
  0.070658,  0.090843
  0.070680,  0.085228
  0.070703,  0.079610
  0.070726,  0.073989
  0.070748,  0.068364
  0.070771,  0.062735
  0.070794,  0.057103
  0.070816,  0.051467
  0.070839,  0.045827
  0.070862,  0.040184
  0.070884,  0.034537
  0.070907,  0.028887
  0.070930,  0.023232
  0.070952,  0.017575
  0.070975,  0.011913
  0.070998,  0.006249
  0.071020,  0.000580
  0.071043, -0.005092
  0.071066, -0.010768
  0.071088, -0.016447
  0.071111, -0.022131
  0.071134, -0.027817
  0.071156, -0.033507
  0.071179, -0.039201
  0.071202, -0.044899
  0.071224, -0.050600
  0.071247, -0.056305
  0.071270, -0.062013
  0.071293, -0.067725
  0.071315, -0.073441
  0.071338, -0.079160
  0.071361, -0.084883
  0.071383, -0.090609
  0.071406, -0.096339
  0.071429, -0.102073
  0.071451, -0.107811
  0.071474, -0.113552
  0.071497, -0.119296
  0.071519, -0.125044
  0.071542, -0.130796
  0.071565, -0.136552
  0.071587, -0.142311
  0.071610, -0.138457
  0.071633, -0.132782
  0.071655, -0.127102
  0.071678, -0.121420
  0.071701, -0.115733
  0.071723, -0.110043
  0.071746, -0.104349
  0.071769, -0.098652
  0.071791, -0.092951
  0.071814, -0.087247
  0.071837, -0.081538
  0.071859, -0.075827
  0.071882, -0.070111
  0.071905, -0.064392
  0.071927, -0.058670
  0.071950, -0.052943
  0.071973, -0.047213
  0.071995, -0.041480
  0.072018, -0.035743
  0.072041, -0.030002
  0.072063, -0.024258
  0.072086, -0.018510
  0.072109, -0.012758
  0.072132, -0.007003
  0.072154, -0.001244
  0.072177,  0.004519
  0.072200,  0.010285
  0.072222,  0.016054
  0.072245,  0.021828
  0.072268,  0.027605
  0.072290,  0.033385
  0.072313,  0.039169
  0.072336,  0.044957
  0.072358,  0.050749
  0.072381,  0.056544
  0.072404,  0.062342
  0.072426,  0.068145
  0.072449,  0.073951
  0.072472,  0.079760
  0.072494,  0.085573
  0.072517,  0.091390
  0.072540,  0.097211
  0.072562,  0.103035
  0.072585,  0.108862
  0.072608,  0.114693
  0.072630,  0.120528
  0.072653,  0.126367
  0.072676,  0.132209
  0.072698,  0.138055
  0.072721,  0.143904
  0.072744,  0.141309
  0.072766,  0.135543
  0.072789,  0.129773
  0.072812,  0.124000
  0.072834,  0.118224
  0.072857,  0.112443
  0.072880,  0.106659
  0.072902,  0.100872
  0.072925,  0.095080
  0.072948,  0.089285
  0.072971,  0.083487
  0.072993,  0.077685
  0.073016,  0.071879
  0.073039,  0.066070
  0.073061,  0.060257
  0.073084,  0.054440
  0.073107,  0.048620
  0.073129,  0.042796
  0.073152,  0.036969
  0.073175,  0.031138
  0.073197,  0.025303
  0.073220,  0.019465
  0.073243,  0.013623
  0.073265,  0.007778
  0.073288,  0.001928
  0.073311, -0.003924
  0.073333, -0.009781
  0.073356, -0.015641
  0.073379, -0.021504
  0.073401, -0.027372
  0.073424, -0.033243
  0.073447, -0.039117
  0.073469, -0.044995
  0.073492, -0.050877
  0.073515, -0.056762
  0.073537, -0.062651
  0.073560, -0.068544
  0.073583, -0.074440
  0.073605, -0.080340
  0.073628, -0.086243
  0.073651, -0.092150
  0.073673, -0.098061
  0.073696, -0.103975
  0.073719, -0.109893
  0.073741, -0.115815
  0.073764, -0.121740
  0.073787, -0.127669
  0.073810, -0.133601
  0.073832, -0.139537
  0.073855, -0.145477
  0.073878, -0.144181
  0.073900, -0.138325
  0.073923, -0.132465
  0.073946, -0.126601
  0.073968, -0.120734
  0.073991, -0.114864
  0.074014, -0.108989
  0.074036, -0.103112
  0.074059, -0.097230
  0.074082, -0.091345
  0.074104, -0.085456
  0.074127, -0.079564
  0.074150, -0.073668
  0.074172, -0.067768
  0.074195, -0.061865
  0.074218, -0.055958
  0.074240, -0.050048
  0.074263, -0.044133
  0.074286, -0.038216
  0.074308, -0.032294
  0.074331, -0.026369
  0.074354, -0.020441
  0.074376, -0.014509
  0.074399, -0.008573
  0.074422, -0.002633
  0.074444,  0.003310
  0.074467,  0.009256
  0.074490,  0.015207
  0.074512,  0.021161
  0.074535,  0.027118
  0.074558,  0.033079
  0.074580,  0.039044
  0.074603,  0.045012
  0.074626,  0.050984
  0.074649,  0.056960
  0.074671,  0.062939
  0.074694,  0.068922
  0.074717,  0.074909
  0.074739,  0.080899
  0.074762,  0.086893
  0.074785,  0.092890
  0.074807,  0.098891
  0.074830,  0.104895
  0.074853,  0.110904
  0.074875,  0.116916
  0.074898,  0.122931
  0.074921,  0.128950
  0.074943,  0.134973
  0.074966,  0.140999
  0.074989,  0.147029
  0.075011,  0.147073
  0.075034,  0.141127
  0.075057,  0.135177
  0.075079,  0.129223
  0.075102,  0.123266
  0.075125,  0.117305
  0.075147,  0.111340
  0.075170,  0.105372
  0.075193,  0.099400
  0.075215,  0.093425
  0.075238,  0.087446
  0.075261,  0.081463
  0.075283,  0.075477
  0.075306,  0.069487
  0.075329,  0.063493
  0.075351,  0.057496
  0.075374,  0.051496
  0.075397,  0.045491
  0.075420,  0.039483
  0.075442,  0.033471
  0.075465,  0.027456
  0.075488,  0.021437
  0.075510,  0.015415
  0.075533,  0.009389
  0.075556,  0.003359
  0.075578, -0.002674
  0.075601, -0.008711
  0.075624, -0.014752
  0.075646, -0.020796
  0.075669, -0.026844
  0.075692, -0.032895
  0.075714, -0.038950
  0.075737, -0.045009
  0.075760, -0.051071
  0.075782, -0.057137
  0.075805, -0.063207
  0.075828, -0.069280
  0.075850, -0.075357
  0.075873, -0.081437
  0.075896, -0.087521
  0.075918, -0.093609
  0.075941, -0.099700
  0.075964, -0.105795
  0.075986, -0.111894
  0.076009, -0.117996
  0.076032, -0.124102
  0.076054, -0.130211
  0.076077, -0.136324
  0.076100, -0.142440
  0.076122, -0.148561
  0.076145, -0.149987
  0.076168, -0.143950
  0.076190, -0.137910
  0.076213, -0.131866
  0.076236, -0.125818
  0.076259, -0.119767
  0.076281, -0.113712
  0.076304, -0.107653
  0.076327, -0.101591
  0.076349, -0.095525
  0.076372, -0.089456
  0.076395, -0.083383
  0.076417, -0.077307
  0.076440, -0.071226
  0.076463, -0.065143
  0.076485, -0.059055
  0.076508, -0.052964
  0.076531, -0.046869
  0.076553, -0.040771
  0.076576, -0.034669
  0.076599, -0.028564
  0.076621, -0.022454
  0.076644, -0.016342
  0.076667, -0.010225
  0.076689, -0.004105
  0.076712,  0.002018
  0.076735,  0.008146
  0.076757,  0.014277
  0.076780,  0.020411
  0.076803,  0.026549
  0.076825,  0.032691
  0.076848,  0.038836
  0.076871,  0.044985
  0.076893,  0.051138
  0.076916,  0.057294
  0.076939,  0.063454
  0.076961,  0.069617
  0.076984,  0.075784
  0.077007,  0.081955
  0.077029,  0.088129
  0.077052,  0.094307
  0.077075,  0.100489
  0.077098,  0.106674
  0.077120,  0.112863
  0.077143,  0.119055
  0.077166,  0.125251
  0.077188,  0.131451
  0.077211,  0.137654
  0.077234,  0.143861
  0.077256,  0.150072
  0.077279,  0.152920
  0.077302,  0.146793
  0.077324,  0.140663
  0.077347,  0.134528
  0.077370,  0.128390
  0.077392,  0.122249
  0.077415,  0.116104
  0.077438,  0.109955
  0.077460,  0.103803
  0.077483,  0.097647
  0.077506,  0.091487
  0.077528,  0.085324
  0.077551,  0.079157
  0.077574,  0.072986
  0.077596,  0.066812
  0.077619,  0.060634
  0.077642,  0.054453
  0.077664,  0.048268
  0.077687,  0.042080
  0.077710,  0.035887
  0.077732,  0.029692
  0.077755,  0.023492
  0.077778,  0.017289
  0.077800,  0.011082
  0.077823,  0.004872
  0.077846, -0.001342
  0.077868, -0.007560
  0.077891, -0.013781
  0.077914, -0.020005
  0.077937, -0.026234
  0.077959, -0.032466
  0.077982, -0.038702
  0.078005, -0.044941
  0.078027, -0.051184
  0.078050, -0.057430
  0.078073, -0.063680
  0.078095, -0.069934
  0.078118, -0.076192
  0.078141, -0.082452
  0.078163, -0.088717
  0.078186, -0.094985
  0.078209, -0.101257
  0.078231, -0.107533
  0.078254, -0.113812
  0.078277, -0.120094
  0.078299, -0.126381
  0.078322, -0.132671
  0.078345, -0.138964
  0.078367, -0.145262
  0.078390, -0.151562
  0.078413, -0.155875
  0.078435, -0.149657
  0.078458, -0.143436
  0.078481, -0.137212
  0.078503, -0.130984
  0.078526, -0.124752
  0.078549, -0.118516
  0.078571, -0.112277
  0.078594, -0.106035
  0.078617, -0.099788
  0.078639, -0.093538
  0.078662, -0.087285
  0.078685, -0.081028
  0.078707, -0.074767
  0.078730, -0.068502
  0.078753, -0.062234
  0.078776, -0.055963
  0.078798, -0.049688
  0.078821, -0.043409
  0.078844, -0.037126
  0.078866, -0.030840
  0.078889, -0.024550
  0.078912, -0.018257
  0.078934, -0.011960
  0.078957, -0.005659
  0.078980,  0.000645
  0.079002,  0.006953
  0.079025,  0.013264
  0.079048,  0.019579
  0.079070,  0.025898
  0.079093,  0.032220
  0.079116,  0.038546
  0.079138,  0.044876
  0.079161,  0.051209
  0.079184,  0.057546
  0.079206,  0.063886
  0.079229,  0.070230
  0.079252,  0.076578
  0.079274,  0.082929
  0.079297,  0.089284
  0.079320,  0.095643
  0.079342,  0.102005
  0.079365,  0.108371
  0.079388,  0.114740
  0.079410,  0.121113
  0.079433,  0.127490
  0.079456,  0.133870
  0.079478,  0.140254
  0.079501,  0.146641
  0.079524,  0.153032
  0.079546,  0.158850
  0.079569,  0.152542
  0.079592,  0.146231
  0.079615,  0.139916
  0.079637,  0.133597
  0.079660,  0.127275
  0.079683,  0.120950
  0.079705,  0.114620
  0.079728,  0.108287
  0.079751,  0.101951
  0.079773,  0.095610
  0.079796,  0.089267
  0.079819,  0.082919
  0.079841,  0.076568
  0.079864,  0.070213
  0.079887,  0.063855
  0.079909,  0.057493
  0.079932,  0.051127
  0.079955,  0.044758
  0.079977,  0.038385
  0.080000,  0.032009
  0.080023,  0.025629
  0.080045,  0.019245
  0.080068,  0.012858
  0.080091,  0.006467
  0.080113,  0.000073
  0.080136, -0.006325
  0.080159, -0.012727
  0.080181, -0.019133
  0.080204, -0.025542
  0.080227, -0.031954
  0.080249, -0.038370
  0.080272, -0.044790
  0.080295, -0.051214
  0.080317, -0.057641
  0.080340, -0.064072
  0.080363, -0.070506
  0.080385, -0.076944
  0.080408, -0.083385
  0.080431, -0.089831
  0.080454, -0.096279
  0.080476, -0.102732
  0.080499, -0.109188
  0.080522, -0.115648
  0.080544, -0.122111
  0.080567, -0.128578
  0.080590, -0.135048
  0.080612, -0.141523
  0.080635, -0.148000
  0.080658, -0.154482
  0.080680, -0.160967
  0.080703, -0.155447
  0.080726, -0.149046
  0.080748, -0.142640
  0.080771, -0.136232
  0.080794, -0.129819
  0.080816, -0.123403
  0.080839, -0.116984
  0.080862, -0.110560
  0.080884, -0.104133
  0.080907, -0.097703
  0.080930, -0.091269
  0.080952, -0.084831
  0.080975, -0.078390
  0.080998, -0.071945
  0.081020, -0.065496
  0.081043, -0.059044
  0.081066, -0.052588
  0.081088, -0.046128
  0.081111, -0.039665
  0.081134, -0.033199
  0.081156, -0.026728
  0.081179, -0.020254
  0.081202, -0.013777
  0.081224, -0.007296
  0.081247, -0.000811
  0.081270,  0.005678
  0.081293,  0.012170
  0.081315,  0.018665
  0.081338,  0.025165
  0.081361,  0.031667
  0.081383,  0.038174
  0.081406,  0.044684
  0.081429,  0.051198
  0.081451,  0.057715
  0.081474,  0.064236
  0.081497,  0.070761
  0.081519,  0.077289
  0.081542,  0.083821
  0.081565,  0.090357
  0.081587,  0.096896
  0.081610,  0.103438
  0.081633,  0.109985
  0.081655,  0.116535
  0.081678,  0.123088
  0.081701,  0.129645
  0.081723,  0.136206
  0.081746,  0.142771
  0.081769,  0.149339
  0.081791,  0.155911
  0.081814,  0.162486
  0.081837,  0.158373
  0.081859,  0.151881
  0.081882,  0.145386
  0.081905,  0.138887
  0.081927,  0.132384
  0.081950,  0.125877
  0.081973,  0.119368
  0.081995,  0.112854
  0.082018,  0.106337
  0.082041,  0.099816
  0.082063,  0.093292
  0.082086,  0.086764
  0.082109,  0.080232
  0.082132,  0.073697
  0.082154,  0.067158
  0.082177,  0.060615
  0.082200,  0.054069
  0.082222,  0.047519
  0.082245,  0.040966
  0.082268,  0.034409
  0.082290,  0.027848
  0.082313,  0.021284
  0.082336,  0.014716
  0.082358,  0.008145
  0.082381,  0.001570
  0.082404, -0.005009
  0.082426, -0.011591
  0.082449, -0.018177
  0.082472, -0.024767
  0.082494, -0.031360
  0.082517, -0.037957
  0.082540, -0.044557
  0.082562, -0.051162
  0.082585, -0.057769
  0.082608, -0.064380
  0.082630, -0.070995
  0.082653, -0.077614
  0.082676, -0.084236
  0.082698, -0.090862
  0.082721, -0.097491
  0.082744, -0.104124
  0.082766, -0.110761
  0.082789, -0.117401
  0.082812, -0.124045
  0.082834, -0.130693
  0.082857, -0.137344
  0.082880, -0.143998
  0.082902, -0.150657
  0.082925, -0.157319
  0.082948, -0.163984
  0.082971, -0.161319
  0.082993, -0.154737
  0.083016, -0.148151
  0.083039, -0.141562
  0.083061, -0.134969
  0.083084, -0.128372
  0.083107, -0.121772
  0.083129, -0.115168
  0.083152, -0.108561
  0.083175, -0.101950
  0.083197, -0.095335
  0.083220, -0.088717
  0.083243, -0.082095
  0.083265, -0.075469
  0.083288, -0.068840
  0.083311, -0.062207
  0.083333, -0.055571
  0.083356, -0.048931
  0.083379, -0.042287
  0.083401, -0.035640
  0.083424, -0.028989
  0.083447, -0.022334
  0.083469, -0.015676
  0.083492, -0.009014
  0.083515, -0.002349
  0.083537,  0.004320
  0.083560,  0.010993
  0.083583,  0.017669
  0.083605,  0.024349
  0.083628,  0.031032
  0.083651,  0.037719
  0.083673,  0.044410
  0.083696,  0.051105
  0.083719,  0.057803
  0.083741,  0.064504
  0.083764,  0.071209
  0.083787,  0.077918
  0.083810,  0.084631
  0.083832,  0.091347
  0.083855,  0.098066
  0.083878,  0.104790
  0.083900,  0.111517
  0.083923,  0.118247
  0.083946,  0.124981
  0.083968,  0.131719
  0.083991,  0.138461
  0.084014,  0.145206
  0.084036,  0.151954
  0.084059,  0.158706
  0.084082,  0.165462
  0.084104,  0.164286
  0.084127,  0.157614
  0.084150,  0.150938
  0.084172,  0.144258
  0.084195,  0.137575
  0.084218,  0.130888
  0.084240,  0.124197
  0.084263,  0.117503
  0.084286,  0.110805
  0.084308,  0.104104
  0.084331,  0.097399
  0.084354,  0.090690
  0.084376,  0.083978
  0.084399,  0.077262
  0.084422,  0.070543
  0.084444,  0.063820
  0.084467,  0.057093
  0.084490,  0.050363
  0.084512,  0.043629
  0.084535,  0.036891
  0.084558,  0.030150
  0.084580,  0.023405
  0.084603,  0.016657
  0.084626,  0.009904
  0.084649,  0.003149
  0.084671, -0.003611
  0.084694, -0.010373
  0.084717, -0.017140
  0.084739, -0.023910
  0.084762, -0.030684
  0.084785, -0.037461
  0.084807, -0.044242
  0.084830, -0.051027
  0.084853, -0.057815
  0.084875, -0.064607
  0.084898, -0.071403
  0.084921, -0.078202
  0.084943, -0.085005
  0.084966, -0.091811
  0.084989, -0.098621
  0.085011, -0.105434
  0.085034, -0.112252
  0.085057, -0.119073
  0.085079, -0.125897
  0.085102, -0.132725
  0.085125, -0.139557
  0.085147, -0.146392
  0.085170, -0.153231
  0.085193, -0.160074
  0.085215, -0.166920
  0.085238, -0.167274
  0.085261, -0.160511
  0.085283, -0.153744
  0.085306, -0.146975
  0.085329, -0.140201
  0.085351, -0.133424
  0.085374, -0.126643
  0.085397, -0.119858
  0.085420, -0.113070
  0.085442, -0.106279
  0.085465, -0.099483
  0.085488, -0.092685
  0.085510, -0.085882
  0.085533, -0.079076
  0.085556, -0.072266
  0.085578, -0.065453
  0.085601, -0.058636
  0.085624, -0.051815
  0.085646, -0.044991
  0.085669, -0.038163
  0.085692, -0.031331
  0.085714, -0.024496
  0.085737, -0.017658
  0.085760, -0.010815
  0.085782, -0.003969
  0.085805,  0.002880
  0.085828,  0.009734
  0.085850,  0.016590
  0.085873,  0.023451
  0.085896,  0.030315
  0.085918,  0.037183
  0.085941,  0.044054
  0.085964,  0.050929
  0.085986,  0.057807
  0.086009,  0.064690
  0.086032,  0.071575
  0.086054,  0.078465
  0.086077,  0.085358
  0.086100,  0.092255
  0.086122,  0.099155
  0.086145,  0.106059
  0.086168,  0.112966
  0.086190,  0.119877
  0.086213,  0.126792
  0.086236,  0.133710
  0.086259,  0.140632
  0.086281,  0.147558
  0.086304,  0.154487
  0.086327,  0.161420
  0.086349,  0.168357
  0.086372,  0.170282
  0.086395,  0.163429
  0.086417,  0.156572
  0.086440,  0.149712
  0.086463,  0.142848
  0.086485,  0.135980
  0.086508,  0.129109
  0.086531,  0.122234
  0.086553,  0.115356
  0.086576,  0.108474
  0.086599,  0.101589
  0.086621,  0.094699
  0.086644,  0.087807
  0.086667,  0.080910
  0.086689,  0.074010
  0.086712,  0.067106
  0.086735,  0.060199
  0.086757,  0.053288
  0.086780,  0.046374
  0.086803,  0.039455
  0.086825,  0.032534
  0.086848,  0.025608
  0.086871,  0.018679
  0.086893,  0.011746
  0.086916,  0.004810
  0.086939, -0.002130
  0.086961, -0.009073
  0.086984, -0.016020
  0.087007, -0.022971
  0.087029, -0.029925
  0.087052, -0.036883
  0.087075, -0.043845
  0.087098, -0.050810
  0.087120, -0.057779
  0.087143, -0.064752
  0.087166, -0.071728
  0.087188, -0.078707
  0.087211, -0.085691
  0.087234, -0.092678
  0.087256, -0.099668
  0.087279, -0.106662
  0.087302, -0.113660
  0.087324, -0.120662
  0.087347, -0.127667
  0.087370, -0.134675
  0.087392, -0.141688
  0.087415, -0.148703
  0.087438, -0.155723
  0.087460, -0.162746
  0.087483, -0.169773
  0.087506, -0.173310
  0.087528, -0.166367
  0.087551, -0.159420
  0.087574, -0.152469
  0.087596, -0.145515
  0.087619, -0.138557
  0.087642, -0.131596
  0.087664, -0.124631
  0.087687, -0.117662
  0.087710, -0.110690
  0.087732, -0.103714
  0.087755, -0.096735
  0.087778, -0.089752
  0.087800, -0.082765
  0.087823, -0.075774
  0.087846, -0.068780
  0.087868, -0.061783
  0.087891, -0.054782
  0.087914, -0.047777
  0.087937, -0.040768
  0.087959, -0.033756
  0.087982, -0.026741
  0.088005, -0.019721
  0.088027, -0.012698
  0.088050, -0.005672
  0.088073,  0.001358
  0.088095,  0.008392
  0.088118,  0.015430
  0.088141,  0.022471
  0.088163,  0.029515
  0.088186,  0.036564
  0.088209,  0.043615
  0.088231,  0.050671
  0.088254,  0.057730
  0.088277,  0.064793
  0.088299,  0.071859
  0.088322,  0.078929
  0.088345,  0.086003
  0.088367,  0.093080
  0.088390,  0.100161
  0.088413,  0.107245
  0.088435,  0.114334
  0.088458,  0.121425
  0.088481,  0.128521
  0.088503,  0.135620
  0.088526,  0.142722
  0.088549,  0.149828
  0.088571,  0.156938
  0.088594,  0.164052
  0.088617,  0.171169
  0.088639,  0.176359
  0.088662,  0.169326
  0.088685,  0.162288
  0.088707,  0.155248
  0.088730,  0.148203
  0.088753,  0.141155
  0.088776,  0.134103
  0.088798,  0.127048
  0.088821,  0.119989
  0.088844,  0.112927
  0.088866,  0.105860
  0.088889,  0.098791
  0.088912,  0.091717
  0.088934,  0.084640
  0.088957,  0.077560
  0.088980,  0.070475
  0.089002,  0.063387
  0.089025,  0.056296
  0.089048,  0.049201
  0.089070,  0.042102
  0.089093,  0.035000
  0.089116,  0.027894
  0.089138,  0.020784
  0.089161,  0.013671
  0.089184,  0.006554
  0.089206, -0.000567
  0.089229, -0.007691
  0.089252, -0.014818
  0.089274, -0.021950
  0.089297, -0.029085
  0.089320, -0.036223
  0.089342, -0.043365
  0.089365, -0.050511
  0.089388, -0.057661
  0.089410, -0.064814
  0.089433, -0.071970
  0.089456, -0.079131
  0.089478, -0.086295
  0.089501, -0.093462
  0.089524, -0.100633
  0.089546, -0.107808
  0.089569, -0.114986
  0.089592, -0.122168
  0.089615, -0.129354
  0.089637, -0.136543
  0.089660, -0.143736
  0.089683, -0.150933
  0.089705, -0.158133
  0.089728, -0.165336
  0.089751, -0.172544
  0.089773, -0.179429
  0.089796, -0.172305
  0.089819, -0.165178
  0.089841, -0.158046
  0.089864, -0.150912
  0.089887, -0.143773
  0.089909, -0.136631
  0.089932, -0.129486
  0.089955, -0.122337
  0.089977, -0.115184
  0.090000, -0.108027
  0.090023, -0.100867
  0.090045, -0.093703
  0.090068, -0.086536
  0.090091, -0.079365
  0.090113, -0.072191
  0.090136, -0.065012
  0.090159, -0.057831
  0.090181, -0.050645
  0.090204, -0.043456
  0.090227, -0.036263
  0.090249, -0.029067
  0.090272, -0.021867
  0.090295, -0.014664
  0.090317, -0.007457
  0.090340, -0.000246
  0.090363,  0.006968
  0.090385,  0.014186
  0.090408,  0.021408
  0.090431,  0.028633
  0.090454,  0.035862
  0.090476,  0.043095
  0.090499,  0.050331
  0.090522,  0.057571
  0.090544,  0.064814
  0.090567,  0.072061
  0.090590,  0.079311
  0.090612,  0.086566
  0.090635,  0.093823
  0.090658,  0.101085
  0.090680,  0.108350
  0.090703,  0.115619
  0.090726,  0.122891
  0.090748,  0.130167
  0.090771,  0.137446
  0.090794,  0.144730
  0.090816,  0.152016
  0.090839,  0.159307
  0.090862,  0.166601
  0.090884,  0.173898
  0.090907,  0.181200
  0.090930,  0.175305
  0.090952,  0.168087
  0.090975,  0.160866
  0.090998,  0.153641
  0.091020,  0.146412
  0.091043,  0.139180
  0.091066,  0.131944
  0.091088,  0.124704
  0.091111,  0.117461
  0.091134,  0.110215
  0.091156,  0.102964
  0.091179,  0.095710
  0.091202,  0.088453
  0.091224,  0.081191
  0.091247,  0.073927
  0.091270,  0.066658
  0.091293,  0.059386
  0.091315,  0.052110
  0.091338,  0.044831
  0.091361,  0.037548
  0.091383,  0.030261
  0.091406,  0.022971
  0.091429,  0.015677
  0.091451,  0.008380
  0.091474,  0.001079
  0.091497, -0.006226
  0.091519, -0.013534
  0.091542, -0.020846
  0.091565, -0.028162
  0.091587, -0.035481
  0.091610, -0.042803
  0.091633, -0.050130
  0.091655, -0.057460
  0.091678, -0.064793
  0.091701, -0.072131
  0.091723, -0.079472
  0.091746, -0.086816
  0.091769, -0.094164
  0.091791, -0.101516
  0.091814, -0.108871
  0.091837, -0.116230
  0.091859, -0.123593
  0.091882, -0.130959
  0.091905, -0.138329
  0.091927, -0.145702
  0.091950, -0.153079
  0.091973, -0.160460
  0.091995, -0.167844
  0.092018, -0.175232
  0.092041, -0.182624
  0.092063, -0.178326
  0.092086, -0.171018
  0.092109, -0.163706
  0.092132, -0.156390
  0.092154, -0.149072
  0.092177, -0.141749
  0.092200, -0.134423
  0.092222, -0.127093
  0.092245, -0.119760
  0.092268, -0.112422
  0.092290, -0.105082
  0.092313, -0.097738
  0.092336, -0.090390
  0.092358, -0.083038
  0.092381, -0.075683
  0.092404, -0.068324
  0.092426, -0.060962
  0.092449, -0.053596
  0.092472, -0.046226
  0.092494, -0.038853
  0.092517, -0.031476
  0.092540, -0.024096
  0.092562, -0.016711
  0.092585, -0.009324
  0.092608, -0.001932
  0.092630,  0.005463
  0.092653,  0.012861
  0.092676,  0.020263
  0.092698,  0.027669
  0.092721,  0.035079
  0.092744,  0.042492
  0.092766,  0.049908
  0.092789,  0.057329
  0.092812,  0.064753
  0.092834,  0.072180
  0.092857,  0.079611
  0.092880,  0.087046
  0.092902,  0.094484
  0.092925,  0.101926
  0.092948,  0.109372
  0.092971,  0.116821
  0.092993,  0.124274
  0.093016,  0.131731
  0.093039,  0.139191
  0.093061,  0.146655
  0.093084,  0.154122
  0.093107,  0.161593
  0.093129,  0.169068
  0.093152,  0.176546
  0.093175,  0.184028
  0.093197,  0.181367
  0.093220,  0.173968
  0.093243,  0.166566
  0.093265,  0.159161
  0.093288,  0.151751
  0.093311,  0.144339
  0.093333,  0.136922
  0.093356,  0.129502
  0.093379,  0.122078
  0.093401,  0.114651
  0.093424,  0.107220
  0.093447,  0.099785
  0.093469,  0.092347
  0.093492,  0.084905
  0.093515,  0.077460
  0.093537,  0.070011
  0.093560,  0.062558
  0.093583,  0.055102
  0.093605,  0.047642
  0.093628,  0.040179
  0.093651,  0.032711
  0.093673,  0.025241
  0.093696,  0.017766
  0.093719,  0.010288
  0.093741,  0.002807
  0.093764, -0.004679
  0.093787, -0.012168
  0.093810, -0.019660
  0.093832, -0.027156
  0.093855, -0.034656
  0.093878, -0.042159
  0.093900, -0.049666
  0.093923, -0.057177
  0.093946, -0.064691
  0.093968, -0.072209
  0.093991, -0.079730
  0.094014, -0.087255
  0.094036, -0.094784
  0.094059, -0.102316
  0.094082, -0.109852
  0.094104, -0.117392
  0.094127, -0.124935
  0.094150, -0.132482
  0.094172, -0.140032
  0.094195, -0.147586
  0.094218, -0.155144
  0.094240, -0.162705
  0.094263, -0.170270
  0.094286, -0.177839
  0.094308, -0.185411
  0.094331, -0.184428
  0.094354, -0.176940
  0.094376, -0.169447
  0.094399, -0.161952
  0.094422, -0.154452
  0.094444, -0.146949
  0.094467, -0.139442
  0.094490, -0.131932
  0.094512, -0.124418
  0.094535, -0.116900
  0.094558, -0.109379
  0.094580, -0.101854
  0.094603, -0.094325
  0.094626, -0.086793
  0.094649, -0.079258
  0.094671, -0.071718
  0.094694, -0.064175
  0.094717, -0.056629
  0.094739, -0.049079
  0.094762, -0.041525
  0.094785, -0.033967
  0.094807, -0.026406
  0.094830, -0.018841
  0.094853, -0.011273
  0.094875, -0.003701
  0.094898,  0.003874
  0.094921,  0.011453
  0.094943,  0.019036
  0.094966,  0.026623
  0.094989,  0.034213
  0.095011,  0.041806
  0.095034,  0.049404
  0.095057,  0.057004
  0.095079,  0.064609
  0.095102,  0.072217
  0.095125,  0.079829
  0.095147,  0.087444
  0.095170,  0.095063
  0.095193,  0.102686
  0.095215,  0.110312
  0.095238,  0.117942
  0.095261,  0.125575
  0.095283,  0.133212
  0.095306,  0.140853
  0.095329,  0.148497
  0.095351,  0.156145
  0.095374,  0.163797
  0.095397,  0.171452
  0.095420,  0.179111
  0.095442,  0.186773
  0.095465,  0.187511
  0.095488,  0.179932
  0.095510,  0.172349
  0.095533,  0.164763
  0.095556,  0.157173
  0.095578,  0.149580
  0.095601,  0.141983
  0.095624,  0.134382
  0.095646,  0.126778
  0.095669,  0.119170
  0.095692,  0.111558
  0.095714,  0.103943
  0.095737,  0.096324
  0.095760,  0.088702
  0.095782,  0.081076
  0.095805,  0.073446
  0.095828,  0.065813
  0.095850,  0.058176
  0.095873,  0.050536
  0.095896,  0.042891
  0.095918,  0.035244
  0.095941,  0.027592
  0.095964,  0.019937
  0.095986,  0.012279
  0.096009,  0.004616
  0.096032, -0.003049
  0.096054, -0.010719
  0.096077, -0.018392
  0.096100, -0.026069
  0.096122, -0.033749
  0.096145, -0.041433
  0.096168, -0.049120
  0.096190, -0.056812
  0.096213, -0.064506
  0.096236, -0.072205
  0.096259, -0.079907
  0.096281, -0.087612
  0.096304, -0.095322
  0.096327, -0.103035
  0.096349, -0.110751
  0.096372, -0.118471
  0.096395, -0.126195
  0.096417, -0.133922
  0.096440, -0.141653
  0.096463, -0.149388
  0.096485, -0.157126
  0.096508, -0.164868
  0.096531, -0.172614
  0.096553, -0.180363
  0.096576, -0.188115
  0.096599, -0.190613
  0.096621, -0.182944
  0.096644, -0.175271
  0.096667, -0.167595
  0.096689, -0.159915
  0.096712, -0.152231
  0.096735, -0.144544
  0.096757, -0.136853
  0.096780, -0.129158
  0.096803, -0.121460
  0.096825, -0.113758
  0.096848, -0.106053
  0.096871, -0.098344
  0.096893, -0.090631
  0.096916, -0.082915
  0.096939, -0.075195
  0.096961, -0.067471
  0.096984, -0.059744
  0.097007, -0.052013
  0.097029, -0.044279
  0.097052, -0.036541
  0.097075, -0.028799
  0.097098, -0.021054
  0.097120, -0.013305
  0.097143, -0.005552
  0.097166,  0.002204
  0.097188,  0.009964
  0.097211,  0.017727
  0.097234,  0.025494
  0.097256,  0.033265
  0.097279,  0.041039
  0.097302,  0.048817
  0.097324,  0.056598
  0.097347,  0.064383
  0.097370,  0.072172
  0.097392,  0.079964
  0.097415,  0.087760
  0.097438,  0.095560
  0.097460,  0.103363
  0.097483,  0.111170
  0.097506,  0.118980
  0.097528,  0.126794
  0.097551,  0.134612
  0.097574,  0.142433
  0.097596,  0.150258
  0.097619,  0.158087
  0.097642,  0.165919
  0.097664,  0.173755
  0.097687,  0.181594
  0.097710,  0.189437
  0.097732,  0.193737
  0.097755,  0.185977
  0.097778,  0.178214
  0.097800,  0.170447
  0.097823,  0.162677
  0.097846,  0.154903
  0.097868,  0.147125
  0.097891,  0.139344
  0.097914,  0.131559
  0.097937,  0.123771
  0.097959,  0.115979
  0.097982,  0.108183
  0.098005,  0.100383
  0.098027,  0.092580
  0.098050,  0.084774
  0.098073,  0.076964
  0.098095,  0.069150
  0.098118,  0.061332
  0.098141,  0.053511
  0.098163,  0.045687
  0.098186,  0.037858
  0.098209,  0.030026
  0.098231,  0.022191
  0.098254,  0.014352
  0.098277,  0.006509
  0.098299, -0.001338
  0.098322, -0.009188
  0.098345, -0.017041
  0.098367, -0.024899
  0.098390, -0.032760
  0.098413, -0.040624
  0.098435, -0.048492
  0.098458, -0.056364
  0.098481, -0.064239
  0.098503, -0.072118
  0.098526, -0.080001
  0.098549, -0.087887
  0.098571, -0.095777
  0.098594, -0.103671
  0.098617, -0.111568
  0.098639, -0.119468
  0.098662, -0.127373
  0.098685, -0.135281
  0.098707, -0.143192
  0.098730, -0.151108
  0.098753, -0.159026
  0.098776, -0.166949
  0.098798, -0.174875
  0.098821, -0.182805
  0.098844, -0.190738
  0.098866, -0.196881
  0.098889, -0.189031
  0.098912, -0.181178
  0.098934, -0.173320
  0.098957, -0.165460
  0.098980, -0.157595
  0.099002, -0.149728
  0.099025, -0.141856
  0.099048, -0.133981
  0.099070, -0.126102
  0.099093, -0.118220
  0.099116, -0.110334
  0.099138, -0.102444
  0.099161, -0.094551
  0.099184, -0.086654
  0.099206, -0.078753
  0.099229, -0.070849
  0.099252, -0.062941
  0.099274, -0.055030
  0.099297, -0.047115
  0.099320, -0.039196
  0.099342, -0.031274
  0.099365, -0.023348
  0.099388, -0.015419
  0.099410, -0.007486
  0.099433,  0.000451
  0.099456,  0.008391
  0.099478,  0.016335
  0.099501,  0.024283
  0.099524,  0.032234
  0.099546,  0.040189
  0.099569,  0.048147
  0.099592,  0.056109
  0.099615,  0.064075
  0.099637,  0.072044
  0.099660,  0.080017
  0.099683,  0.087994
  0.099705,  0.095974
  0.099728,  0.103958
  0.099751,  0.111945
  0.099773,  0.119936
  0.099796,  0.127931
  0.099819,  0.135929
  0.099841,  0.143931
  0.099864,  0.151936
  0.099887,  0.159945
  0.099909,  0.167958
  0.099932,  0.175975
  0.099955,  0.183995
  0.099977,  0.192018
  0.100000,  0.200045
  0.100023,  0.192105
  0.100045,  0.184161
  0.100068,  0.176214
  0.100091,  0.168263
  0.100113,  0.160309
  0.100136,  0.152350
  0.100159,  0.144388
  0.100181,  0.136423
  0.100204,  0.128454
  0.100227,  0.120481
  0.100249,  0.112505
  0.100272,  0.104525
  0.100295,  0.096541
  0.100317,  0.088554
  0.100340,  0.080563
  0.100363,  0.072569
  0.100385,  0.064571
  0.100408,  0.056569
  0.100431,  0.048564
  0.100454,  0.040555
  0.100476,  0.032542
  0.100499,  0.024526
  0.100522,  0.016507
  0.100544,  0.008483
  0.100567,  0.000456
  0.100590, -0.007574
  0.100612, -0.015609
  0.100635, -0.023647
  0.100658, -0.031688
  0.100680, -0.039733
  0.100703, -0.047782
  0.100726, -0.055834
  0.100748, -0.063890
  0.100771, -0.071950
  0.100794, -0.080013
  0.100816, -0.088080
  0.100839, -0.096150
  0.100862, -0.104224
  0.100884, -0.112302
  0.100907, -0.120383
  0.100930, -0.128468
  0.100952, -0.136557
  0.100975, -0.144649
  0.100998, -0.152745
  0.101020, -0.160844
  0.101043, -0.168947
  0.101066, -0.177054
  0.101088, -0.185164
  0.101111, -0.193278
  0.101134, -0.201395
  0.101156, -0.195200
  0.101179, -0.187166
  0.101202, -0.179128
  0.101224, -0.171087
  0.101247, -0.163042
  0.101270, -0.154994
  0.101293, -0.146941
  0.101315, -0.138886
  0.101338, -0.130826
  0.101361, -0.122763
  0.101383, -0.114697
  0.101406, -0.106626
  0.101429, -0.098553
  0.101451, -0.090475
  0.101474, -0.082394
  0.101497, -0.074309
  0.101519, -0.066221
  0.101542, -0.058129
  0.101565, -0.050033
  0.101587, -0.041934
  0.101610, -0.033831
  0.101633, -0.025725
  0.101655, -0.017615
  0.101678, -0.009501
  0.101701, -0.001384
  0.101723,  0.006737
  0.101746,  0.014861
  0.101769,  0.022990
  0.101791,  0.031121
  0.101814,  0.039257
  0.101837,  0.047396
  0.101859,  0.055538
  0.101882,  0.063685
  0.101905,  0.071835
  0.101927,  0.079988
  0.101950,  0.088145
  0.101973,  0.096306
  0.101995,  0.104470
  0.102018,  0.112638
  0.102041,  0.120810
  0.102063,  0.128985
  0.102086,  0.137164
  0.102109,  0.145346
  0.102132,  0.153532
  0.102154,  0.161722
  0.102177,  0.169915
  0.102200,  0.178112
  0.102222,  0.186313
  0.102245,  0.194517
  0.102268,  0.202725
  0.102290,  0.198315
  0.102313,  0.190191
  0.102336,  0.182063
  0.102358,  0.173932
  0.102381,  0.165796
  0.102404,  0.157658
  0.102426,  0.149515
  0.102449,  0.141369
  0.102472,  0.133219
  0.102494,  0.125066
  0.102517,  0.116909
  0.102540,  0.108749
  0.102562,  0.100585
  0.102585,  0.092417
  0.102608,  0.084245
  0.102630,  0.076070
  0.102653,  0.067892
  0.102676,  0.059709
  0.102698,  0.051524
  0.102721,  0.043334
  0.102744,  0.035141
  0.102766,  0.026944
  0.102789,  0.018744
  0.102812,  0.010540
  0.102834,  0.002332
  0.102857, -0.005879
  0.102880, -0.014094
  0.102902, -0.022312
  0.102925, -0.030534
  0.102948, -0.038760
  0.102971, -0.046989
  0.102993, -0.055222
  0.103016, -0.063459
  0.103039, -0.071699
  0.103061, -0.079943
  0.103084, -0.088190
  0.103107, -0.096441
  0.103129, -0.104696
  0.103152, -0.112954
  0.103175, -0.121216
  0.103197, -0.129481
  0.103220, -0.137750
  0.103243, -0.146023
  0.103265, -0.154300
  0.103288, -0.162580
  0.103311, -0.170863
  0.103333, -0.179150
  0.103356, -0.187441
  0.103379, -0.195736
  0.103401, -0.204034
  0.103424, -0.201451
  0.103447, -0.193237
  0.103469, -0.185018
  0.103492, -0.176797
  0.103515, -0.168571
  0.103537, -0.160342
  0.103560, -0.152109
  0.103583, -0.143873
  0.103605, -0.135633
  0.103628, -0.127389
  0.103651, -0.119142
  0.103673, -0.110891
  0.103696, -0.102637
  0.103719, -0.094379
  0.103741, -0.086117
  0.103764, -0.077852
  0.103787, -0.069583
  0.103810, -0.061310
  0.103832, -0.053034
  0.103855, -0.044755
  0.103878, -0.036471
  0.103900, -0.028184
  0.103923, -0.019893
  0.103946, -0.011599
  0.103968, -0.003301
  0.103991,  0.005000
  0.104014,  0.013305
  0.104036,  0.021614
  0.104059,  0.029926
  0.104082,  0.038242
  0.104104,  0.046562
  0.104127,  0.054885
  0.104150,  0.063212
  0.104172,  0.071543
  0.104195,  0.079877
  0.104218,  0.088214
  0.104240,  0.096556
  0.104263,  0.104901
  0.104286,  0.113249
  0.104308,  0.121601
  0.104331,  0.129957
  0.104354,  0.138317
  0.104376,  0.146680
  0.104399,  0.155046
  0.104422,  0.163416
  0.104444,  0.171790
  0.104467,  0.180168
  0.104490,  0.188549
  0.104512,  0.196934
  0.104535,  0.205322
  0.104558,  0.204608
  0.104580,  0.196303
  0.104603,  0.187994
  0.104626,  0.179682
  0.104649,  0.171366
  0.104671,  0.163047
  0.104694,  0.154724
  0.104717,  0.146397
  0.104739,  0.138067
  0.104762,  0.129733
  0.104785,  0.121396
  0.104807,  0.113055
  0.104830,  0.104710
  0.104853,  0.096362
  0.104875,  0.088010
  0.104898,  0.079654
  0.104921,  0.071295
  0.104943,  0.062932
  0.104966,  0.054566
  0.104989,  0.046195
  0.105011,  0.037822
  0.105034,  0.029444
  0.105057,  0.021064
  0.105079,  0.012679
  0.105102,  0.004291
  0.105125, -0.004101
  0.105147, -0.012496
  0.105170, -0.020895
  0.105193, -0.029298
  0.105215, -0.037704
  0.105238, -0.046114
  0.105261, -0.054528
  0.105283, -0.062945
  0.105306, -0.071366
  0.105329, -0.079790
  0.105351, -0.088218
  0.105374, -0.096650
  0.105397, -0.105085
  0.105420, -0.113524
  0.105442, -0.121966
  0.105465, -0.130412
  0.105488, -0.138862
  0.105510, -0.147315
  0.105533, -0.155772
  0.105556, -0.164233
  0.105578, -0.172697
  0.105601, -0.181165
  0.105624, -0.189636
  0.105646, -0.198111
  0.105669, -0.206590
  0.105692, -0.207785
  0.105714, -0.199390
  0.105737, -0.190991
  0.105760, -0.182588
  0.105782, -0.174182
  0.105805, -0.165773
  0.105828, -0.157359
  0.105850, -0.148942
  0.105873, -0.140522
  0.105896, -0.132098
  0.105918, -0.123670
  0.105941, -0.115239
  0.105964, -0.106804
  0.105986, -0.098365
  0.106009, -0.089923
  0.106032, -0.081477
  0.106054, -0.073027
  0.106077, -0.064574
  0.106100, -0.056117
  0.106122, -0.047657
  0.106145, -0.039193
  0.106168, -0.030725
  0.106190, -0.022254
  0.106213, -0.013779
  0.106236, -0.005301
  0.106259,  0.003181
  0.106281,  0.011667
  0.106304,  0.020156
  0.106327,  0.028649
  0.106349,  0.037146
  0.106372,  0.045646
  0.106395,  0.054150
  0.106417,  0.062657
  0.106440,  0.071168
  0.106463,  0.079683
  0.106485,  0.088201
  0.106508,  0.096723
  0.106531,  0.105249
  0.106553,  0.113778
  0.106576,  0.122310
  0.106599,  0.130847
  0.106621,  0.139387
  0.106644,  0.147930
  0.106667,  0.156478
  0.106689,  0.165029
  0.106712,  0.173583
  0.106735,  0.182141
  0.106757,  0.190703
  0.106780,  0.199268
  0.106803,  0.207837
  0.106825,  0.210983
  0.106848,  0.202497
  0.106871,  0.194008
  0.106893,  0.185515
  0.106916,  0.177019
  0.106939,  0.168519
  0.106961,  0.160015
  0.106984,  0.151508
  0.107007,  0.142997
  0.107029,  0.134483
  0.107052,  0.125965
  0.107075,  0.117443
  0.107098,  0.108918
  0.107120,  0.100389
  0.107143,  0.091856
  0.107166,  0.083320
  0.107188,  0.074780
  0.107211,  0.066237
  0.107234,  0.057690
  0.107256,  0.049139
  0.107279,  0.040585
  0.107302,  0.032027
  0.107324,  0.023465
  0.107347,  0.014900
  0.107370,  0.006332
  0.107392, -0.002241
  0.107415, -0.010817
  0.107438, -0.019396
  0.107460, -0.027980
  0.107483, -0.036567
  0.107506, -0.045157
  0.107528, -0.053751
  0.107551, -0.062349
  0.107574, -0.070950
  0.107596, -0.079555
  0.107619, -0.088164
  0.107642, -0.096776
  0.107664, -0.105392
  0.107687, -0.114011
  0.107710, -0.122634
  0.107732, -0.131261
  0.107755, -0.139891
  0.107778, -0.148525
  0.107800, -0.157163
  0.107823, -0.165804
  0.107846, -0.174449
  0.107868, -0.183097
  0.107891, -0.191749
  0.107914, -0.200405
  0.107937, -0.209064
  0.107959, -0.214201
  0.107982, -0.205625
  0.108005, -0.197046
  0.108027, -0.188463
  0.108050, -0.179876
  0.108073, -0.171286
  0.108095, -0.162692
  0.108118, -0.154094
  0.108141, -0.145493
  0.108163, -0.136888
  0.108186, -0.128280
  0.108209, -0.119668
  0.108231, -0.111052
  0.108254, -0.102433
  0.108277, -0.093810
  0.108299, -0.085184
  0.108322, -0.076554
  0.108345, -0.067920
  0.108367, -0.059283
  0.108390, -0.050642
  0.108413, -0.041997
  0.108435, -0.033349
  0.108458, -0.024697
  0.108481, -0.016042
  0.108503, -0.007383
  0.108526,  0.001280
  0.108549,  0.009946
  0.108571,  0.018616
  0.108594,  0.027290
  0.108617,  0.035967
  0.108639,  0.044648
  0.108662,  0.053332
  0.108685,  0.062020
  0.108707,  0.070712
  0.108730,  0.079407
  0.108753,  0.088106
  0.108776,  0.096808
  0.108798,  0.105514
  0.108821,  0.114224
  0.108844,  0.122937
  0.108866,  0.131654
  0.108889,  0.140375
  0.108912,  0.149099
  0.108934,  0.157827
  0.108957,  0.166558
  0.108980,  0.175293
  0.109002,  0.184032
  0.109025,  0.192774
  0.109048,  0.201520
  0.109070,  0.210270
  0.109093,  0.217440
  0.109116,  0.208773
  0.109138,  0.200104
  0.109161,  0.191430
  0.109184,  0.182753
  0.109206,  0.174073
  0.109229,  0.165389
  0.109252,  0.156701
  0.109274,  0.148010
  0.109297,  0.139314
  0.109320,  0.130616
  0.109342,  0.121914
  0.109365,  0.113208
  0.109388,  0.104498
  0.109410,  0.095785
  0.109433,  0.087068
  0.109456,  0.078348
  0.109478,  0.069624
  0.109501,  0.060896
  0.109524,  0.052165
  0.109546,  0.043430
  0.109569,  0.034692
  0.109592,  0.025950
  0.109615,  0.017204
  0.109637,  0.008455
  0.109660, -0.000298
  0.109683, -0.009055
  0.109705, -0.017815
  0.109728, -0.026579
  0.109751, -0.035346
  0.109773, -0.044118
  0.109796, -0.052892
  0.109819, -0.061671
  0.109841, -0.070452
  0.109864, -0.079238
  0.109887, -0.088027
  0.109909, -0.096820
  0.109932, -0.105616
  0.109955, -0.114416
  0.109977, -0.123220
  0.110000, -0.132027
  0.110023, -0.140838
  0.110045, -0.149653
  0.110068, -0.158471
  0.110091, -0.167292
  0.110113, -0.176118
  0.110136, -0.184947
  0.110159, -0.193779
  0.110181, -0.202616
  0.110204, -0.211455
  0.110227, -0.220299
  0.110249, -0.211942
  0.110272, -0.203183
  0.110295, -0.194419
  0.110317, -0.185652
  0.110340, -0.176881
  0.110363, -0.168106
  0.110385, -0.159328
  0.110408, -0.150547
  0.110431, -0.141761
  0.110454, -0.132972
  0.110476, -0.124180
  0.110499, -0.115383
  0.110522, -0.106584
  0.110544, -0.097780
  0.110567, -0.088973
  0.110590, -0.080163
  0.110612, -0.071348
  0.110635, -0.062530
  0.110658, -0.053709
  0.110680, -0.044884
  0.110703, -0.036055
  0.110726, -0.027222
  0.110748, -0.018386
  0.110771, -0.009547
  0.110794, -0.000704
  0.110816,  0.008143
  0.110839,  0.016994
  0.110862,  0.025848
  0.110884,  0.034706
  0.110907,  0.043567
  0.110930,  0.052432
  0.110952,  0.061301
  0.110975,  0.070173
  0.110998,  0.079049
  0.111020,  0.087928
  0.111043,  0.096811
  0.111066,  0.105698
  0.111088,  0.114588
  0.111111,  0.123482
  0.111134,  0.132380
  0.111156,  0.141281
  0.111179,  0.150185
  0.111202,  0.159094
  0.111224,  0.168006
  0.111247,  0.176922
  0.111270,  0.185841
  0.111293,  0.194764
  0.111315,  0.203690
  0.111338,  0.212620
  0.111361,  0.221554
  0.111383,  0.215132
  0.111406,  0.206282
  0.111429,  0.197428
  0.111451,  0.188570
  0.111474,  0.179709
  0.111497,  0.170844
  0.111519,  0.161976
  0.111542,  0.153104
  0.111565,  0.144228
  0.111587,  0.135349
  0.111610,  0.126466
  0.111633,  0.117580
  0.111655,  0.108690
  0.111678,  0.099796
  0.111701,  0.090899
  0.111723,  0.081998
  0.111746,  0.073093
  0.111769,  0.064185
  0.111791,  0.055273
  0.111814,  0.046358
  0.111837,  0.037439
  0.111859,  0.028516
  0.111882,  0.019590
  0.111905,  0.010660
  0.111927,  0.001726
  0.111950, -0.007211
  0.111973, -0.016152
  0.111995, -0.025096
  0.112018, -0.034044
  0.112041, -0.042996
  0.112063, -0.051951
  0.112086, -0.060910
  0.112109, -0.069872
  0.112132, -0.078839
  0.112154, -0.087808
  0.112177, -0.096782
  0.112200, -0.105759
  0.112222, -0.114739
  0.112245, -0.123723
  0.112268, -0.132711
  0.112290, -0.141703
  0.112313, -0.150698
  0.112336, -0.159697
  0.112358, -0.168699
  0.112381, -0.177705
  0.112404, -0.186714
  0.112426, -0.195728
  0.112449, -0.204744
  0.112472, -0.213765
  0.112494, -0.222789
  0.112517, -0.218342
  0.112540, -0.209402
  0.112562, -0.200458
  0.112585, -0.191510
  0.112608, -0.182558
  0.112630, -0.173603
  0.112653, -0.164645
  0.112676, -0.155682
  0.112698, -0.146716
  0.112721, -0.137747
  0.112744, -0.128774
  0.112766, -0.119797
  0.112789, -0.110816
  0.112812, -0.101832
  0.112834, -0.092845
  0.112857, -0.083854
  0.112880, -0.074859
  0.112902, -0.065860
  0.112925, -0.056858
  0.112948, -0.047852
  0.112971, -0.038843
  0.112993, -0.029830
  0.113016, -0.020813
  0.113039, -0.011793
  0.113061, -0.002769
  0.113084,  0.006258
  0.113107,  0.015289
  0.113129,  0.024324
  0.113152,  0.033362
  0.113175,  0.042404
  0.113197,  0.051450
  0.113220,  0.060499
  0.113243,  0.069552
  0.113265,  0.078608
  0.113288,  0.087668
  0.113311,  0.096732
  0.113333,  0.105799
  0.113356,  0.114870
  0.113379,  0.123944
  0.113401,  0.133022
  0.113424,  0.142104
  0.113447,  0.151190
  0.113469,  0.160279
  0.113492,  0.169371
  0.113515,  0.178467
  0.113537,  0.187567
  0.113560,  0.196671
  0.113583,  0.205778
  0.113605,  0.214889
  0.113628,  0.224003
  0.113651,  0.221573
  0.113673,  0.212542
  0.113696,  0.203508
  0.113719,  0.194470
  0.113741,  0.185428
  0.113764,  0.176383
  0.113787,  0.167334
  0.113810,  0.158281
  0.113832,  0.149225
  0.113855,  0.140165
  0.113878,  0.131101
  0.113900,  0.122034
  0.113923,  0.112964
  0.113946,  0.103889
  0.113968,  0.094812
  0.113991,  0.085730
  0.114014,  0.076645
  0.114036,  0.067556
  0.114059,  0.058464
  0.114082,  0.049368
  0.114104,  0.040268
  0.114127,  0.031165
  0.114150,  0.022058
  0.114172,  0.012947
  0.114195,  0.003833
  0.114218, -0.005285
  0.114240, -0.014406
  0.114263, -0.023531
  0.114286, -0.032660
  0.114308, -0.041792
  0.114331, -0.050928
  0.114354, -0.060067
  0.114376, -0.069210
  0.114399, -0.078357
  0.114422, -0.087507
  0.114444, -0.096661
  0.114467, -0.105819
  0.114490, -0.114980
  0.114512, -0.124145
  0.114535, -0.133313
  0.114558, -0.142485
  0.114580, -0.151661
  0.114603, -0.160840
  0.114626, -0.170023
  0.114649, -0.179210
  0.114671, -0.188400
  0.114694, -0.197593
  0.114717, -0.206791
  0.114739, -0.215992
  0.114762, -0.225196
  0.114785, -0.224824
  0.114807, -0.215703
  0.114830, -0.206578
  0.114853, -0.197450
  0.114875, -0.188318
  0.114898, -0.179182
  0.114921, -0.170043
  0.114943, -0.160900
  0.114966, -0.151754
  0.114989, -0.142604
  0.115011, -0.133450
  0.115034, -0.124293
  0.115057, -0.115132
  0.115079, -0.105967
  0.115102, -0.096799
  0.115125, -0.087627
  0.115147, -0.078451
  0.115170, -0.069272
  0.115193, -0.060090
  0.115215, -0.050903
  0.115238, -0.041713
  0.115261, -0.032520
  0.115283, -0.023323
  0.115306, -0.014122
  0.115329, -0.004917
  0.115351,  0.004291
  0.115374,  0.013502
  0.115397,  0.022717
  0.115420,  0.031936
  0.115442,  0.041159
  0.115465,  0.050385
  0.115488,  0.059615
  0.115510,  0.068848
  0.115533,  0.078085
  0.115556,  0.087326
  0.115578,  0.096570
  0.115601,  0.105818
  0.115624,  0.115069
  0.115646,  0.124324
  0.115669,  0.133583
  0.115692,  0.142845
  0.115714,  0.152111
  0.115737,  0.161381
  0.115760,  0.170654
  0.115782,  0.179931
  0.115805,  0.189211
  0.115828,  0.198496
  0.115850,  0.207783
  0.115873,  0.217074
  0.115896,  0.226369
  0.115918,  0.228096
  0.115941,  0.218885
  0.115964,  0.209670
  0.115986,  0.200451
  0.116009,  0.191229
  0.116032,  0.182003
  0.116054,  0.172773
  0.116077,  0.163540
  0.116100,  0.154303
  0.116122,  0.145063
  0.116145,  0.135819
  0.116168,  0.126571
  0.116190,  0.117320
  0.116213,  0.108065
  0.116236,  0.098807
  0.116259,  0.089544
  0.116281,  0.080279
  0.116304,  0.071009
  0.116327,  0.061736
  0.116349,  0.052460
  0.116372,  0.043179
  0.116395,  0.033896
  0.116417,  0.024608
  0.116440,  0.015317
  0.116463,  0.006022
  0.116485, -0.003276
  0.116508, -0.012578
  0.116531, -0.021883
  0.116553, -0.031193
  0.116576, -0.040505
  0.116599, -0.049822
  0.116621, -0.059142
  0.116644, -0.068466
  0.116667, -0.077793
  0.116689, -0.087124
  0.116712, -0.096458
  0.116735, -0.105796
  0.116757, -0.115138
  0.116780, -0.124484
  0.116803, -0.133833
  0.116825, -0.143185
  0.116848, -0.152542
  0.116871, -0.161901
  0.116893, -0.171265
  0.116916, -0.180632
  0.116939, -0.190003
  0.116961, -0.199377
  0.116984, -0.208755
  0.117007, -0.218137
  0.117029, -0.227522
  0.117052, -0.231389
  0.117075, -0.222087
  0.117098, -0.212782
  0.117120, -0.203473
  0.117143, -0.194160
  0.117166, -0.184844
  0.117188, -0.175524
  0.117211, -0.166201
  0.117234, -0.156873
  0.117256, -0.147543
  0.117279, -0.138208
  0.117302, -0.128870
  0.117324, -0.119529
  0.117347, -0.110184
  0.117370, -0.100835
  0.117392, -0.091482
  0.117415, -0.082126
  0.117438, -0.072767
  0.117460, -0.063404
  0.117483, -0.054037
  0.117506, -0.044666
  0.117528, -0.035292
  0.117551, -0.025914
  0.117574, -0.016533
  0.117596, -0.007148
  0.117619,  0.002241
  0.117642,  0.011633
  0.117664,  0.021029
  0.117687,  0.030428
  0.117710,  0.039831
  0.117732,  0.049238
  0.117755,  0.058649
  0.117778,  0.068062
  0.117800,  0.077480
  0.117823,  0.086901
  0.117846,  0.096326
  0.117868,  0.105755
  0.117891,  0.115187
  0.117914,  0.124622
  0.117937,  0.134062
  0.117959,  0.143504
  0.117982,  0.152951
  0.118005,  0.162401
  0.118027,  0.171855
  0.118050,  0.181312
  0.118073,  0.190773
  0.118095,  0.200238
  0.118118,  0.209706
  0.118141,  0.219178
  0.118163,  0.228654
  0.118186,  0.234702
  0.118209,  0.225310
  0.118231,  0.215914
  0.118254,  0.206515
  0.118277,  0.197112
  0.118299,  0.187705
  0.118322,  0.178295
  0.118345,  0.168881
  0.118367,  0.159464
  0.118390,  0.150043
  0.118413,  0.140619
  0.118435,  0.131190
  0.118458,  0.121758
  0.118481,  0.112323
  0.118503,  0.102884
  0.118526,  0.093441
  0.118549,  0.083995
  0.118571,  0.074545
  0.118594,  0.065091
  0.118617,  0.055634
  0.118639,  0.046173
  0.118662,  0.036709
  0.118685,  0.027241
  0.118707,  0.017769
  0.118730,  0.008294
  0.118753, -0.001185
  0.118776, -0.010668
  0.118798, -0.020154
  0.118821, -0.029644
  0.118844, -0.039137
  0.118866, -0.048634
  0.118889, -0.058135
  0.118912, -0.067639
  0.118934, -0.077147
  0.118957, -0.086658
  0.118980, -0.096173
  0.119002, -0.105692
  0.119025, -0.115214
  0.119048, -0.124740
  0.119070, -0.134270
  0.119093, -0.143803
  0.119116, -0.153340
  0.119138, -0.162880
  0.119161, -0.172424
  0.119184, -0.181972
  0.119206, -0.191523
  0.119229, -0.201078
  0.119252, -0.210637
  0.119274, -0.220199
  0.119297, -0.229765
  0.119320, -0.238035
  0.119342, -0.228553
  0.119365, -0.219067
  0.119388, -0.209577
  0.119410, -0.200084
  0.119433, -0.190588
  0.119456, -0.181087
  0.119478, -0.171583
  0.119501, -0.162075
  0.119524, -0.152564
  0.119546, -0.143049
  0.119569, -0.133531
  0.119592, -0.124009
  0.119615, -0.114483
  0.119637, -0.104953
  0.119660, -0.095420
  0.119683, -0.085884
  0.119705, -0.076343
  0.119728, -0.066800
  0.119751, -0.057252
  0.119773, -0.047701
  0.119796, -0.038146
  0.119819, -0.028588
  0.119841, -0.019026
  0.119864, -0.009460
  0.119887,  0.000109
  0.119909,  0.009682
  0.119932,  0.019258
  0.119955,  0.028838
  0.119977,  0.038422
  0.120000,  0.048009
  0.120023,  0.057600
  0.120045,  0.067195
  0.120068,  0.076793
  0.120091,  0.086394
  0.120113,  0.096000
  0.120136,  0.105609
  0.120159,  0.115222
  0.120181,  0.124838
  0.120204,  0.134458
  0.120227,  0.144081
  0.120249,  0.153708
  0.120272,  0.163339
  0.120295,  0.172973
  0.120317,  0.182611
  0.120340,  0.192253
  0.120363,  0.201898
  0.120385,  0.211547
  0.120408,  0.221200
  0.120431,  0.230856
  0.120454,  0.240515
  0.120476,  0.231817
  0.120499,  0.222241
  0.120522,  0.212661
  0.120544,  0.203077
  0.120567,  0.193490
  0.120590,  0.183899
  0.120612,  0.174305
  0.120635,  0.164707
  0.120658,  0.155106
  0.120680,  0.145500
  0.120703,  0.135892
  0.120726,  0.126279
  0.120748,  0.116663
  0.120771,  0.107043
  0.120794,  0.097420
  0.120816,  0.087793
  0.120839,  0.078163
  0.120862,  0.068529
  0.120884,  0.058891
  0.120907,  0.049249
  0.120930,  0.039604
  0.120952,  0.029956
  0.120975,  0.020303
  0.120998,  0.010648
  0.121020,  0.000988
  0.121043, -0.008675
  0.121066, -0.018342
  0.121088, -0.028012
  0.121111, -0.037686
  0.121134, -0.047364
  0.121156, -0.057045
  0.121179, -0.066730
  0.121202, -0.076418
  0.121224, -0.086110
  0.121247, -0.095806
  0.121270, -0.105505
  0.121293, -0.115208
  0.121315, -0.124915
  0.121338, -0.134625
  0.121361, -0.144339
  0.121383, -0.154056
  0.121406, -0.163777
  0.121429, -0.173502
  0.121451, -0.183230
  0.121474, -0.192962
  0.121497, -0.202697
  0.121519, -0.212437
  0.121542, -0.222179
  0.121565, -0.231926
  0.121587, -0.241676
  0.121610, -0.235101
  0.121633, -0.225435
  0.121655, -0.215765
  0.121678, -0.206091
  0.121701, -0.196413
  0.121723, -0.186732
  0.121746, -0.177048
  0.121769, -0.167360
  0.121791, -0.157668
  0.121814, -0.147972
  0.121837, -0.138273
  0.121859, -0.128570
  0.121882, -0.118864
  0.121905, -0.109154
  0.121927, -0.099441
  0.121950, -0.089723
  0.121973, -0.080002
  0.121995, -0.070278
  0.122018, -0.060550
  0.122041, -0.050818
  0.122063, -0.041083
  0.122086, -0.031344
  0.122109, -0.021601
  0.122132, -0.011855
  0.122154, -0.002106
  0.122177,  0.007648
  0.122200,  0.017405
  0.122222,  0.027166
  0.122245,  0.036930
  0.122268,  0.046698
  0.122290,  0.056469
  0.122313,  0.066244
  0.122336,  0.076023
  0.122358,  0.085805
  0.122381,  0.095591
  0.122404,  0.105381
  0.122426,  0.115174
  0.122449,  0.124971
  0.122472,  0.134772
  0.122494,  0.144576
  0.122517,  0.154383
  0.122540,  0.164195
  0.122562,  0.174010
  0.122585,  0.183828
  0.122608,  0.193650
  0.122630,  0.203476
  0.122653,  0.213306
  0.122676,  0.223139
  0.122698,  0.232975
  0.122721,  0.242816
  0.122744,  0.238406
  0.122766,  0.228649
  0.122789,  0.218889
  0.122812,  0.209125
  0.122834,  0.199357
  0.122857,  0.189586
  0.122880,  0.179811
  0.122902,  0.170033
  0.122925,  0.160250
  0.122948,  0.150465
  0.122971,  0.140675
  0.122993,  0.130882
  0.123016,  0.121086
  0.123039,  0.111285
  0.123061,  0.101481
  0.123084,  0.091674
  0.123107,  0.081863
  0.123129,  0.072048
  0.123152,  0.062230
  0.123175,  0.052408
  0.123197,  0.042582
  0.123220,  0.032753
  0.123243,  0.022920
  0.123265,  0.013084
  0.123288,  0.003244
  0.123311, -0.006600
  0.123333, -0.016447
  0.123356, -0.026298
  0.123379, -0.036153
  0.123401, -0.046011
  0.123424, -0.055873
  0.123447, -0.065738
  0.123469, -0.075607
  0.123492, -0.085480
  0.123515, -0.095356
  0.123537, -0.105236
  0.123560, -0.115120
  0.123583, -0.125007
  0.123605, -0.134898
  0.123628, -0.144792
  0.123651, -0.154690
  0.123673, -0.164592
  0.123696, -0.174497
  0.123719, -0.184406
  0.123741, -0.194318
  0.123764, -0.204234
  0.123787, -0.214154
  0.123810, -0.224077
  0.123832, -0.234004
  0.123855, -0.243935
  0.123878, -0.241732
  0.123900, -0.231885
  0.123923, -0.222034
  0.123946, -0.212180
  0.123968, -0.202322
  0.123991, -0.192460
  0.124014, -0.182595
  0.124036, -0.172726
  0.124059, -0.162854
  0.124082, -0.152978
  0.124104, -0.143098
  0.124127, -0.133215
  0.124150, -0.123328
  0.124172, -0.113437
  0.124195, -0.103543
  0.124218, -0.093645
  0.124240, -0.083744
  0.124263, -0.073839
  0.124286, -0.063930
  0.124308, -0.054018
  0.124331, -0.044102
  0.124354, -0.034182
  0.124376, -0.024259
  0.124399, -0.014332
  0.124422, -0.004402
  0.124444,  0.005532
  0.124467,  0.015469
  0.124490,  0.025411
  0.124512,  0.035356
  0.124535,  0.045304
  0.124558,  0.055256
  0.124580,  0.065212
  0.124603,  0.075171
  0.124626,  0.085134
  0.124649,  0.095101
  0.124671,  0.105071
  0.124694,  0.115045
  0.124717,  0.125022
  0.124739,  0.135003
  0.124762,  0.144988
  0.124785,  0.154976
  0.124807,  0.164968
  0.124830,  0.174964
  0.124853,  0.184963
  0.124875,  0.194965
  0.124898,  0.204972
  0.124921,  0.214982
  0.124943,  0.224995
  0.124966,  0.235013
  0.124989,  0.245034
  0.125011,  0.245078
  0.125034,  0.235141
  0.125057,  0.225200
  0.125079,  0.215255
  0.125102,  0.205307
  0.125125,  0.195355
  0.125147,  0.185399
  0.125170,  0.175440
  0.125193,  0.165477
  0.125215,  0.155511
  0.125238,  0.145541
  0.125261,  0.135567
  0.125283,  0.125590
  0.125306,  0.115609
  0.125329,  0.105625
  0.125351,  0.095637
  0.125374,  0.085645
  0.125397,  0.075650
  0.125420,  0.065651
  0.125442,  0.055648
  0.125465,  0.045642
  0.125488,  0.035632
  0.125510,  0.025619
  0.125533,  0.015602
  0.125556,  0.005581
  0.125578, -0.004443
  0.125601, -0.014471
  0.125624, -0.024502
  0.125646, -0.034538
  0.125669, -0.044576
  0.125692, -0.054619
  0.125714, -0.064665
  0.125737, -0.074714
  0.125760, -0.084768
  0.125782, -0.094824
  0.125805, -0.104885
  0.125828, -0.114949
  0.125850, -0.125017
  0.125873, -0.135088
  0.125896, -0.145163
  0.125918, -0.155242
  0.125941, -0.165324
  0.125964, -0.175410
  0.125986, -0.185499
  0.126009, -0.195592
  0.126032, -0.205689
  0.126054, -0.215789
  0.126077, -0.225893
  0.126100, -0.236001
  0.126122, -0.246112
  0.126145, -0.248445
  0.126168, -0.238417
  0.126190, -0.228386
  0.126213, -0.218351
  0.126236, -0.208312
  0.126259, -0.198270
  0.126281, -0.188224
  0.126304, -0.178175
  0.126327, -0.168122
  0.126349, -0.158065
  0.126372, -0.148005
  0.126395, -0.137941
  0.126417, -0.127873
  0.126440, -0.117802
  0.126463, -0.107728
  0.126485, -0.097649
  0.126508, -0.087567
  0.126531, -0.077482
  0.126553, -0.067392
  0.126576, -0.057300
  0.126599, -0.047203
  0.126621, -0.037103
  0.126644, -0.026999
  0.126667, -0.016892
  0.126689, -0.006781
  0.126712,  0.003334
  0.126735,  0.013452
  0.126757,  0.023574
  0.126780,  0.033699
  0.126803,  0.043828
  0.126825,  0.053961
  0.126848,  0.064097
  0.126871,  0.074237
  0.126893,  0.084380
  0.126916,  0.094528
  0.126939,  0.104678
  0.126961,  0.114833
  0.126984,  0.124991
  0.127007,  0.135152
  0.127029,  0.145318
  0.127052,  0.155487
  0.127075,  0.165659
  0.127098,  0.175835
  0.127120,  0.186015
  0.127143,  0.196198
  0.127166,  0.206385
  0.127188,  0.216576
  0.127211,  0.226770
  0.127234,  0.236968
  0.127256,  0.247169
  0.127279,  0.251832
  0.127302,  0.241714
  0.127324,  0.231592
  0.127347,  0.221467
  0.127370,  0.211338
  0.127392,  0.201206
  0.127415,  0.191070
  0.127438,  0.180930
  0.127460,  0.170787
  0.127483,  0.160640
  0.127506,  0.150489
  0.127528,  0.140335
  0.127551,  0.130177
  0.127574,  0.120016
  0.127596,  0.109851
  0.127619,  0.099682
  0.127642,  0.089510
  0.127664,  0.079334
  0.127687,  0.069154
  0.127710,  0.058971
  0.127732,  0.048784
  0.127755,  0.038594
  0.127778,  0.028400
  0.127800,  0.018202
  0.127823,  0.008001
  0.127846, -0.002204
  0.127868, -0.012412
  0.127891, -0.022624
  0.127914, -0.032840
  0.127937, -0.043059
  0.127959, -0.053282
  0.127982, -0.063509
  0.128005, -0.073739
  0.128027, -0.083973
  0.128050, -0.094210
  0.128073, -0.104451
  0.128095, -0.114696
  0.128118, -0.124944
  0.128141, -0.135196
  0.128163, -0.145452
  0.128186, -0.155711
  0.128209, -0.165974
  0.128231, -0.176240
  0.128254, -0.186510
  0.128277, -0.196784
  0.128299, -0.207061
  0.128322, -0.217342
  0.128345, -0.227626
  0.128367, -0.237915
  0.128390, -0.248206
  0.128413, -0.255240
  0.128435, -0.245032
  0.128458, -0.234820
  0.128481, -0.224604
  0.128503, -0.214385
  0.128526, -0.204162
  0.128549, -0.193936
  0.128571, -0.183706
  0.128594, -0.173472
  0.128617, -0.163235
  0.128639, -0.152994
  0.128662, -0.142750
  0.128685, -0.132502
  0.128707, -0.122250
  0.128730, -0.111995
  0.128753, -0.101736
  0.128776, -0.091473
  0.128798, -0.081207
  0.128821, -0.070937
  0.128844, -0.060664
  0.128866, -0.050386
  0.128889, -0.040106
  0.128912, -0.029822
  0.128934, -0.019534
  0.128957, -0.009242
  0.128980,  0.001053
  0.129002,  0.011352
  0.129025,  0.021654
  0.129048,  0.031960
  0.129070,  0.042270
  0.129093,  0.052583
  0.129116,  0.062900
  0.129138,  0.073221
  0.129161,  0.083545
  0.129184,  0.093872
  0.129206,  0.104204
  0.129229,  0.114539
  0.129252,  0.124877
  0.129274,  0.135220
  0.129297,  0.145565
  0.129320,  0.155915
  0.129342,  0.166268
  0.129365,  0.176625
  0.129388,  0.186985
  0.129410,  0.197349
  0.129433,  0.207716
  0.129456,  0.218088
  0.129478,  0.228462
  0.129501,  0.238841
  0.129524,  0.249223
  0.129546,  0.258668
  0.129569,  0.248370
  0.129592,  0.238067
  0.129615,  0.227762
  0.129637,  0.217452
  0.129660,  0.207139
  0.129683,  0.196823
  0.129705,  0.186502
  0.129728,  0.176178
  0.129751,  0.165851
  0.129773,  0.155520
  0.129796,  0.145185
  0.129819,  0.134846
  0.129841,  0.124504
  0.129864,  0.114159
  0.129887,  0.103810
  0.129909,  0.093457
  0.129932,  0.083100
  0.129955,  0.072740
  0.129977,  0.062376
  0.130000,  0.052009
  0.130023,  0.041638
  0.130045,  0.031264
  0.130068,  0.020885
  0.130091,  0.010503
  0.130113,  0.000118
  0.130136, -0.010271
  0.130159, -0.020664
  0.130181, -0.031060
  0.130204, -0.041460
  0.130227, -0.051863
  0.130249, -0.062271
  0.130272, -0.072681
  0.130295, -0.083096
  0.130317, -0.093514
  0.130340, -0.103936
  0.130363, -0.114361
  0.130385, -0.124790
  0.130408, -0.135222
  0.130431, -0.145658
  0.130454, -0.156098
  0.130476, -0.166541
  0.130499, -0.176988
  0.130522, -0.187439
  0.130544, -0.197893
  0.130567, -0.208351
  0.130590, -0.218813
  0.130612, -0.229278
  0.130635, -0.239746
  0.130658, -0.250219
  0.130680, -0.260695
  0.130703, -0.251728
  0.130726, -0.241336
  0.130748, -0.230940
  0.130771, -0.220540
  0.130794, -0.210137
  0.130816, -0.199730
  0.130839, -0.189319
  0.130862, -0.178905
  0.130884, -0.168487
  0.130907, -0.158066
  0.130930, -0.147641
  0.130952, -0.137212
  0.130975, -0.126780
  0.130998, -0.116344
  0.131020, -0.105904
  0.131043, -0.095461
  0.131066, -0.085014
  0.131088, -0.074564
  0.131111, -0.064110
  0.131134, -0.053652
  0.131156, -0.043191
  0.131179, -0.032726
  0.131202, -0.022258
  0.131224, -0.011785
  0.131247, -0.001310
  0.131270,  0.009170
  0.131293,  0.019653
  0.131315,  0.030139
  0.131338,  0.040629
  0.131361,  0.051123
  0.131383,  0.061621
  0.131406,  0.072122
  0.131429,  0.082626
  0.131451,  0.093135
  0.131474,  0.103647
  0.131497,  0.114162
  0.131519,  0.124681
  0.131542,  0.135204
  0.131565,  0.145731
  0.131587,  0.156261
  0.131610,  0.166794
  0.131633,  0.177332
  0.131655,  0.187873
  0.131678,  0.198417
  0.131701,  0.208965
  0.131723,  0.219517
  0.131746,  0.230072
  0.131769,  0.240631
  0.131791,  0.251194
  0.131814,  0.261760
  0.131837,  0.255108
  0.131859,  0.244625
  0.131882,  0.234138
  0.131905,  0.223648
  0.131927,  0.213155
  0.131950,  0.202658
  0.131973,  0.192157
  0.131995,  0.181652
  0.132018,  0.171144
  0.132041,  0.160632
  0.132063,  0.150117
  0.132086,  0.139598
  0.132109,  0.129075
  0.132132,  0.118549
  0.132154,  0.108019
  0.132177,  0.097486
  0.132200,  0.086949
  0.132222,  0.076408
  0.132245,  0.065864
  0.132268,  0.055316
  0.132290,  0.044764
  0.132313,  0.034209
  0.132336,  0.023650
  0.132358,  0.013088
  0.132381,  0.002522
  0.132404, -0.008048
  0.132426, -0.018621
  0.132449, -0.029198
  0.132472, -0.039778
  0.132494, -0.050362
  0.132517, -0.060950
  0.132540, -0.071542
  0.132562, -0.082137
  0.132585, -0.092735
  0.132608, -0.103337
  0.132630, -0.113943
  0.132653, -0.124553
  0.132676, -0.135166
  0.132698, -0.145783
  0.132721, -0.156403
  0.132744, -0.167027
  0.132766, -0.177654
  0.132789, -0.188286
  0.132812, -0.198920
  0.132834, -0.209559
  0.132857, -0.220201
  0.132880, -0.230847
  0.132902, -0.241496
  0.132925, -0.252149
  0.132948, -0.262805
  0.132971, -0.258507
  0.132993, -0.247934
  0.133016, -0.237358
  0.133039, -0.226777
  0.133061, -0.216193
  0.133084, -0.205606
  0.133107, -0.195015
  0.133129, -0.184420
  0.133152, -0.173822
  0.133175, -0.163220
  0.133197, -0.152614
  0.133220, -0.142005
  0.133243, -0.131392
  0.133265, -0.120775
  0.133288, -0.110155
  0.133311, -0.099531
  0.133333, -0.088904
  0.133356, -0.078273
  0.133379, -0.067638
  0.133401, -0.057000
  0.133424, -0.046358
  0.133447, -0.035713
  0.133469, -0.025064
  0.133492, -0.014411
  0.133515, -0.003755
  0.133537,  0.006905
  0.133560,  0.017569
  0.133583,  0.028236
  0.133605,  0.038907
  0.133628,  0.049581
  0.133651,  0.060259
  0.133673,  0.070941
  0.133696,  0.081626
  0.133719,  0.092315
  0.133741,  0.103008
  0.133764,  0.113704
  0.133787,  0.124403
  0.133810,  0.135107
  0.133832,  0.145814
  0.133855,  0.156524
  0.133878,  0.167239
  0.133900,  0.177957
  0.133923,  0.188678
  0.133946,  0.199403
  0.133968,  0.210132
  0.133991,  0.220864
  0.134014,  0.231600
  0.134036,  0.242340
  0.134059,  0.253083
  0.134082,  0.263830
  0.134104,  0.261928
  0.134127,  0.251264
  0.134150,  0.240597
  0.134172,  0.229927
  0.134195,  0.219253
  0.134218,  0.208575
  0.134240,  0.197893
  0.134263,  0.187208
  0.134286,  0.176520
  0.134308,  0.165827
  0.134331,  0.155131
  0.134354,  0.144432
  0.134376,  0.133729
  0.134399,  0.123022
  0.134422,  0.112311
  0.134444,  0.101597
  0.134467,  0.090880
  0.134490,  0.080158
  0.134512,  0.069434
  0.134535,  0.058705
  0.134558,  0.047973
  0.134580,  0.037237
  0.134603,  0.026498
  0.134626,  0.015755
  0.134649,  0.005008
  0.134671, -0.005742
  0.134694, -0.016496
  0.134717, -0.027253
  0.134739, -0.038014
  0.134762, -0.048779
  0.134785, -0.059548
  0.134807, -0.070319
  0.134830, -0.081095
  0.134853, -0.091874
  0.134875, -0.102657
  0.134898, -0.113443
  0.134921, -0.124234
  0.134943, -0.135027
  0.134966, -0.145824
  0.134989, -0.156625
  0.135011, -0.167430
  0.135034, -0.178238
  0.135057, -0.189050
  0.135079, -0.199865
  0.135102, -0.210684
  0.135125, -0.221507
  0.135147, -0.232333
  0.135170, -0.243163
  0.135193, -0.253996
  0.135215, -0.264834
  0.135238, -0.265369
  0.135261, -0.254615
  0.135283, -0.243858
  0.135306, -0.233097
  0.135329, -0.222332
  0.135351, -0.211564
  0.135374, -0.200793
  0.135397, -0.190017
  0.135420, -0.179238
  0.135442, -0.168456
  0.135465, -0.157669
  0.135488, -0.146880
  0.135510, -0.136086
  0.135533, -0.125289
  0.135556, -0.114488
  0.135578, -0.103684
  0.135601, -0.092876
  0.135624, -0.082064
  0.135646, -0.071249
  0.135669, -0.060430
  0.135692, -0.049608
  0.135714, -0.038782
  0.135737, -0.027952
  0.135760, -0.017119
  0.135782, -0.006282
  0.135805,  0.004558
  0.135828,  0.015403
  0.135850,  0.026250
  0.135873,  0.037102
  0.135896,  0.047957
  0.135918,  0.058815
  0.135941,  0.069678
  0.135964,  0.080543
  0.135986,  0.091413
  0.136009,  0.102286
  0.136032,  0.113163
  0.136054,  0.124043
  0.136077,  0.134927
  0.136100,  0.145815
  0.136122,  0.156706
  0.136145,  0.167601
  0.136168,  0.178499
  0.136190,  0.189401
  0.136213,  0.200307
  0.136236,  0.211216
  0.136259,  0.222129
  0.136281,  0.233046
  0.136304,  0.243966
  0.136327,  0.254890
  0.136349,  0.265817
  0.136372,  0.268830
  0.136395,  0.257986
  0.136417,  0.247139
  0.136440,  0.236288
  0.136463,  0.225433
  0.136485,  0.214574
  0.136508,  0.203712
  0.136531,  0.192847
  0.136553,  0.181977
  0.136576,  0.171105
  0.136599,  0.160228
  0.136621,  0.149348
  0.136644,  0.138464
  0.136667,  0.127577
  0.136689,  0.116686
  0.136712,  0.105791
  0.136735,  0.094893
  0.136757,  0.083991
  0.136780,  0.073086
  0.136803,  0.062176
  0.136825,  0.051264
  0.136848,  0.040347
  0.136871,  0.029427
  0.136893,  0.018504
  0.136916,  0.007577
  0.136939, -0.003354
  0.136961, -0.014289
  0.136984, -0.025227
  0.137007, -0.036168
  0.137029, -0.047114
  0.137052, -0.058063
  0.137075, -0.069015
  0.137098, -0.079971
  0.137120, -0.090931
  0.137143, -0.101894
  0.137166, -0.112861
  0.137188, -0.123832
  0.137211, -0.134806
  0.137234, -0.145784
  0.137256, -0.156766
  0.137279, -0.167751
  0.137302, -0.178740
  0.137324, -0.189732
  0.137347, -0.200728
  0.137370, -0.211727
  0.137392, -0.222731
  0.137415, -0.233737
  0.137438, -0.244748
  0.137460, -0.255762
  0.137483, -0.266780
  0.137506, -0.272312
  0.137528, -0.261378
  0.137551, -0.250440
  0.137574, -0.239499
  0.137596, -0.228554
  0.137619, -0.217605
  0.137642, -0.206653
  0.137664, -0.195697
  0.137687, -0.184737
  0.137710, -0.173774
  0.137732, -0.162807
  0.137755, -0.151837
  0.137778, -0.140863
  0.137800, -0.129885
  0.137823, -0.118904
  0.137846, -0.107919
  0.137868, -0.096930
  0.137891, -0.085938
  0.137914, -0.074942
  0.137937, -0.063943
  0.137959, -0.052940
  0.137982, -0.041933
  0.138005, -0.030923
  0.138027, -0.019909
  0.138050, -0.008892
  0.138073,  0.002129
  0.138095,  0.013154
  0.138118,  0.024182
  0.138141,  0.035214
  0.138163,  0.046250
  0.138186,  0.057289
  0.138209,  0.068332
  0.138231,  0.079378
  0.138254,  0.090429
  0.138277,  0.101482
  0.138299,  0.112540
  0.138322,  0.123600
  0.138345,  0.134665
  0.138367,  0.145733
  0.138390,  0.156805
  0.138413,  0.167880
  0.138435,  0.178959
  0.138458,  0.190042
  0.138481,  0.201128
  0.138503,  0.212218
  0.138526,  0.223312
  0.138549,  0.234409
  0.138571,  0.245510
  0.138594,  0.256614
  0.138617,  0.267722
  0.138639,  0.275815
  0.138662,  0.264790
  0.138685,  0.253762
  0.138707,  0.242731
  0.138730,  0.231695
  0.138753,  0.220656
  0.138776,  0.209614
  0.138798,  0.198567
  0.138821,  0.187517
  0.138844,  0.176464
  0.138866,  0.165407
  0.138889,  0.154346
  0.138912,  0.143282
  0.138934,  0.132214
  0.138957,  0.121142
  0.138980,  0.110067
  0.139002,  0.098988
  0.139025,  0.087906
  0.139048,  0.076820
  0.139070,  0.065730
  0.139093,  0.054637
  0.139116,  0.043540
  0.139138,  0.032439
  0.139161,  0.021335
  0.139184,  0.010227
  0.139206, -0.000884
  0.139229, -0.011999
  0.139252, -0.023118
  0.139274, -0.034240
  0.139297, -0.045366
  0.139320, -0.056495
  0.139342, -0.067628
  0.139365, -0.078765
  0.139388, -0.089906
  0.139410, -0.101049
  0.139433, -0.112197
  0.139456, -0.123348
  0.139478, -0.134503
  0.139501, -0.145662
  0.139524, -0.156824
  0.139546, -0.167989
  0.139569, -0.179159
  0.139592, -0.190332
  0.139615, -0.201508
  0.139637, -0.212688
  0.139660, -0.223872
  0.139683, -0.235060
  0.139705, -0.246251
  0.139728, -0.257445
  0.139751, -0.268644
  0.139773, -0.279338
  0.139796, -0.268223
  0.139819, -0.257105
  0.139841, -0.245983
  0.139864, -0.234857
  0.139887, -0.223728
  0.139909, -0.212595
  0.139932, -0.201459
  0.139955, -0.190318
  0.139977, -0.179175
  0.140000, -0.168027
  0.140023, -0.156876
  0.140045, -0.145722
  0.140068, -0.134563
  0.140091, -0.123401
  0.140113, -0.112236
  0.140136, -0.101067
  0.140159, -0.089894
  0.140181, -0.078718
  0.140204, -0.067538
  0.140227, -0.056354
  0.140249, -0.045167
  0.140272, -0.033976
  0.140295, -0.022782
  0.140317, -0.011584
  0.140340, -0.000382
  0.140363,  0.010823
  0.140385,  0.022032
  0.140408,  0.033245
  0.140431,  0.044461
  0.140454,  0.055681
  0.140476,  0.066904
  0.140499,  0.078131
  0.140522,  0.089362
  0.140544,  0.100596
  0.140567,  0.111834
  0.140590,  0.123076
  0.140612,  0.134321
  0.140635,  0.145569
  0.140658,  0.156822
  0.140680,  0.168078
  0.140703,  0.179337
  0.140726,  0.190601
  0.140748,  0.201867
  0.140771,  0.213138
  0.140794,  0.224412
  0.140816,  0.235690
  0.140839,  0.246971
  0.140862,  0.258256
  0.140884,  0.269545
  0.140907,  0.280837
  0.140930,  0.271677
  0.140952,  0.260468
  0.140975,  0.249256
  0.140998,  0.238040
  0.141020,  0.226820
  0.141043,  0.215597
  0.141066,  0.204370
  0.141088,  0.193140
  0.141111,  0.181906
  0.141134,  0.170668
  0.141156,  0.159427
  0.141179,  0.148182
  0.141202,  0.136933
  0.141224,  0.125681
  0.141247,  0.114425
  0.141270,  0.103166
  0.141293,  0.091903
  0.141315,  0.080636
  0.141338,  0.069366
  0.141361,  0.058092
  0.141383,  0.046815
  0.141406,  0.035534
  0.141429,  0.024249
  0.141451,  0.012960
  0.141474,  0.001668
  0.141497, -0.009627
  0.141519, -0.020926
  0.141542, -0.032229
  0.141565, -0.043536
  0.141587, -0.054846
  0.141610, -0.066159
  0.141633, -0.077477
  0.141655, -0.088798
  0.141678, -0.100122
  0.141701, -0.111450
  0.141723, -0.122782
  0.141746, -0.134118
  0.141769, -0.145457
  0.141791, -0.156799
  0.141814, -0.168146
  0.141837, -0.179496
  0.141859, -0.190849
  0.141882, -0.202206
  0.141905, -0.213567
  0.141927, -0.224931
  0.141950, -0.236299
  0.141973, -0.247671
  0.141995, -0.259046
  0.142018, -0.270425
  0.142041, -0.281808
  0.142063, -0.275151
  0.142086, -0.263852
  0.142109, -0.252549
  0.142132, -0.241243
  0.142154, -0.229933
  0.142177, -0.218620
  0.142200, -0.207303
  0.142222, -0.195982
  0.142245, -0.184658
  0.142268, -0.173330
  0.142290, -0.161998
  0.142313, -0.150663
  0.142336, -0.139324
  0.142358, -0.127981
  0.142381, -0.116635
  0.142404, -0.105286
  0.142426, -0.093932
  0.142449, -0.082575
  0.142472, -0.071215
  0.142494, -0.059851
  0.142517, -0.048483
  0.142540, -0.037111
  0.142562, -0.025736
  0.142585, -0.014358
  0.142608, -0.002976
  0.142630,  0.008410
  0.142653,  0.019800
  0.142676,  0.031193
  0.142698,  0.042590
  0.142721,  0.053990
  0.142744,  0.065394
  0.142766,  0.076802
  0.142789,  0.088213
  0.142812,  0.099628
  0.142834,  0.111046
  0.142857,  0.122468
  0.142880,  0.133894
  0.142902,  0.145323
  0.142925,  0.156756
  0.142948,  0.168193
  0.142971,  0.179633
  0.142993,  0.191077
  0.143016,  0.202524
  0.143039,  0.213975
  0.143061,  0.225430
  0.143084,  0.236888
  0.143107,  0.248350
  0.143129,  0.259816
  0.143152,  0.271285
  0.143175,  0.282758
  0.143197,  0.278646
  0.143220,  0.267256
  0.143243,  0.255863
  0.143265,  0.244467
  0.143288,  0.233067
  0.143311,  0.221663
  0.143333,  0.210255
  0.143356,  0.198844
  0.143379,  0.187430
  0.143401,  0.176012
  0.143424,  0.164590
  0.143447,  0.153164
  0.143469,  0.141735
  0.143492,  0.130302
  0.143515,  0.118866
  0.143537,  0.107426
  0.143560,  0.095982
  0.143583,  0.084535
  0.143605,  0.073084
  0.143628,  0.061630
  0.143651,  0.050172
  0.143673,  0.038710
  0.143696,  0.027245
  0.143719,  0.015776
  0.143741,  0.004303
  0.143764, -0.007173
  0.143787, -0.018653
  0.143810, -0.030136
  0.143832, -0.041623
  0.143855, -0.053114
  0.143878, -0.064608
  0.143900, -0.076106
  0.143923, -0.087608
  0.143946, -0.099113
  0.143968, -0.110622
  0.143991, -0.122134
  0.144014, -0.133650
  0.144036, -0.145170
  0.144059, -0.156693
  0.144082, -0.168220
  0.144104, -0.179750
  0.144127, -0.191284
  0.144150, -0.202822
  0.144172, -0.214363
  0.144195, -0.225908
  0.144218, -0.237457
  0.144240, -0.249009
  0.144263, -0.260565
  0.144286, -0.272124
  0.144308, -0.283687
  0.144331, -0.282161
  0.144354, -0.270681
  0.144376, -0.259198
  0.144399, -0.247711
  0.144422, -0.236221
  0.144444, -0.224727
  0.144467, -0.213229
  0.144490, -0.201728
  0.144512, -0.190223
  0.144535, -0.178714
  0.144558, -0.167202
  0.144580, -0.155686
  0.144603, -0.144167
  0.144626, -0.132644
  0.144649, -0.121117
  0.144671, -0.109587
  0.144694, -0.098053
  0.144717, -0.086515
  0.144739, -0.074974
  0.144762, -0.063429
  0.144785, -0.051881
  0.144807, -0.040329
  0.144830, -0.028773
  0.144853, -0.017214
  0.144875, -0.005651
  0.144898,  0.005915
  0.144921,  0.017485
  0.144943,  0.029059
  0.144966,  0.040636
  0.144989,  0.052217
  0.145011,  0.063802
  0.145034,  0.075390
  0.145057,  0.086982
  0.145079,  0.098577
  0.145102,  0.110176
  0.145125,  0.121779
  0.145147,  0.133385
  0.145170,  0.144995
  0.145193,  0.156609
  0.145215,  0.168226
  0.145238,  0.179847
  0.145261,  0.191471
  0.145283,  0.203099
  0.145306,  0.214731
  0.145329,  0.226366
  0.145351,  0.238005
  0.145374,  0.249647
  0.145397,  0.261293
  0.145420,  0.272943
  0.145442,  0.284597
  0.145465,  0.285697
  0.145488,  0.274127
  0.145510,  0.262553
  0.145533,  0.250976
  0.145556,  0.239395
  0.145578,  0.227811
  0.145601,  0.216223
  0.145624,  0.204631
  0.145646,  0.193036
  0.145669,  0.181437
  0.145692,  0.169835
  0.145714,  0.158229
  0.145737,  0.146619
  0.145760,  0.135006
  0.145782,  0.123389
  0.145805,  0.111768
  0.145828,  0.100144
  0.145850,  0.088516
  0.145873,  0.076885
  0.145896,  0.065250
  0.145918,  0.053611
  0.145941,  0.041969
  0.145964,  0.030323
  0.145986,  0.018673
  0.146009,  0.007020
  0.146032, -0.004637
  0.146054, -0.016297
  0.146077, -0.027961
  0.146100, -0.039629
  0.146122, -0.051300
  0.146145, -0.062975
  0.146168, -0.074653
  0.146190, -0.086335
  0.146213, -0.098021
  0.146236, -0.109710
  0.146259, -0.121403
  0.146281, -0.133100
  0.146304, -0.144800
  0.146327, -0.156504
  0.146349, -0.168211
  0.146372, -0.179923
  0.146395, -0.191637
  0.146417, -0.203356
  0.146440, -0.215077
  0.146463, -0.226803
  0.146485, -0.238532
  0.146508, -0.250265
  0.146531, -0.262001
  0.146553, -0.273741
  0.146576, -0.285485
  0.146599, -0.289253
  0.146621, -0.277593
  0.146644, -0.265929
  0.146667, -0.254262
  0.146689, -0.242590
  0.146712, -0.230916
  0.146735, -0.219238
  0.146757, -0.207556
  0.146780, -0.195870
  0.146803, -0.184181
  0.146825, -0.172488
  0.146848, -0.160792
  0.146871, -0.149092
  0.146893, -0.137388
  0.146916, -0.125681
  0.146939, -0.113970
  0.146961, -0.102256
  0.146984, -0.090538
  0.147007, -0.078816
  0.147029, -0.067090
  0.147052, -0.055362
  0.147075, -0.043629
  0.147098, -0.031893
  0.147120, -0.020153
  0.147143, -0.008409
  0.147166,  0.003338
  0.147188,  0.015088
  0.147211,  0.026843
  0.147234,  0.038601
  0.147256,  0.050362
  0.147279,  0.062127
  0.147302,  0.073896
  0.147324,  0.085668
  0.147347,  0.097444
  0.147370,  0.109224
  0.147392,  0.121007
  0.147415,  0.132794
  0.147438,  0.144585
  0.147460,  0.156379
  0.147483,  0.168177
  0.147506,  0.179978
  0.147528,  0.191783
  0.147551,  0.203591
  0.147574,  0.215404
  0.147596,  0.227220
  0.147619,  0.239039
  0.147642,  0.250862
  0.147664,  0.262689
  0.147687,  0.274519
  0.147710,  0.286353
  0.147732,  0.292830
  0.147755,  0.281079
  0.147778,  0.269325
  0.147800,  0.257568
  0.147823,  0.245806
  0.147846,  0.234041
  0.147868,  0.222273
  0.147891,  0.210501
  0.147914,  0.198725
  0.147937,  0.186945
  0.147959,  0.175162
  0.147982,  0.163376
  0.148005,  0.151585
  0.148027,  0.139791
  0.148050,  0.127994
  0.148073,  0.116193
  0.148095,  0.104388
  0.148118,  0.092579
  0.148141,  0.080767
  0.148163,  0.068952
  0.148186,  0.057133
  0.148209,  0.045310
  0.148231,  0.033483
  0.148254,  0.021653
  0.148277,  0.009819
  0.148299, -0.002018
  0.148322, -0.013859
  0.148345, -0.025704
  0.148367, -0.037552
  0.148390, -0.049404
  0.148413, -0.061259
  0.148435, -0.073118
  0.148458, -0.084981
  0.148481, -0.096847
  0.148503, -0.108717
  0.148526, -0.120591
  0.148549, -0.132468
  0.148571, -0.144349
  0.148594, -0.156233
  0.148617, -0.168121
  0.148639, -0.180013
  0.148662, -0.191908
  0.148685, -0.203807
  0.148707, -0.215709
  0.148730, -0.227615
  0.148753, -0.239525
  0.148776, -0.251439
  0.148798, -0.263356
  0.148821, -0.275276
  0.148844, -0.287200
  0.148866, -0.296427
  0.148889, -0.284587
  0.148912, -0.272742
  0.148934, -0.260894
  0.148957, -0.249043
  0.148980, -0.237187
  0.149002, -0.225328
  0.149025, -0.213466
  0.149048, -0.201600
  0.149070, -0.189730
  0.149093, -0.177857
  0.149116, -0.165980
  0.149138, -0.154099
  0.149161, -0.142215
  0.149184, -0.130327
  0.149206, -0.118436
  0.149229, -0.106541
  0.149252, -0.094642
  0.149274, -0.082740
  0.149297, -0.070834
  0.149320, -0.058924
  0.149342, -0.047011
  0.149365, -0.035094
  0.149388, -0.023174
  0.149410, -0.011250
  0.149433,  0.000678
  0.149456,  0.012609
  0.149478,  0.024544
  0.149501,  0.036482
  0.149524,  0.048425
  0.149546,  0.060370
  0.149569,  0.072320
  0.149592,  0.084273
  0.149615,  0.096229
  0.149637,  0.108189
  0.149660,  0.120153
  0.149683,  0.132121
  0.149705,  0.144092
  0.149728,  0.156067
  0.149751,  0.168045
  0.149773,  0.180027
  0.149796,  0.192012
  0.149819,  0.204002
  0.149841,  0.215994
  0.149864,  0.227991
  0.149887,  0.239991
  0.149909,  0.251995
  0.149932,  0.264002
  0.149955,  0.276013
  0.149977,  0.288027
  0.150000,  0.300045
  0.150023,  0.288114
  0.150045,  0.276180
  0.150068,  0.264241
  0.150091,  0.252299
  0.150113,  0.240354
  0.150136,  0.228405
  0.150159,  0.216452
  0.150181,  0.204496
  0.150204,  0.192536
  0.150227,  0.180572
  0.150249,  0.168605
  0.150272,  0.156634
  0.150295,  0.144659
  0.150317,  0.132681
  0.150340,  0.120699
  0.150363,  0.108714
  0.150385,  0.096725
  0.150408,  0.084732
  0.150431,  0.072736
  0.150454,  0.060736
  0.150476,  0.048733
  0.150499,  0.036726
  0.150522,  0.024715
  0.150544,  0.012701
  0.150567,  0.000683
  0.150590, -0.011339
  0.150612, -0.023364
  0.150635, -0.035393
  0.150658, -0.047425
  0.150680, -0.059461
  0.150703, -0.071501
  0.150726, -0.083544
  0.150748, -0.095591
  0.150771, -0.107641
  0.150794, -0.119695
  0.150816, -0.131753
  0.150839, -0.143815
  0.150862, -0.155880
  0.150884, -0.167948
  0.150907, -0.180020
  0.150930, -0.192096
  0.150952, -0.204176
  0.150975, -0.216259
  0.150998, -0.228346
  0.151020, -0.240436
  0.151043, -0.252530
  0.151066, -0.264627
  0.151088, -0.276729
  0.151111, -0.288833
  0.151134, -0.300942
  0.151156, -0.291663
  0.151179, -0.279638
  0.151202, -0.267609
  0.151224, -0.255577
  0.151247, -0.243541
  0.151270, -0.231502
  0.151293, -0.219458
  0.151315, -0.207412
  0.151338, -0.195362
  0.151361, -0.183308
  0.151383, -0.171250
  0.151406, -0.159189
  0.151429, -0.147124
  0.151451, -0.135056
  0.151474, -0.122984
  0.151497, -0.110908
  0.151519, -0.098829
  0.151542, -0.086746
  0.151565, -0.074659
  0.151587, -0.062569
  0.151610, -0.050475
  0.151633, -0.038378
  0.151655, -0.026277
  0.151678, -0.014172
  0.151701, -0.002064
  0.151723,  0.010048
  0.151746,  0.022163
  0.151769,  0.034282
  0.151791,  0.046405
  0.151814,  0.058531
  0.151837,  0.070661
  0.151859,  0.082795
  0.151882,  0.094932
  0.151905,  0.107073
  0.151927,  0.119217
  0.151950,  0.131365
  0.151973,  0.143517
  0.151995,  0.155672
  0.152018,  0.167831
  0.152041,  0.179994
  0.152063,  0.192160
  0.152086,  0.204329
  0.152109,  0.216503
  0.152132,  0.228680
  0.152154,  0.240860
  0.152177,  0.253045
  0.152200,  0.265233
  0.152222,  0.277424
  0.152245,  0.289619
  0.152268,  0.301818
  0.152290,  0.295231
  0.152313,  0.283116
  0.152336,  0.270997
  0.152358,  0.258875
  0.152381,  0.246749
  0.152404,  0.234619
  0.152426,  0.222486
  0.152449,  0.210349
  0.152472,  0.198208
  0.152494,  0.186064
  0.152517,  0.173916
  0.152540,  0.161765
  0.152562,  0.149609
  0.152585,  0.137451
  0.152608,  0.125288
  0.152630,  0.113122
  0.152653,  0.100953
  0.152676,  0.088780
  0.152698,  0.076603
  0.152721,  0.064423
  0.152744,  0.052239
  0.152766,  0.040051
  0.152789,  0.027860
  0.152812,  0.015665
  0.152834,  0.003466
  0.152857, -0.008736
  0.152880, -0.020942
  0.152902, -0.033151
  0.152925, -0.045364
  0.152948, -0.057581
  0.152971, -0.069801
  0.152993, -0.082025
  0.153016, -0.094252
  0.153039, -0.106483
  0.153061, -0.118718
  0.153084, -0.130956
  0.153107, -0.143198
  0.153129, -0.155444
  0.153152, -0.167693
  0.153175, -0.179946
  0.153197, -0.192202
  0.153220, -0.204463
  0.153243, -0.216726
  0.153265, -0.228993
  0.153288, -0.241264
  0.153311, -0.253539
  0.153333, -0.265817
  0.153356, -0.278099
  0.153379, -0.290384
  0.153401, -0.302673
  0.153424, -0.298821
  0.153447, -0.286615
  0.153469, -0.274406
  0.153492, -0.262193
  0.153515, -0.249977
  0.153537, -0.237757
  0.153560, -0.225533
  0.153583, -0.213306
  0.153605, -0.201075
  0.153628, -0.188841
  0.153651, -0.176603
  0.153673, -0.164361
  0.153696, -0.152115
  0.153719, -0.139866
  0.153741, -0.127614
  0.153764, -0.115358
  0.153787, -0.103098
  0.153810, -0.090834
  0.153832, -0.078567
  0.153855, -0.066296
  0.153878, -0.054022
  0.153900, -0.041744
  0.153923, -0.029463
  0.153946, -0.017177
  0.153968, -0.004889
  0.153991,  0.007404
  0.154014,  0.019700
  0.154036,  0.032000
  0.154059,  0.044303
  0.154082,  0.056610
  0.154104,  0.068920
  0.154127,  0.081234
  0.154150,  0.093552
  0.154172,  0.105874
  0.154195,  0.118199
  0.154218,  0.130527
  0.154240,  0.142859
  0.154263,  0.155195
  0.154286,  0.167535
  0.154308,  0.179878
  0.154331,  0.192225
  0.154354,  0.204575
  0.154376,  0.216929
  0.154399,  0.229287
  0.154422,  0.241648
  0.154444,  0.254013
  0.154467,  0.266381
  0.154490,  0.278753
  0.154512,  0.291129
  0.154535,  0.303508
  0.154558,  0.302431
  0.154580,  0.290135
  0.154603,  0.277836
  0.154626,  0.265533
  0.154649,  0.253226
  0.154671,  0.240916
  0.154694,  0.228602
  0.154717,  0.216284
  0.154739,  0.203963
  0.154762,  0.191638
  0.154785,  0.179310
  0.154807,  0.166978
  0.154830,  0.154642
  0.154853,  0.142303
  0.154875,  0.129960
  0.154898,  0.117613
  0.154921,  0.105263
  0.154943,  0.092909
  0.154966,  0.080552
  0.154989,  0.068191
  0.155011,  0.055826
  0.155034,  0.043458
  0.155057,  0.031086
  0.155079,  0.018711
  0.155102,  0.006332
  0.155125, -0.006051
  0.155147, -0.018437
  0.155170, -0.030827
  0.155193, -0.043221
  0.155215, -0.055618
  0.155238, -0.068019
  0.155261, -0.080423
  0.155283, -0.092832
  0.155306, -0.105243
  0.155329, -0.117658
  0.155351, -0.130077
  0.155374, -0.142500
  0.155397, -0.154926
  0.155420, -0.167356
  0.155442, -0.179789
  0.155465, -0.192226
  0.155488, -0.204667
  0.155510, -0.217111
  0.155533, -0.229559
  0.155556, -0.242011
  0.155578, -0.254466
  0.155601, -0.266924
  0.155624, -0.279387
  0.155646, -0.291853
  0.155669, -0.304322
  0.155692, -0.306062
  0.155714, -0.293675
  0.155737, -0.281286
  0.155760, -0.268892
  0.155782, -0.256495
  0.155805, -0.244095
  0.155828, -0.231690
  0.155850, -0.219283
  0.155873, -0.206871
  0.155896, -0.194456
  0.155918, -0.182037
  0.155941, -0.169615
  0.155964, -0.157189
  0.155986, -0.144759
  0.156009, -0.132326
  0.156032, -0.119889
  0.156054, -0.107449
  0.156077, -0.095005
  0.156100, -0.082557
  0.156122, -0.070106
  0.156145, -0.057651
  0.156168, -0.045193
  0.156190, -0.032730
  0.156213, -0.020265
  0.156236, -0.007795
  0.156259,  0.004678
  0.156281,  0.017154
  0.156304,  0.029635
  0.156327,  0.042119
  0.156349,  0.054606
  0.156372,  0.067097
  0.156395,  0.079592
  0.156417,  0.092090
  0.156440,  0.104592
  0.156463,  0.117098
  0.156485,  0.129607
  0.156508,  0.142120
  0.156531,  0.154636
  0.156553,  0.167156
  0.156576,  0.179680
  0.156599,  0.192207
  0.156621,  0.204738
  0.156644,  0.217273
  0.156667,  0.229811
  0.156689,  0.242353
  0.156712,  0.254898
  0.156735,  0.267447
  0.156757,  0.280000
  0.156780,  0.292556
  0.156803,  0.305116
  0.156825,  0.309713
  0.156848,  0.297236
  0.156871,  0.284756
  0.156893,  0.272273
  0.156916,  0.259785
  0.156939,  0.247294
  0.156961,  0.234800
  0.156984,  0.222302
  0.157007,  0.209800
  0.157029,  0.197295
  0.157052,  0.184786
  0.157075,  0.172273
  0.157098,  0.159757
  0.157120,  0.147237
  0.157143,  0.134713
  0.157166,  0.122186
  0.157188,  0.109655
  0.157211,  0.097121
  0.157234,  0.084583
  0.157256,  0.072042
  0.157279,  0.059496
  0.157302,  0.046948
  0.157324,  0.034395
  0.157347,  0.021839
  0.157370,  0.009279
  0.157392, -0.003284
  0.157415, -0.015851
  0.157438, -0.028421
  0.157460, -0.040996
  0.157483, -0.053573
  0.157506, -0.066155
  0.157528, -0.078740
  0.157551, -0.091328
  0.157574, -0.103921
  0.157596, -0.116517
  0.157619, -0.129116
  0.157642, -0.141719
  0.157664, -0.154326
  0.157687, -0.166936
  0.157710, -0.179550
  0.157732, -0.192168
  0.157755, -0.204789
  0.157778, -0.217414
  0.157800, -0.230042
  0.157823, -0.242675
  0.157846, -0.255310
  0.157868, -0.267950
  0.157891, -0.280592
  0.157914, -0.293239
  0.157937, -0.305889
  0.157959, -0.313384
  0.157982, -0.300818
  0.158005, -0.288247
  0.158027, -0.275673
  0.158050, -0.263096
  0.158073, -0.250515
  0.158095, -0.237930
  0.158118, -0.225341
  0.158141, -0.212749
  0.158163, -0.200154
  0.158186, -0.187554
  0.158209, -0.174951
  0.158231, -0.162345
  0.158254, -0.149735
  0.158277, -0.137121
  0.158299, -0.124504
  0.158322, -0.111883
  0.158345, -0.099258
  0.158367, -0.086630
  0.158390, -0.073998
  0.158413, -0.061362
  0.158435, -0.048723
  0.158458, -0.036080
  0.158481, -0.023434
  0.158503, -0.010784
  0.158526,  0.001870
  0.158549,  0.014527
  0.158571,  0.027188
  0.158594,  0.039852
  0.158617,  0.052520
  0.158639,  0.065192
  0.158662,  0.077867
  0.158685,  0.090546
  0.158707,  0.103229
  0.158730,  0.115915
  0.158753,  0.128605
  0.158776,  0.141298
  0.158798,  0.153995
  0.158821,  0.166696
  0.158844,  0.179400
  0.158866,  0.192108
  0.158889,  0.204819
  0.158912,  0.217534
  0.158934,  0.230253
  0.158957,  0.242976
  0.158980,  0.255702
  0.159002,  0.268431
  0.159025,  0.281164
  0.159048,  0.293901
  0.159070,  0.306642
  0.159093,  0.317077
  0.159116,  0.304420
  0.159138,  0.291759
  0.159161,  0.279095
  0.159184,  0.266427
  0.159206,  0.253755
  0.159229,  0.241080
  0.159252,  0.228402
  0.159274,  0.215719
  0.159297,  0.203033
  0.159320,  0.190344
  0.159342,  0.177651
  0.159365,  0.164954
  0.159388,  0.152253
  0.159410,  0.139549
  0.159433,  0.126841
  0.159456,  0.114130
  0.159478,  0.101415
  0.159501,  0.088697
  0.159524,  0.075975
  0.159546,  0.063249
  0.159569,  0.050519
  0.159592,  0.037786
  0.159615,  0.025050
  0.159637,  0.012309
  0.159660, -0.000435
  0.159683, -0.013182
  0.159705, -0.025933
  0.159728, -0.038688
  0.159751, -0.051446
  0.159773, -0.064208
  0.159796, -0.076974
  0.159819, -0.089743
  0.159841, -0.102516
  0.159864, -0.115292
  0.159887, -0.128072
  0.159909, -0.140856
  0.159932, -0.153644
  0.159955, -0.166434
  0.159977, -0.179229
  0.160000, -0.192027
  0.160023, -0.204829
  0.160045, -0.217634
  0.160068, -0.230443
  0.160091, -0.243256
  0.160113, -0.256072
  0.160136, -0.268892
  0.160159, -0.281716
  0.160181, -0.294543
  0.160204, -0.307374
  0.160227, -0.320208
  0.160249, -0.308042
  0.160272, -0.295291
  0.160295, -0.282537
  0.160317, -0.269779
  0.160340, -0.257017
  0.160363, -0.244251
  0.160385, -0.231482
  0.160408, -0.218710
  0.160431, -0.205934
  0.160454, -0.193154
  0.160476, -0.180370
  0.160499, -0.167583
  0.160522, -0.154792
  0.160544, -0.141998
  0.160567, -0.129200
  0.160590, -0.116398
  0.160612, -0.103593
  0.160635, -0.090784
  0.160658, -0.077972
  0.160680, -0.065156
  0.160703, -0.052336
  0.160726, -0.039513
  0.160748, -0.026686
  0.160771, -0.013855
  0.160794, -0.001021
  0.160816,  0.011817
  0.160839,  0.024658
  0.160862,  0.037503
  0.160884,  0.050352
  0.160907,  0.063204
  0.160930,  0.076060
  0.160952,  0.088920
  0.160975,  0.101783
  0.160998,  0.114649
  0.161020,  0.127520
  0.161043,  0.140394
  0.161066,  0.153271
  0.161088,  0.166153
  0.161111,  0.179038
  0.161134,  0.191926
  0.161156,  0.204818
  0.161179,  0.217714
  0.161202,  0.230613
  0.161224,  0.243516
  0.161247,  0.256423
  0.161270,  0.269333
  0.161293,  0.282247
  0.161315,  0.295164
  0.161338,  0.308085
  0.161361,  0.321010
  0.161383,  0.311685
  0.161406,  0.298844
  0.161429,  0.285999
  0.161451,  0.273151
  0.161474,  0.260299
  0.161497,  0.247443
  0.161519,  0.234584
  0.161542,  0.221721
  0.161565,  0.208854
  0.161587,  0.195984
  0.161610,  0.183110
  0.161633,  0.170233
  0.161655,  0.157352
  0.161678,  0.144467
  0.161701,  0.131579
  0.161723,  0.118687
  0.161746,  0.105792
  0.161769,  0.092892
  0.161791,  0.079990
  0.161814,  0.067083
  0.161837,  0.054173
  0.161859,  0.041260
  0.161882,  0.028343
  0.161905,  0.015422
  0.161927,  0.002497
  0.161950, -0.010431
  0.161973, -0.023363
  0.161995, -0.036298
  0.162018, -0.049237
  0.162041, -0.062179
  0.162063, -0.075126
  0.162086, -0.088075
  0.162109, -0.101029
  0.162132, -0.113986
  0.162154, -0.126947
  0.162177, -0.139911
  0.162200, -0.152879
  0.162222, -0.165850
  0.162245, -0.178825
  0.162268, -0.191804
  0.162290, -0.204787
  0.162313, -0.217773
  0.162336, -0.230762
  0.162358, -0.243756
  0.162381, -0.256752
  0.162404, -0.269753
  0.162426, -0.282757
  0.162449, -0.295765
  0.162472, -0.308776
  0.162494, -0.321791
  0.162517, -0.315349
  0.162540, -0.302418
  0.162562, -0.289482
  0.162585, -0.276544
  0.162608, -0.263601
  0.162630, -0.250655
  0.162653, -0.237706
  0.162676, -0.224753
  0.162698, -0.211796
  0.162721, -0.198835
  0.162744, -0.185871
  0.162766, -0.172903
  0.162789, -0.159932
  0.162812, -0.146957
  0.162834, -0.133979
  0.162857, -0.120996
  0.162880, -0.108011
  0.162902, -0.095021
  0.162925, -0.082028
  0.162948, -0.069032
  0.162971, -0.056031
  0.162993, -0.043027
  0.163016, -0.030020
  0.163039, -0.017009
  0.163061, -0.003994
  0.163084,  0.009024
  0.163107,  0.022046
  0.163129,  0.035072
  0.163152,  0.048101
  0.163175,  0.061134
  0.163197,  0.074171
  0.163220,  0.087211
  0.163243,  0.100255
  0.163265,  0.113302
  0.163288,  0.126353
  0.163311,  0.139407
  0.163333,  0.152466
  0.163356,  0.165527
  0.163379,  0.178593
  0.163401,  0.191662
  0.163424,  0.204735
  0.163447,  0.217811
  0.163469,  0.230891
  0.163492,  0.243974
  0.163515,  0.257062
  0.163537,  0.270152
  0.163560,  0.283247
  0.163583,  0.296345
  0.163605,  0.309446
  0.163628,  0.322552
  0.163651,  0.319033
  0.163673,  0.306012
  0.163696,  0.292986
  0.163719,  0.279957
  0.163741,  0.266924
  0.163764,  0.253888
  0.163787,  0.240848
  0.163810,  0.227805
  0.163832,  0.214758
  0.163855,  0.201707
  0.163878,  0.188653
  0.163900,  0.175595
  0.163923,  0.162533
  0.163946,  0.149468
  0.163968,  0.136399
  0.163991,  0.123326
  0.164014,  0.110250
  0.164036,  0.097171
  0.164059,  0.084087
  0.164082,  0.071000
  0.164104,  0.057910
  0.164127,  0.044815
  0.164150,  0.031718
  0.164172,  0.018616
  0.164195,  0.005511
  0.164218, -0.007598
  0.164240, -0.020710
  0.164263, -0.033826
  0.164286, -0.046945
  0.164308, -0.060068
  0.164331, -0.073195
  0.164354, -0.086326
  0.164376, -0.099460
  0.164399, -0.112597
  0.164422, -0.125738
  0.164444, -0.138883
  0.164467, -0.152032
  0.164490, -0.165184
  0.164512, -0.178340
  0.164535, -0.191499
  0.164558, -0.204662
  0.164580, -0.217829
  0.164603, -0.230999
  0.164626, -0.244173
  0.164649, -0.257350
  0.164671, -0.270531
  0.164694, -0.283716
  0.164717, -0.296904
  0.164739, -0.310096
  0.164762, -0.323292
  0.164785, -0.322738
  0.164807, -0.309626
  0.164830, -0.296510
  0.164853, -0.283391
  0.164875, -0.270268
  0.164898, -0.257142
  0.164921, -0.244011
  0.164943, -0.230878
  0.164966, -0.217740
  0.164989, -0.204599
  0.165011, -0.191454
  0.165034, -0.178306
  0.165057, -0.165154
  0.165079, -0.151999
  0.165102, -0.138840
  0.165125, -0.125677
  0.165147, -0.112510
  0.165170, -0.099340
  0.165193, -0.086167
  0.165215, -0.072990
  0.165238, -0.059809
  0.165261, -0.046624
  0.165283, -0.033436
  0.165306, -0.020244
  0.165329, -0.007049
  0.165351,  0.006150
  0.165374,  0.019353
  0.165397,  0.032559
  0.165420,  0.045769
  0.165442,  0.058982
  0.165465,  0.072199
  0.165488,  0.085420
  0.165510,  0.098644
  0.165533,  0.111872
  0.165556,  0.125104
  0.165578,  0.138339
  0.165601,  0.151578
  0.165624,  0.164820
  0.165646,  0.178066
  0.165669,  0.191316
  0.165692,  0.204569
  0.165714,  0.217826
  0.165737,  0.231086
  0.165760,  0.244350
  0.165782,  0.257618
  0.165805,  0.270889
  0.165828,  0.284164
  0.165850,  0.297443
  0.165873,  0.310725
  0.165896,  0.324011
  0.165918,  0.326464
  0.165941,  0.313261
  0.165964,  0.300055
  0.165986,  0.286846
  0.166009,  0.273632
  0.166032,  0.260416
  0.166054,  0.247195
  0.166077,  0.233971
  0.166100,  0.220743
  0.166122,  0.207512
  0.166145,  0.194277
  0.166168,  0.181038
  0.166190,  0.167796
  0.166213,  0.154550
  0.166236,  0.141301
  0.166259,  0.128048
  0.166281,  0.114791
  0.166304,  0.101531
  0.166327,  0.088267
  0.166349,  0.074999
  0.166372,  0.061728
  0.166395,  0.048453
  0.166417,  0.035175
  0.166440,  0.021893
  0.166463,  0.008607
  0.166485, -0.004682
  0.166508, -0.017975
  0.166531, -0.031271
  0.166553, -0.044571
  0.166576, -0.057875
  0.166599, -0.071182
  0.166621, -0.084493
  0.166644, -0.097808
  0.166667, -0.111126
  0.166689, -0.124448
  0.166712, -0.137774
  0.166735, -0.151103
  0.166757, -0.164435
  0.166780, -0.177772
  0.166803, -0.191112
  0.166825, -0.204455
  0.166848, -0.217802
  0.166871, -0.231153
  0.166893, -0.244507
  0.166916, -0.257866
  0.166939, -0.271227
  0.166961, -0.284592
  0.166984, -0.297961
  0.167007, -0.311334
  0.167029, -0.324710
  0.167052, -0.330210
  0.167075, -0.316917
  0.167098, -0.303621
  0.167120, -0.290321
  0.167143, -0.277017
  0.167166, -0.263710
  0.167188, -0.250399
  0.167211, -0.237085
  0.167234, -0.223767
  0.167256, -0.210445
  0.167279, -0.197120
  0.167302, -0.183791
  0.167324, -0.170459
  0.167347, -0.157122
  0.167370, -0.143783
  0.167392, -0.130439
  0.167415, -0.117092
  0.167438, -0.103742
  0.167460, -0.090388
  0.167483, -0.077030
  0.167506, -0.063668
  0.167528, -0.050303
  0.167551, -0.036935
  0.167574, -0.023562
  0.167596, -0.010186
  0.167619,  0.003193
  0.167642,  0.016576
  0.167664,  0.029963
  0.167687,  0.043354
  0.167710,  0.056748
  0.167732,  0.070145
  0.167755,  0.083546
  0.167778,  0.096951
  0.167800,  0.110360
  0.167823,  0.123772
  0.167846,  0.137188
  0.167868,  0.150607
  0.167891,  0.164030
  0.167914,  0.177457
  0.167937,  0.190887
  0.167959,  0.204321
  0.167982,  0.217758
  0.168005,  0.231199
  0.168027,  0.244644
  0.168050,  0.258092
  0.168073,  0.271544
  0.168095,  0.285000
  0.168118,  0.298459
  0.168141,  0.311922
  0.168163,  0.325388
  0.168186,  0.333976
  0.168209,  0.320593
  0.168231,  0.307207
  0.168254,  0.293816
  0.168277,  0.280423
  0.168299,  0.267025
  0.168322,  0.253624
  0.168345,  0.240219
  0.168367,  0.226811
  0.168390,  0.213399
  0.168413,  0.199984
  0.168435,  0.186564
  0.168458,  0.173142
  0.168481,  0.159715
  0.168503,  0.146285
  0.168526,  0.132852
  0.168549,  0.119414
  0.168571,  0.105973
  0.168594,  0.092529
  0.168617,  0.079081
  0.168639,  0.065629
  0.168662,  0.052174
  0.168685,  0.038715
  0.168707,  0.025252
  0.168730,  0.011786
  0.168753, -0.001684
  0.168776, -0.015157
  0.168798, -0.028634
  0.168821, -0.042115
  0.168844, -0.055599
  0.168866, -0.069087
  0.168889, -0.082579
  0.168912, -0.096074
  0.168934, -0.109573
  0.168957, -0.123075
  0.168980, -0.136581
  0.169002, -0.150091
  0.169025, -0.163604
  0.169048, -0.177121
  0.169070, -0.190642
  0.169093, -0.204166
  0.169116, -0.217694
  0.169138, -0.231225
  0.169161, -0.244760
  0.169184, -0.258299
  0.169206, -0.271841
  0.169229, -0.285387
  0.169252, -0.298936
  0.169274, -0.312489
  0.169297, -0.326046
  0.169320, -0.337763
  0.169342, -0.324290
  0.169365, -0.310813
  0.169388, -0.297333
  0.169410, -0.283848
  0.169433, -0.270361
  0.169456, -0.256869
  0.169478, -0.243374
  0.169501, -0.229876
  0.169524, -0.216374
  0.169546, -0.202868
  0.169569, -0.189358
  0.169592, -0.175845
  0.169615, -0.162329
  0.169637, -0.148808
  0.169660, -0.135284
  0.169683, -0.121757
  0.169705, -0.108226
  0.169728, -0.094691
  0.169751, -0.081152
  0.169773, -0.067610
  0.169796, -0.054065
  0.169819, -0.040515
  0.169841, -0.026963
  0.169864, -0.013406
  0.169887,  0.000154
  0.169909,  0.013718
  0.169932,  0.027285
  0.169955,  0.040856
  0.169977,  0.054431
  0.170000,  0.068009
  0.170023,  0.081591
  0.170045,  0.095176
  0.170068,  0.108765
  0.170091,  0.122358
  0.170113,  0.135955
  0.170136,  0.149554
  0.170159,  0.163158
  0.170181,  0.176765
  0.170204,  0.190376
  0.170227,  0.203990
  0.170249,  0.217609
  0.170272,  0.231230
  0.170295,  0.244855
  0.170317,  0.258484
  0.170340,  0.272117
  0.170363,  0.285753
  0.170385,  0.299393
  0.170408,  0.313036
  0.170431,  0.326683
  0.170454,  0.340334
  0.170476,  0.328007
  0.170499,  0.314440
  0.170522,  0.300869
  0.170544,  0.287295
  0.170567,  0.273717
  0.170590,  0.260135
  0.170612,  0.246550
  0.170635,  0.232961
  0.170658,  0.219369
  0.170680,  0.205773
  0.170703,  0.192173
  0.170726,  0.178569
  0.170748,  0.164962
  0.170771,  0.151352
  0.170794,  0.137738
  0.170816,  0.124120
  0.170839,  0.110498
  0.170862,  0.096873
  0.170884,  0.083245
  0.170907,  0.069612
  0.170930,  0.055976
  0.170952,  0.042337
  0.170975,  0.028693
  0.170998,  0.015047
  0.171020,  0.001396
  0.171043, -0.012258
  0.171066, -0.025915
  0.171088, -0.039577
  0.171111, -0.053242
  0.171134, -0.066910
  0.171156, -0.080582
  0.171179, -0.094258
  0.171202, -0.107937
  0.171224, -0.121620
  0.171247, -0.135307
  0.171270, -0.148997
  0.171293, -0.162691
  0.171315, -0.176389
  0.171338, -0.190090
  0.171361, -0.203794
  0.171383, -0.217503
  0.171406, -0.231215
  0.171429, -0.244930
  0.171451, -0.258650
  0.171474, -0.272372
  0.171497, -0.286099
  0.171519, -0.299829
  0.171542, -0.313563
  0.171565, -0.327300
  0.171587, -0.341041
  0.171610, -0.331745
  0.171633, -0.318088
  0.171655, -0.304427
  0.171678, -0.290762
  0.171701, -0.277094
  0.171723, -0.263422
  0.171746, -0.249746
  0.171769, -0.236067
  0.171791, -0.222384
  0.171814, -0.208698
  0.171837, -0.195008
  0.171859, -0.181314
  0.171882, -0.167617
  0.171905, -0.153916
  0.171927, -0.140211
  0.171950, -0.126503
  0.171973, -0.112792
  0.171995, -0.099076
  0.172018, -0.085357
  0.172041, -0.071635
  0.172063, -0.057908
  0.172086, -0.044179
  0.172109, -0.030445
  0.172132, -0.016708
  0.172154, -0.002967
  0.172177,  0.010777
  0.172200,  0.024525
  0.172222,  0.038277
  0.172245,  0.052032
  0.172268,  0.065791
  0.172290,  0.079553
  0.172313,  0.093319
  0.172336,  0.107089
  0.172358,  0.120862
  0.172381,  0.134639
  0.172404,  0.148420
  0.172426,  0.162204
  0.172449,  0.175991
  0.172472,  0.189783
  0.172494,  0.203578
  0.172517,  0.217377
  0.172540,  0.231179
  0.172562,  0.244985
  0.172585,  0.258794
  0.172608,  0.272607
  0.172630,  0.286424
  0.172653,  0.300244
  0.172676,  0.314068
  0.172698,  0.327896
  0.172721,  0.341727
  0.172744,  0.335504
  0.172766,  0.321756
  0.172789,  0.308005
  0.172812,  0.294250
  0.172834,  0.280491
  0.172857,  0.266729
  0.172880,  0.252963
  0.172902,  0.239194
  0.172925,  0.225420
  0.172948,  0.211644
  0.172971,  0.197863
  0.172993,  0.184079
  0.173016,  0.170292
  0.173039,  0.156501
  0.173061,  0.142706
  0.173084,  0.128907
  0.173107,  0.115105
  0.173129,  0.101300
  0.173152,  0.087490
  0.173175,  0.073678
  0.173197,  0.059861
  0.173220,  0.046041
  0.173243,  0.032217
  0.173265,  0.018390
  0.173288,  0.004559
  0.173311, -0.009276
  0.173333, -0.023114
  0.173356, -0.036956
  0.173379, -0.050801
  0.173401, -0.064651
  0.173424, -0.078503
  0.173447, -0.092360
  0.173469, -0.106220
  0.173492, -0.120083
  0.173515, -0.133950
  0.173537, -0.147821
  0.173560, -0.161696
  0.173583, -0.175574
  0.173605, -0.189455
  0.173628, -0.203341
  0.173651, -0.217230
  0.173673, -0.231122
  0.173696, -0.245018
  0.173719, -0.258918
  0.173741, -0.272822
  0.173764, -0.286729
  0.173787, -0.300639
  0.173810, -0.314554
  0.173832, -0.328471
  0.173855, -0.342393
  0.173878, -0.339283
  0.173900, -0.325445
  0.173923, -0.311603
  0.173946, -0.297758
  0.173968, -0.283909
  0.173991, -0.270056
  0.174014, -0.256200
  0.174036, -0.242341
  0.174059, -0.228477
  0.174082, -0.214610
  0.174104, -0.200740
  0.174127, -0.186865
  0.174150, -0.172987
  0.174172, -0.159106
  0.174195, -0.145221
  0.174218, -0.131332
  0.174240, -0.117440
  0.174263, -0.103544
  0.174286, -0.089644
  0.174308, -0.075741
  0.174331, -0.061834
  0.174354, -0.047924
  0.174376, -0.034010
  0.174399, -0.020092
  0.174422, -0.006171
  0.174444,  0.007754
  0.174467,  0.021683
  0.174490,  0.035615
  0.174512,  0.049551
  0.174535,  0.063490
  0.174558,  0.077433
  0.174580,  0.091380
  0.174603,  0.105330
  0.174626,  0.119284
  0.174649,  0.133241
  0.174671,  0.147202
  0.174694,  0.161167
  0.174717,  0.175135
  0.174739,  0.189107
  0.174762,  0.203083
  0.174785,  0.217062
  0.174807,  0.231045
  0.174830,  0.245032
  0.174853,  0.259022
  0.174875,  0.273015
  0.174898,  0.287013
  0.174921,  0.301014
  0.174943,  0.315018
  0.174966,  0.329026
  0.174989,  0.343038
  0.175011,  0.343083
  0.175034,  0.329154
  0.175057,  0.315222
  0.175079,  0.301287
  0.175102,  0.287347
  0.175125,  0.273405
  0.175147,  0.259458
  0.175170,  0.245508
  0.175193,  0.231555
  0.175215,  0.217597
  0.175238,  0.203636
  0.175261,  0.189672
  0.175283,  0.175704
  0.175306,  0.161732
  0.175329,  0.147756
  0.175351,  0.133777
  0.175374,  0.119795
  0.175397,  0.105809
  0.175420,  0.091819
  0.175442,  0.077825
  0.175465,  0.063828
  0.175488,  0.049827
  0.175510,  0.035823
  0.175533,  0.021815
  0.175556,  0.007803
  0.175578, -0.006212
  0.175601, -0.020231
  0.175624, -0.034253
  0.175646, -0.048279
  0.175669, -0.062309
  0.175692, -0.076342
  0.175714, -0.090379
  0.175737, -0.104420
  0.175760, -0.118464
  0.175782, -0.132512
  0.175805, -0.146563
  0.175828, -0.160618
  0.175850, -0.174677
  0.175873, -0.188739
  0.175896, -0.202805
  0.175918, -0.216874
  0.175941, -0.230947
  0.175964, -0.245024
  0.175986, -0.259105
  0.176009, -0.273188
  0.176032, -0.287276
  0.176054, -0.301367
  0.176077, -0.315462
  0.176100, -0.329561
  0.176122, -0.343663
  0.176145, -0.346903
  0.176168, -0.332884
  0.176190, -0.318862
  0.176213, -0.304836
  0.176236, -0.290807
  0.176259, -0.276773
  0.176281, -0.262737
  0.176304, -0.248696
  0.176327, -0.234652
  0.176349, -0.220605
  0.176372, -0.206554
  0.176395, -0.192499
  0.176417, -0.178440
  0.176440, -0.164378
  0.176463, -0.150313
  0.176485, -0.136243
  0.176508, -0.122170
  0.176531, -0.108094
  0.176553, -0.094014
  0.176576, -0.079930
  0.176599, -0.065843
  0.176621, -0.051751
  0.176644, -0.037657
  0.176667, -0.023559
  0.176689, -0.009457
  0.176712,  0.004649
  0.176735,  0.018758
  0.176757,  0.032871
  0.176780,  0.046987
  0.176803,  0.061107
  0.176825,  0.075231
  0.176848,  0.089358
  0.176871,  0.103489
  0.176893,  0.117623
  0.176916,  0.131761
  0.176939,  0.145903
  0.176961,  0.160048
  0.176984,  0.174197
  0.177007,  0.188350
  0.177029,  0.202506
  0.177052,  0.216666
  0.177075,  0.230829
  0.177098,  0.244996
  0.177120,  0.259167
  0.177143,  0.273341
  0.177166,  0.287519
  0.177188,  0.301701
  0.177211,  0.315886
  0.177234,  0.330074
  0.177256,  0.344267
  0.177279,  0.350744
  0.177302,  0.336635
  0.177324,  0.322522
  0.177347,  0.308406
  0.177370,  0.294286
  0.177392,  0.280163
  0.177415,  0.266036
  0.177438,  0.251905
  0.177460,  0.237771
  0.177483,  0.223633
  0.177506,  0.209491
  0.177528,  0.195346
  0.177551,  0.181198
  0.177574,  0.167045
  0.177596,  0.152889
  0.177619,  0.138730
  0.177642,  0.124567
  0.177664,  0.110400
  0.177687,  0.096229
  0.177710,  0.082055
  0.177732,  0.067877
  0.177755,  0.053696
  0.177778,  0.039511
  0.177800,  0.025323
  0.177823,  0.011130
  0.177846, -0.003065
  0.177868, -0.017265
  0.177891, -0.031468
  0.177914, -0.045674
  0.177937, -0.059885
  0.177959, -0.074099
  0.177982, -0.088316
  0.178005, -0.102537
  0.178027, -0.116762
  0.178050, -0.130990
  0.178073, -0.145222
  0.178095, -0.159458
  0.178118, -0.173697
  0.178141, -0.187940
  0.178163, -0.202186
  0.178186, -0.216437
  0.178209, -0.230690
  0.178231, -0.244948
  0.178254, -0.259209
  0.178277, -0.273473
  0.178299, -0.287741
  0.178322, -0.302013
  0.178345, -0.316289
  0.178367, -0.330568
  0.178390, -0.344850
  0.178413, -0.354605
  0.178435, -0.340406
  0.178458, -0.326203
  0.178481, -0.311996
  0.178503, -0.297786
  0.178526, -0.283573
  0.178549, -0.269355
  0.178571, -0.255134
  0.178594, -0.240910
  0.178617, -0.226682
  0.178639, -0.212450
  0.178662, -0.198215
  0.178685, -0.183976
  0.178707, -0.169733
  0.178730, -0.155487
  0.178753, -0.141237
  0.178776, -0.126983
  0.178798, -0.112726
  0.178821, -0.098465
  0.178844, -0.084201
  0.178866, -0.069933
  0.178889, -0.055661
  0.178912, -0.041386
  0.178934, -0.027107
  0.178957, -0.012825
  0.178980,  0.001461
  0.179002,  0.015751
  0.179025,  0.030044
  0.179048,  0.044341
  0.179070,  0.058642
  0.179093,  0.072946
  0.179116,  0.087254
  0.179138,  0.101565
  0.179161,  0.115880
  0.179184,  0.130199
  0.179206,  0.144521
  0.179229,  0.158847
  0.179252,  0.173177
  0.179274,  0.187510
  0.179297,  0.201847
  0.179320,  0.216187
  0.179342,  0.230531
  0.179365,  0.244879
  0.179388,  0.259230
  0.179410,  0.273585
  0.179433,  0.287943
  0.179456,  0.302305
  0.179478,  0.316671
  0.179501,  0.331040
  0.179524,  0.345413
  0.179546,  0.358487
  0.179569,  0.344197
  0.179592,  0.329904
  0.179615,  0.315607
  0.179637,  0.301307
  0.179660,  0.287003
  0.179683,  0.272696
  0.179705,  0.258384
  0.179728,  0.244069
  0.179751,  0.229751
  0.179773,  0.215429
  0.179796,  0.201103
  0.179819,  0.186774
  0.179841,  0.172441
  0.179864,  0.158104
  0.179887,  0.143764
  0.179909,  0.129420
  0.179932,  0.115073
  0.179955,  0.100722
  0.179977,  0.086367
  0.180000,  0.072009
  0.180023,  0.057647
  0.180045,  0.043282
  0.180068,  0.028913
  0.180091,  0.014540
  0.180113,  0.000163
  0.180136, -0.014217
  0.180159, -0.028600
  0.180181, -0.042987
  0.180204, -0.057378
  0.180227, -0.071773
  0.180249, -0.086171
  0.180272, -0.100573
  0.180295, -0.114978
  0.180317, -0.129387
  0.180340, -0.143799
  0.180363, -0.158216
  0.180385, -0.172635
  0.180408, -0.187059
  0.180431, -0.201486
  0.180454, -0.215917
  0.180476, -0.230351
  0.180499, -0.244789
  0.180522, -0.259230
  0.180544, -0.273676
  0.180567, -0.288124
  0.180590, -0.302577
  0.180612, -0.317033
  0.180635, -0.331492
  0.180658, -0.345956
  0.180680, -0.360422
  0.180703, -0.348010
  0.180726, -0.333626
  0.180748, -0.319239
  0.180771, -0.304848
  0.180794, -0.290454
  0.180816, -0.276056
  0.180839, -0.261655
  0.180862, -0.247250
  0.180884, -0.232841
  0.180907, -0.218429
  0.180930, -0.204013
  0.180952, -0.189593
  0.180975, -0.175170
  0.180998, -0.160743
  0.181020, -0.146312
  0.181043, -0.131878
  0.181066, -0.117441
  0.181088, -0.102999
  0.181111, -0.088554
  0.181134, -0.074106
  0.181156, -0.059654
  0.181179, -0.045198
  0.181202, -0.030738
  0.181224, -0.016275
  0.181247, -0.001809
  0.181270,  0.012662
  0.181293,  0.027136
  0.181315,  0.041613
  0.181338,  0.056094
  0.181361,  0.070579
  0.181383,  0.085067
  0.181406,  0.099559
  0.181429,  0.114055
  0.181451,  0.128554
  0.181474,  0.143057
  0.181497,  0.157564
  0.181519,  0.172074
  0.181542,  0.186588
  0.181565,  0.201105
  0.181587,  0.215626
  0.181610,  0.230150
  0.181633,  0.244679
  0.181655,  0.259210
  0.181678,  0.273746
  0.181701,  0.288285
  0.181723,  0.302828
  0.181746,  0.317374
  0.181769,  0.331924
  0.181791,  0.346477
  0.181814,  0.361035
  0.181837,  0.351842
  0.181859,  0.337369
  0.181882,  0.322891
  0.181905,  0.308410
  0.181927,  0.293926
  0.181950,  0.279438
  0.181973,  0.264946
  0.181995,  0.250450
  0.182018,  0.235951
  0.182041,  0.221449
  0.182063,  0.206942
  0.182086,  0.192432
  0.182109,  0.177919
  0.182132,  0.163402
  0.182154,  0.148881
  0.182177,  0.134357
  0.182200,  0.119829
  0.182222,  0.105297
  0.182245,  0.090762
  0.182268,  0.076223
  0.182290,  0.061680
  0.182313,  0.047134
  0.182336,  0.032585
  0.182358,  0.018031
  0.182381,  0.003474
  0.182404, -0.011086
  0.182426, -0.025650
  0.182449, -0.040218
  0.182472, -0.054790
  0.182494, -0.069365
  0.182517, -0.083943
  0.182540, -0.098526
  0.182562, -0.113112
  0.182585, -0.127701
  0.182608, -0.142294
  0.182630, -0.156891
  0.182653, -0.171492
  0.182676, -0.186096
  0.182698, -0.200703
  0.182721, -0.215314
  0.182744, -0.229929
  0.182766, -0.244548
  0.182789, -0.259170
  0.182812, -0.273796
  0.182834, -0.288425
  0.182857, -0.303058
  0.182880, -0.317695
  0.182902, -0.332335
  0.182925, -0.346979
  0.182948, -0.361626
  0.182971, -0.355696
  0.182993, -0.341132
  0.183016, -0.326564
  0.183039, -0.311993
  0.183061, -0.297418
  0.183084, -0.282839
  0.183107, -0.268257
  0.183129, -0.253672
  0.183152, -0.239082
  0.183175, -0.224489
  0.183197, -0.209893
  0.183220, -0.195293
  0.183243, -0.180689
  0.183265, -0.166081
  0.183288, -0.151470
  0.183311, -0.136856
  0.183333, -0.122237
  0.183356, -0.107615
  0.183379, -0.092990
  0.183401, -0.078361
  0.183424, -0.063728
  0.183447, -0.049092
  0.183469, -0.034452
  0.183492, -0.019808
  0.183515, -0.005161
  0.183537,  0.009490
  0.183560,  0.024145
  0.183583,  0.038803
  0.183605,  0.053465
  0.183628,  0.068130
  0.183651,  0.082799
  0.183673,  0.097471
  0.183696,  0.112148
  0.183719,  0.126827
  0.183741,  0.141511
  0.183764,  0.156198
  0.183787,  0.170889
  0.183810,  0.185583
  0.183832,  0.200281
  0.183855,  0.214982
  0.183878,  0.229688
  0.183900,  0.244396
  0.183923,  0.259109
  0.183946,  0.273825
  0.183968,  0.288545
  0.183991,  0.303268
  0.184014,  0.317995
  0.184036,  0.332725
  0.184059,  0.347459
  0.184082,  0.362197
  0.184104,  0.359570
  0.184127,  0.344915
  0.184150,  0.330257
  0.184172,  0.315596
  0.184195,  0.300931
  0.184218,  0.286262
  0.184240,  0.271590
  0.184263,  0.256914
  0.184286,  0.242234
  0.184308,  0.227551
  0.184331,  0.212864
  0.184354,  0.198173
  0.184376,  0.183479
  0.184399,  0.168781
  0.184422,  0.154080
  0.184444,  0.139375
  0.184467,  0.124667
  0.184490,  0.109954
  0.184512,  0.095239
  0.184535,  0.080519
  0.184558,  0.065796
  0.184580,  0.051069
  0.184603,  0.036339
  0.184626,  0.021605
  0.184649,  0.006868
  0.184671, -0.007874
  0.184694, -0.022618
  0.184717, -0.037367
  0.184739, -0.052119
  0.184762, -0.066874
  0.184785, -0.081634
  0.184807, -0.096397
  0.184830, -0.111163
  0.184853, -0.125933
  0.184875, -0.140707
  0.184898, -0.155484
  0.184921, -0.170265
  0.184943, -0.185050
  0.184966, -0.199838
  0.184989, -0.214630
  0.185011, -0.229425
  0.185034, -0.244224
  0.185057, -0.259027
  0.185079, -0.273833
  0.185102, -0.288643
  0.185125, -0.303457
  0.185147, -0.318274
  0.185170, -0.333095
  0.185193, -0.347919
  0.185215, -0.362747
  0.185238, -0.363464
  0.185261, -0.348719
  0.185283, -0.333971
  0.185306, -0.319219
  0.185329, -0.304464
  0.185351, -0.289705
  0.185374, -0.274942
  0.185397, -0.260176
  0.185420, -0.245406
  0.185442, -0.230632
  0.185465, -0.215855
  0.185488, -0.201075
  0.185510, -0.186290
  0.185533, -0.171502
  0.185556, -0.156711
  0.185578, -0.141915
  0.185601, -0.127116
  0.185624, -0.112314
  0.185646, -0.097508
  0.185669, -0.082698
  0.185692, -0.067885
  0.185714, -0.053068
  0.185737, -0.038247
  0.185760, -0.023423
  0.185782, -0.008595
  0.185805,  0.006236
  0.185828,  0.021071
  0.185850,  0.035910
  0.185873,  0.050752
  0.185896,  0.065598
  0.185918,  0.080448
  0.185941,  0.095301
  0.185964,  0.110158
  0.185986,  0.125018
  0.186009,  0.139882
  0.186032,  0.154750
  0.186054,  0.169621
  0.186077,  0.184496
  0.186100,  0.199375
  0.186122,  0.214257
  0.186145,  0.229143
  0.186168,  0.244032
  0.186190,  0.258925
  0.186213,  0.273822
  0.186236,  0.288722
  0.186259,  0.303626
  0.186281,  0.318533
  0.186304,  0.333444
  0.186327,  0.348359
  0.186349,  0.363277
  0.186372,  0.367379
  0.186395,  0.352544
  0.186417,  0.337706
  0.186440,  0.322864
  0.186463,  0.308018
  0.186485,  0.293168
  0.186508,  0.278316
  0.186531,  0.263459
  0.186553,  0.248599
  0.186576,  0.233735
  0.186599,  0.218867
  0.186621,  0.203996
  0.186644,  0.189122
  0.186667,  0.174243
  0.186689,  0.159361
  0.186712,  0.144476
  0.186735,  0.129587
  0.186757,  0.114694
  0.186780,  0.099798
  0.186803,  0.084898
  0.186825,  0.069994
  0.186848,  0.055087
  0.186871,  0.040176
  0.186893,  0.025261
  0.186916,  0.010343
  0.186939, -0.004579
  0.186961, -0.019504
  0.186984, -0.034433
  0.187007, -0.049366
  0.187029, -0.064302
  0.187052, -0.079242
  0.187075, -0.094185
  0.187098, -0.109132
  0.187120, -0.124083
  0.187143, -0.139037
  0.187166, -0.153995
  0.187188, -0.168957
  0.187211, -0.183922
  0.187234, -0.198891
  0.187256, -0.213863
  0.187279, -0.228839
  0.187302, -0.243819
  0.187324, -0.258802
  0.187347, -0.273789
  0.187370, -0.288780
  0.187392, -0.303774
  0.187415, -0.318771
  0.187438, -0.333773
  0.187460, -0.348778
  0.187483, -0.363787
  0.187506, -0.371315
  0.187528, -0.356389
  0.187551, -0.341461
  0.187574, -0.326528
  0.187596, -0.311592
  0.187619, -0.296653
  0.187642, -0.281709
  0.187664, -0.266762
  0.187687, -0.251812
  0.187710, -0.236858
  0.187732, -0.221900
  0.187755, -0.206939
  0.187778, -0.191974
  0.187800, -0.177005
  0.187823, -0.162033
  0.187846, -0.147057
  0.187868, -0.132078
  0.187891, -0.117095
  0.187914, -0.102108
  0.187937, -0.087118
  0.187959, -0.072124
  0.187982, -0.057126
  0.188005, -0.042125
  0.188027, -0.027120
  0.188050, -0.012112
  0.188073,  0.002900
  0.188095,  0.017916
  0.188118,  0.032935
  0.188141,  0.047958
  0.188163,  0.062985
  0.188186,  0.078015
  0.188209,  0.093049
  0.188231,  0.108086
  0.188254,  0.123127
  0.188277,  0.138172
  0.188299,  0.153220
  0.188322,  0.168272
  0.188345,  0.183327
  0.188367,  0.198386
  0.188390,  0.213449
  0.188413,  0.228515
  0.188435,  0.243585
  0.188458,  0.258659
  0.188481,  0.273736
  0.188503,  0.288817
  0.188526,  0.303901
  0.188549,  0.318989
  0.188571,  0.334081
  0.188594,  0.349176
  0.188617,  0.364275
  0.188639,  0.375271
  0.188662,  0.360255
  0.188685,  0.345236
  0.188707,  0.330214
  0.188730,  0.315187
  0.188753,  0.300157
  0.188776,  0.285124
  0.188798,  0.270087
  0.188821,  0.255046
  0.188844,  0.240001
  0.188866,  0.224953
  0.188889,  0.209902
  0.188912,  0.194846
  0.188934,  0.179788
  0.188957,  0.164725
  0.188980,  0.149659
  0.189002,  0.134589
  0.189025,  0.119516
  0.189048,  0.104439
  0.189070,  0.089358
  0.189093,  0.074274
  0.189116,  0.059186
  0.189138,  0.044095
  0.189161,  0.029000
  0.189184,  0.013901
  0.189206, -0.001201
  0.189229, -0.016307
  0.189252, -0.031417
  0.189274, -0.046530
  0.189297, -0.061647
  0.189320, -0.076767
  0.189342, -0.091891
  0.189365, -0.107019
  0.189388, -0.122150
  0.189410, -0.137285
  0.189433, -0.152424
  0.189456, -0.167566
  0.189478, -0.182712
  0.189501, -0.197861
  0.189524, -0.213014
  0.189546, -0.228171
  0.189569, -0.243331
  0.189592, -0.258495
  0.189615, -0.273662
  0.189637, -0.288833
  0.189660, -0.304008
  0.189683, -0.319187
  0.189705, -0.334369
  0.189728, -0.349554
  0.189751, -0.364743
  0.189773, -0.379248
  0.189796, -0.364142
  0.189819, -0.349032
  0.189841, -0.333919
  0.189864, -0.318803
  0.189887, -0.303683
  0.189909, -0.288559
  0.189932, -0.273431
  0.189955, -0.258300
  0.189977, -0.243166
  0.190000, -0.228027
  0.190023, -0.212885
  0.190045, -0.197740
  0.190068, -0.182591
  0.190091, -0.167438
  0.190113, -0.152281
  0.190136, -0.137121
  0.190159, -0.121958
  0.190181, -0.106790
  0.190204, -0.091619
  0.190227, -0.076445
  0.190249, -0.061267
  0.190272, -0.046085
  0.190295, -0.030900
  0.190317, -0.015711
  0.190340, -0.000518
  0.190363,  0.014678
  0.190385,  0.029878
  0.190408,  0.045082
  0.190431,  0.060289
  0.190454,  0.075499
  0.190476,  0.090714
  0.190499,  0.105932
  0.190522,  0.121153
  0.190544,  0.136378
  0.190567,  0.151607
  0.190590,  0.166840
  0.190612,  0.182076
  0.190635,  0.197315
  0.190658,  0.212559
  0.190680,  0.227806
  0.190703,  0.243056
  0.190726,  0.258310
  0.190748,  0.273568
  0.190771,  0.288830
  0.190794,  0.304095
  0.190816,  0.319363
  0.190839,  0.334635
  0.190862,  0.349911
  0.190884,  0.365191
  0.190907,  0.380474
  0.190930,  0.368049
  0.190952,  0.352849
  0.190975,  0.337646
  0.190998,  0.322439
  0.191020,  0.307228
  0.191043,  0.292014
  0.191066,  0.276797
  0.191088,  0.261575
  0.191111,  0.246350
  0.191134,  0.231122
  0.191156,  0.215889
  0.191179,  0.200654
  0.191202,  0.185414
  0.191224,  0.170171
  0.191247,  0.154924
  0.191270,  0.139674
  0.191293,  0.124420
  0.191315,  0.109162
  0.191338,  0.093901
  0.191361,  0.078636
  0.191383,  0.063368
  0.191406,  0.048096
  0.191429,  0.032820
  0.191451,  0.017541
  0.191474,  0.002258
  0.191497, -0.013029
  0.191519, -0.028319
  0.191542, -0.043612
  0.191565, -0.058910
  0.191587, -0.074211
  0.191610, -0.089515
  0.191633, -0.104824
  0.191655, -0.120136
  0.191678, -0.135451
  0.191701, -0.150770
  0.191723, -0.166093
  0.191746, -0.181419
  0.191769, -0.196749
  0.191791, -0.212083
  0.191814, -0.227420
  0.191837, -0.242761
  0.191859, -0.258105
  0.191882, -0.273453
  0.191905, -0.288805
  0.191927, -0.304160
  0.191950, -0.319519
  0.191973, -0.334882
  0.191995, -0.350248
  0.192018, -0.365618
  0.192041, -0.380991
  0.192063, -0.371976
  0.192086, -0.356686
  0.192109, -0.341393
  0.192132, -0.326096
  0.192154, -0.310795
  0.192177, -0.295490
  0.192200, -0.280182
  0.192222, -0.264871
  0.192245, -0.249555
  0.192268, -0.234237
  0.192290, -0.218914
  0.192313, -0.203588
  0.192336, -0.188258
  0.192358, -0.172925
  0.192381, -0.157588
  0.192404, -0.142247
  0.192426, -0.126903
  0.192449, -0.111555
  0.192472, -0.096204
  0.192494, -0.080848
  0.192517, -0.065490
  0.192540, -0.050127
  0.192562, -0.034761
  0.192585, -0.019392
  0.192608, -0.004019
  0.192630,  0.011358
  0.192653,  0.026739
  0.192676,  0.042123
  0.192698,  0.057510
  0.192721,  0.072902
  0.192744,  0.088297
  0.192766,  0.103695
  0.192789,  0.119097
  0.192812,  0.134503
  0.192834,  0.149913
  0.192857,  0.165326
  0.192880,  0.180742
  0.192902,  0.196162
  0.192925,  0.211586
  0.192948,  0.227014
  0.192971,  0.242445
  0.192993,  0.257880
  0.193016,  0.273318
  0.193039,  0.288760
  0.193061,  0.304206
  0.193084,  0.319655
  0.193107,  0.335108
  0.193129,  0.350564
  0.193152,  0.366024
  0.193175,  0.381488
  0.193197,  0.375925
  0.193220,  0.360544
  0.193243,  0.345160
  0.193265,  0.329773
  0.193288,  0.314382
  0.193311,  0.298987
  0.193333,  0.283589
  0.193356,  0.268187
  0.193379,  0.252781
  0.193401,  0.237372
  0.193424,  0.221959
  0.193447,  0.206543
  0.193469,  0.191123
  0.193492,  0.175699
  0.193515,  0.160272
  0.193537,  0.144841
  0.193560,  0.129406
  0.193583,  0.113968
  0.193605,  0.098526
  0.193628,  0.083081
  0.193651,  0.067632
  0.193673,  0.052179
  0.193696,  0.036723
  0.193719,  0.021263
  0.193741,  0.005800
  0.193764, -0.009667
  0.193787, -0.025138
  0.193810, -0.040612
  0.193832, -0.056090
  0.193855, -0.071572
  0.193878, -0.087057
  0.193900, -0.102546
  0.193923, -0.118039
  0.193946, -0.133535
  0.193968, -0.149034
  0.193991, -0.164538
  0.194014, -0.180045
  0.194036, -0.195555
  0.194059, -0.211069
  0.194082, -0.226587
  0.194104, -0.242108
  0.194127, -0.257634
  0.194150, -0.273162
  0.194172, -0.288694
  0.194195, -0.304230
  0.194218, -0.319770
  0.194240, -0.335313
  0.194263, -0.350860
  0.194286, -0.366410
  0.194308, -0.381964
  0.194331, -0.379893
  0.194354, -0.364423
  0.194376, -0.348949
  0.194399, -0.333471
  0.194422, -0.317989
  0.194444, -0.302504
  0.194467, -0.287016
  0.194490, -0.271524
  0.194512, -0.256028
  0.194535, -0.240528
  0.194558, -0.225025
  0.194580, -0.209518
  0.194603, -0.194008
  0.194626, -0.178494
  0.194649, -0.162976
  0.194671, -0.147455
  0.194694, -0.131930
  0.194717, -0.116402
  0.194739, -0.100870
  0.194762, -0.085334
  0.194785, -0.069795
  0.194807, -0.054252
  0.194830, -0.038705
  0.194853, -0.023155
  0.194875, -0.007601
  0.194898,  0.007956
  0.194921,  0.023517
  0.194943,  0.039082
  0.194966,  0.054650
  0.194989,  0.070222
  0.195011,  0.085797
  0.195034,  0.101376
  0.195057,  0.116959
  0.195079,  0.132546
  0.195102,  0.148135
  0.195125,  0.163729
  0.195147,  0.179326
  0.195170,  0.194927
  0.195193,  0.210532
  0.195215,  0.226140
  0.195238,  0.241751
  0.195261,  0.257367
  0.195283,  0.272986
  0.195306,  0.288608
  0.195329,  0.304234
  0.195351,  0.319864
  0.195374,  0.335498
  0.195397,  0.351135
  0.195420,  0.366775
  0.195442,  0.382420
  0.195465,  0.383883
  0.195488,  0.368322
  0.195510,  0.352757
  0.195533,  0.337189
  0.195556,  0.321618
  0.195578,  0.306042
  0.195601,  0.290463
  0.195624,  0.274881
  0.195646,  0.259295
  0.195669,  0.243705
  0.195692,  0.228111
  0.195714,  0.212514
  0.195737,  0.196914
  0.195760,  0.181310
  0.195782,  0.165702
  0.195805,  0.150090
  0.195828,  0.134475
  0.195850,  0.118856
  0.195873,  0.103234
  0.195896,  0.087608
  0.195918,  0.071978
  0.195941,  0.056345
  0.195964,  0.040708
  0.195986,  0.025068
  0.196009,  0.009424
  0.196032, -0.006224
  0.196054, -0.021875
  0.196077, -0.037530
  0.196100, -0.053189
  0.196122, -0.068851
  0.196145, -0.084517
  0.196168, -0.100186
  0.196190, -0.115859
  0.196213, -0.131536
  0.196236, -0.147216
  0.196259, -0.162900
  0.196281, -0.178588
  0.196304, -0.194279
  0.196327, -0.209973
  0.196349, -0.225672
  0.196372, -0.241374
  0.196395, -0.257079
  0.196417, -0.272789
  0.196440, -0.288502
  0.196463, -0.304218
  0.196485, -0.319938
  0.196508, -0.335662
  0.196531, -0.351389
  0.196553, -0.367120
  0.196576, -0.382855
  0.196599, -0.387892
  0.196621, -0.372241
  0.196644, -0.356587
  0.196667, -0.340928
  0.196689, -0.325266
  0.196712, -0.309601
  0.196735, -0.293931
  0.196757, -0.278259
  0.196780, -0.262582
  0.196803, -0.246902
  0.196825, -0.231218
  0.196848, -0.215531
  0.196871, -0.199840
  0.196893, -0.184146
  0.196916, -0.168447
  0.196939, -0.152746
  0.196961, -0.137040
  0.196984, -0.121331
  0.197007, -0.105619
  0.197029, -0.089902
  0.197052, -0.074182
  0.197075, -0.058459
  0.197098, -0.042732
  0.197120, -0.027001
  0.197143, -0.011267
  0.197166,  0.004471
  0.197188,  0.020213
  0.197211,  0.035958
  0.197234,  0.051707
  0.197256,  0.067460
  0.197279,  0.083216
  0.197302,  0.098975
  0.197324,  0.114739
  0.197347,  0.130506
  0.197370,  0.146276
  0.197392,  0.162050
  0.197415,  0.177828
  0.197438,  0.193610
  0.197460,  0.209395
  0.197483,  0.225183
  0.197506,  0.240976
  0.197528,  0.256772
  0.197551,  0.272571
  0.197574,  0.288374
  0.197596,  0.304181
  0.197619,  0.319991
  0.197642,  0.335805
  0.197664,  0.351623
  0.197687,  0.367444
  0.197710,  0.383269
  0.197732,  0.391923
  0.197755,  0.376181
  0.197778,  0.360436
  0.197800,  0.344688
  0.197823,  0.328935
  0.197846,  0.313180
  0.197868,  0.297420
  0.197891,  0.281657
  0.197914,  0.265890
  0.197937,  0.250120
  0.197959,  0.234346
  0.197982,  0.218568
  0.198005,  0.202787
  0.198027,  0.187002
  0.198050,  0.171214
  0.198073,  0.155422
  0.198095,  0.139626
  0.198118,  0.123827
  0.198141,  0.108024
  0.198163,  0.092217
  0.198186,  0.076407
  0.198209,  0.060593
  0.198231,  0.044776
  0.198254,  0.028955
  0.198277,  0.013130
  0.198299, -0.002698
  0.198322, -0.018530
  0.198345, -0.034366
  0.198367, -0.050205
  0.198390, -0.066048
  0.198413, -0.081894
  0.198435, -0.097744
  0.198458, -0.113598
  0.198481, -0.129455
  0.198503, -0.145316
  0.198526, -0.161180
  0.198549, -0.177048
  0.198571, -0.192920
  0.198594, -0.208795
  0.198617, -0.224674
  0.198639, -0.240557
  0.198662, -0.256443
  0.198685, -0.272333
  0.198707, -0.288226
  0.198730, -0.304123
  0.198753, -0.320024
  0.198776, -0.335928
  0.198798, -0.351836
  0.198821, -0.367748
  0.198844, -0.383663
  0.198866, -0.395974
  0.198889, -0.380142
  0.198912, -0.364307
  0.198934, -0.348468
  0.198957, -0.332625
  0.198980, -0.316779
  0.199002, -0.300929
  0.199025, -0.285076
  0.199048, -0.269219
  0.199070, -0.253358
  0.199093, -0.237494
  0.199116, -0.221626
  0.199138, -0.205755
  0.199161, -0.189879
  0.199184, -0.174001
  0.199206, -0.158118
  0.199229, -0.142232
  0.199252, -0.126343
  0.199274, -0.110449
  0.199297, -0.094553
  0.199320, -0.078652
  0.199342, -0.062748
  0.199365, -0.046840
  0.199388, -0.030929
  0.199410, -0.015014
  0.199433,  0.000905
  0.199456,  0.016827
  0.199478,  0.032753
  0.199501,  0.048682
  0.199524,  0.064615
  0.199546,  0.080552
  0.199569,  0.096492
  0.199592,  0.112436
  0.199615,  0.128383
  0.199637,  0.144335
  0.199660,  0.160289
  0.199683,  0.176248
  0.199705,  0.192210
  0.199728,  0.208175
  0.199751,  0.224145
  0.199773,  0.240118
  0.199796,  0.256094
  0.199819,  0.272074
  0.199841,  0.288058
  0.199864,  0.304045
  0.199887,  0.320036
  0.199909,  0.336031
  0.199932,  0.352029
  0.199955,  0.368031
  0.199977,  0.384036
  0.200000,  0.400045
  0.200023,  0.384123
  0.200045,  0.368198
  0.200068,  0.352269
  0.200091,  0.336336
  0.200113,  0.320399
  0.200136,  0.304459
  0.200159,  0.288515
  0.200181,  0.272568
  0.200204,  0.256617
  0.200227,  0.240663
  0.200249,  0.224704
  0.200272,  0.208743
  0.200295,  0.192777
  0.200317,  0.176808
  0.200340,  0.160835
  0.200363,  0.144859
  0.200385,  0.128879
  0.200408,  0.112896
  0.200431,  0.096909
  0.200454,  0.080918
  0.200476,  0.064923
  0.200499,  0.048925
  0.200522,  0.032924
  0.200544,  0.016919
  0.200567,  0.000910
  0.200590, -0.015103
  0.200612, -0.031119
  0.200635, -0.047139
  0.200658, -0.063162
  0.200680, -0.079189
  0.200703, -0.095220
  0.200726, -0.111254
  0.200748, -0.127292
  0.200771, -0.143333
  0.200794, -0.159378
  0.200816, -0.175427
  0.200839, -0.191479
  0.200862, -0.207535
  0.200884, -0.223594
  0.200907, -0.239658
  0.200930, -0.255724
  0.200952, -0.271795
  0.200975, -0.287869
  0.200998, -0.303947
  0.201020, -0.320028
  0.201043, -0.336113
  0.201066, -0.352201
  0.201088, -0.368293
  0.201111, -0.384389
  0.201134, -0.400488
  0.201156, -0.388125
  0.201179, -0.372109
  0.201202, -0.356090
  0.201224, -0.340067
  0.201247, -0.324040
  0.201270, -0.308010
  0.201293, -0.291976
  0.201315, -0.275938
  0.201338, -0.259897
  0.201361, -0.243852
  0.201383, -0.227803
  0.201406, -0.211751
  0.201429, -0.195695
  0.201451, -0.179636
  0.201474, -0.163573
  0.201497, -0.147507
  0.201519, -0.131436
  0.201542, -0.115363
  0.201565, -0.099285
  0.201587, -0.083204
  0.201610, -0.067119
  0.201633, -0.051031
  0.201655, -0.034939
  0.201678, -0.018844
  0.201701, -0.002745
  0.201723,  0.013358
  0.201746,  0.029465
  0.201769,  0.045575
  0.201791,  0.061688
  0.201814,  0.077806
  0.201837,  0.093926
  0.201859,  0.110051
  0.201882,  0.126179
  0.201905,  0.142311
  0.201927,  0.158446
  0.201950,  0.174585
  0.201973,  0.190728
  0.201995,  0.206874
  0.202018,  0.223024
  0.202041,  0.239177
  0.202063,  0.255334
  0.202086,  0.271495
  0.202109,  0.287659
  0.202132,  0.303827
  0.202154,  0.319999
  0.202177,  0.336174
  0.202200,  0.352353
  0.202222,  0.368535
  0.202245,  0.384721
  0.202268,  0.400911
  0.202290,  0.392148
  0.202313,  0.376041
  0.202336,  0.359932
  0.202358,  0.343818
  0.202381,  0.327701
  0.202404,  0.311580
  0.202426,  0.295456
  0.202449,  0.279328
  0.202472,  0.263197
  0.202494,  0.247062
  0.202517,  0.230923
  0.202540,  0.214780
  0.202562,  0.198634
  0.202585,  0.182485
  0.202608,  0.166332
  0.202630,  0.150175
  0.202653,  0.134014
  0.202676,  0.117850
  0.202698,  0.101682
  0.202721,  0.085511
  0.202744,  0.069336
  0.202766,  0.053157
  0.202789,  0.036975
  0.202812,  0.020789
  0.202834,  0.004600
  0.202857, -0.011593
  0.202880, -0.027790
  0.202902, -0.043990
  0.202925, -0.060194
  0.202948, -0.076402
  0.202971, -0.092613
  0.202993, -0.108828
  0.203016, -0.125046
  0.203039, -0.141268
  0.203061, -0.157494
  0.203084, -0.173723
  0.203107, -0.189956
  0.203129, -0.206192
  0.203152, -0.222432
  0.203175, -0.238676
  0.203197, -0.254924
  0.203220, -0.271175
  0.203243, -0.287429
  0.203265, -0.303687
  0.203288, -0.319949
  0.203311, -0.336215
  0.203333, -0.352484
  0.203356, -0.368756
  0.203379, -0.385033
  0.203401, -0.401313
  0.203424, -0.396191
  0.203447, -0.379994
  0.203469, -0.363794
  0.203492, -0.347590
  0.203515, -0.331383
  0.203537, -0.315172
  0.203560, -0.298957
  0.203583, -0.282739
  0.203605, -0.266517
  0.203628, -0.250292
  0.203651, -0.234063
  0.203673, -0.217830
  0.203696, -0.201594
  0.203719, -0.185354
  0.203741, -0.169110
  0.203764, -0.152863
  0.203787, -0.136612
  0.203810, -0.120358
  0.203832, -0.104100
  0.203855, -0.087838
  0.203878, -0.071573
  0.203900, -0.055304
  0.203923, -0.039032
  0.203946, -0.022756
  0.203968, -0.006476
  0.203991,  0.009807
  0.204014,  0.026094
  0.204036,  0.042385
  0.204059,  0.058679
  0.204082,  0.074977
  0.204104,  0.091279
  0.204127,  0.107584
  0.204150,  0.123892
  0.204172,  0.140205
  0.204195,  0.156521
  0.204218,  0.172840
  0.204240,  0.189163
  0.204263,  0.205490
  0.204286,  0.221821
  0.204308,  0.238155
  0.204331,  0.254492
  0.204354,  0.270834
  0.204376,  0.287178
  0.204399,  0.303527
  0.204422,  0.319879
  0.204444,  0.336235
  0.204467,  0.352594
  0.204490,  0.368957
  0.204512,  0.385324
  0.204535,  0.401694
  0.204558,  0.400254
  0.204580,  0.383967
  0.204603,  0.367677
  0.204626,  0.351383
  0.204649,  0.335085
  0.204671,  0.318784
  0.204694,  0.302479
  0.204717,  0.286171
  0.204739,  0.269859
  0.204762,  0.253543
  0.204785,  0.237223
  0.204807,  0.220900
  0.204830,  0.204574
  0.204853,  0.188244
  0.204875,  0.171910
  0.204898,  0.155572
  0.204921,  0.139231
  0.204943,  0.122887
  0.204966,  0.106538
  0.204989,  0.090186
  0.205011,  0.073831
  0.205034,  0.057472
  0.205057,  0.041109
  0.205079,  0.024742
  0.205102,  0.008372
  0.205125, -0.008001
  0.205147, -0.024378
  0.205170, -0.040759
  0.205193, -0.057144
  0.205215, -0.073532
  0.205238, -0.089924
  0.205261, -0.106319
  0.205283, -0.122718
  0.205306, -0.139121
  0.205329, -0.155527
  0.205351, -0.171937
  0.205374, -0.188350
  0.205397, -0.204767
  0.205420, -0.221188
  0.205442, -0.237612
  0.205465, -0.254040
  0.205488, -0.270472
  0.205510, -0.286907
  0.205533, -0.303346
  0.205556, -0.319788
  0.205578, -0.336234
  0.205601, -0.352684
  0.205624, -0.369137
  0.205646, -0.385594
  0.205669, -0.402055
  0.205692, -0.404338
  0.205714, -0.387961
  0.205737, -0.371580
  0.205760, -0.355196
  0.205782, -0.338808
  0.205805, -0.322417
  0.205828, -0.306022
  0.205850, -0.289623
  0.205873, -0.273220
  0.205896, -0.256814
  0.205918, -0.240405
  0.205941, -0.223991
  0.205964, -0.207574
  0.205986, -0.191154
  0.206009, -0.174730
  0.206032, -0.158302
  0.206054, -0.141871
  0.206077, -0.125436
  0.206100, -0.108997
  0.206122, -0.092555
  0.206145, -0.076109
  0.206168, -0.059660
  0.206190, -0.043207
  0.206213, -0.026750
  0.206236, -0.010290
  0.206259,  0.006174
  0.206281,  0.022642
  0.206304,  0.039113
  0.206327,  0.055588
  0.206349,  0.072066
  0.206372,  0.088548
  0.206395,  0.105034
  0.206417,  0.121523
  0.206440,  0.138016
  0.206463,  0.154513
  0.206485,  0.171013
  0.206508,  0.187517
  0.206531,  0.204024
  0.206553,  0.220535
  0.206576,  0.237050
  0.206599,  0.253568
  0.206621,  0.270090
  0.206644,  0.286615
  0.206667,  0.303144
  0.206689,  0.319677
  0.206712,  0.336213
  0.206735,  0.352753
  0.206757,  0.369297
  0.206780,  0.385844
  0.206803,  0.402395
  0.206825,  0.408443
  0.206848,  0.391976
  0.206871,  0.375505
  0.206893,  0.359030
  0.206916,  0.342552
  0.206939,  0.326070
  0.206961,  0.309584
  0.206984,  0.293095
  0.207007,  0.276603
  0.207029,  0.260106
  0.207052,  0.243606
  0.207075,  0.227103
  0.207098,  0.210596
  0.207120,  0.194085
  0.207143,  0.177570
  0.207166,  0.161052
  0.207188,  0.144531
  0.207211,  0.128005
  0.207234,  0.111477
  0.207256,  0.094944
  0.207279,  0.078408
  0.207302,  0.061868
  0.207324,  0.045325
  0.207347,  0.028778
  0.207370,  0.012227
  0.207392, -0.004327
  0.207415, -0.020885
  0.207438, -0.037446
  0.207460, -0.054011
  0.207483, -0.070580
  0.207506, -0.087152
  0.207528, -0.103728
  0.207551, -0.120308
  0.207574, -0.136891
  0.207596, -0.153478
  0.207619, -0.170068
  0.207642, -0.186663
  0.207664, -0.203260
  0.207687, -0.219861
  0.207710, -0.236466
  0.207732, -0.253075
  0.207755, -0.269687
  0.207778, -0.286303
  0.207800, -0.302922
  0.207823, -0.319545
  0.207846, -0.336172
  0.207868, -0.352802
  0.207891, -0.369436
  0.207914, -0.386073
  0.207937, -0.402715
  0.207959, -0.412568
  0.207982, -0.396010
  0.208005, -0.379449
  0.208027, -0.362884
  0.208050, -0.346316
  0.208073, -0.329744
  0.208095, -0.313168
  0.208118, -0.296589
  0.208141, -0.280006
  0.208163, -0.263419
  0.208186, -0.246829
  0.208209, -0.230235
  0.208231, -0.213637
  0.208254, -0.197036
  0.208277, -0.180432
  0.208299, -0.163823
  0.208322, -0.147211
  0.208345, -0.130596
  0.208367, -0.113977
  0.208390, -0.097354
  0.208413, -0.080727
  0.208435, -0.064097
  0.208458, -0.047464
  0.208481, -0.030826
  0.208503, -0.014185
  0.208526,  0.002459
  0.208549,  0.019107
  0.208571,  0.035759
  0.208594,  0.052414
  0.208617,  0.069073
  0.208639,  0.085736
  0.208662,  0.102402
  0.208685,  0.119072
  0.208707,  0.135746
  0.208730,  0.152423
  0.208753,  0.169103
  0.208776,  0.185788
  0.208798,  0.202476
  0.208821,  0.219167
  0.208844,  0.235863
  0.208866,  0.252561
  0.208889,  0.269264
  0.208912,  0.285970
  0.208934,  0.302680
  0.208957,  0.319393
  0.208980,  0.336110
  0.209002,  0.352830
  0.209025,  0.369554
  0.209048,  0.386282
  0.209070,  0.403014
  0.209093,  0.416714
  0.209116,  0.400066
  0.209138,  0.383414
  0.209161,  0.366759
  0.209184,  0.350100
  0.209206,  0.333438
  0.209229,  0.316772
  0.209252,  0.300102
  0.209274,  0.283429
  0.209297,  0.266752
  0.209320,  0.250072
  0.209342,  0.233387
  0.209365,  0.216700
  0.209388,  0.200008
  0.209410,  0.183313
  0.209433,  0.166615
  0.209456,  0.149912
  0.209478,  0.133207
  0.209501,  0.116497
  0.209524,  0.099784
  0.209546,  0.083067
  0.209569,  0.066347
  0.209592,  0.049623
  0.209615,  0.032895
  0.209637,  0.016164
  0.209660, -0.000571
  0.209683, -0.017309
  0.209705, -0.034051
  0.209728, -0.050797
  0.209751, -0.067546
  0.209773, -0.084299
  0.209796, -0.101055
  0.209819, -0.117816
  0.209841, -0.134579
  0.209864, -0.151347
  0.209887, -0.168118
  0.209909, -0.184892
  0.209932, -0.201671
  0.209955, -0.218453
  0.209977, -0.235238
  0.210000, -0.252027
  0.210023, -0.268820
  0.210045, -0.285616
  0.210068, -0.302416
  0.210091, -0.319220
  0.210113, -0.336027
  0.210136, -0.352838
  0.210159, -0.369652
  0.210181, -0.386470
  0.210204, -0.403292
  0.210227, -0.420117
  0.210249, -0.404142
  0.210272, -0.387400
  0.210295, -0.370655
  0.210317, -0.353906
  0.210340, -0.337153
  0.210363, -0.320397
  0.210385, -0.303637
  0.210408, -0.286873
  0.210431, -0.270106
  0.210454, -0.253335
  0.210476, -0.236561
  0.210499, -0.219783
  0.210522, -0.203001
  0.210544, -0.186216
  0.210567, -0.169427
  0.210590, -0.152634
  0.210612, -0.135838
  0.210635, -0.119038
  0.210658, -0.102235
  0.210680, -0.085428
  0.210703, -0.068617
  0.210726, -0.051803
  0.210748, -0.034985
  0.210771, -0.018164
  0.210794, -0.001339
  0.210816,  0.015490
  0.210839,  0.032323
  0.210862,  0.049159
  0.210884,  0.065998
  0.210907,  0.082841
  0.210930,  0.099688
  0.210952,  0.116539
  0.210975,  0.133393
  0.210998,  0.150250
  0.211020,  0.167112
  0.211043,  0.183977
  0.211066,  0.200845
  0.211088,  0.217717
  0.211111,  0.234593
  0.211134,  0.251473
  0.211156,  0.268356
  0.211179,  0.285242
  0.211202,  0.302132
  0.211224,  0.319026
  0.211247,  0.335924
  0.211270,  0.352825
  0.211293,  0.369730
  0.211315,  0.386638
  0.211338,  0.403550
  0.211361,  0.420466
  0.211383,  0.408239
  0.211406,  0.391407
  0.211429,  0.374571
  0.211451,  0.357731
  0.211474,  0.340888
  0.211497,  0.324042
  0.211519,  0.307192
  0.211542,  0.290338
  0.211565,  0.273480
  0.211587,  0.256619
  0.211610,  0.239754
  0.211633,  0.222886
  0.211655,  0.206014
  0.211678,  0.189138
  0.211701,  0.172259
  0.211723,  0.155376
  0.211746,  0.138490
  0.211769,  0.121600
  0.211791,  0.104706
  0.211814,  0.087809
  0.211837,  0.070908
  0.211859,  0.054004
  0.211882,  0.037095
  0.211905,  0.020184
  0.211927,  0.003268
  0.211950, -0.013651
  0.211973, -0.030573
  0.211995, -0.047500
  0.212018, -0.064430
  0.212041, -0.081363
  0.212063, -0.098300
  0.212086, -0.115241
  0.212109, -0.132185
  0.212132, -0.149133
  0.212154, -0.166085
  0.212177, -0.183040
  0.212200, -0.199999
  0.212222, -0.216961
  0.212245, -0.233928
  0.212268, -0.250897
  0.212290, -0.267871
  0.212313, -0.284847
  0.212336, -0.301828
  0.212358, -0.318812
  0.212381, -0.335800
  0.212404, -0.352791
  0.212426, -0.369786
  0.212449, -0.386785
  0.212472, -0.403787
  0.212494, -0.420793
  0.212517, -0.412356
  0.212540, -0.395433
  0.212562, -0.378507
  0.212585, -0.361578
  0.212608, -0.344644
  0.212630, -0.327708
  0.212653, -0.310767
  0.212676, -0.293823
  0.212698, -0.276875
  0.212721, -0.259924
  0.212744, -0.242969
  0.212766, -0.226010
  0.212789, -0.209048
  0.212812, -0.192082
  0.212834, -0.175112
  0.212857, -0.158139
  0.212880, -0.141163
  0.212902, -0.124182
  0.212925, -0.107198
  0.212948, -0.090211
  0.212971, -0.073219
  0.212993, -0.056225
  0.213016, -0.039226
  0.213039, -0.022224
  0.213061, -0.005218
  0.213084,  0.011791
  0.213107,  0.028804
  0.213129,  0.045820
  0.213152,  0.062841
  0.213175,  0.079864
  0.213197,  0.096892
  0.213220,  0.113923
  0.213243,  0.130957
  0.213265,  0.147996
  0.213288,  0.165038
  0.213311,  0.182083
  0.213333,  0.199132
  0.213356,  0.216185
  0.213379,  0.233241
  0.213401,  0.250301
  0.213424,  0.267365
  0.213447,  0.284432
  0.213469,  0.301503
  0.213492,  0.318578
  0.213515,  0.335656
  0.213537,  0.352737
  0.213560,  0.369823
  0.213583,  0.386912
  0.213605,  0.404004
  0.213628,  0.421100
  0.213651,  0.416494
  0.213673,  0.399481
  0.213696,  0.382465
  0.213719,  0.365445
  0.213741,  0.348421
  0.213764,  0.331394
  0.213787,  0.314363
  0.213810,  0.297329
  0.213832,  0.280291
  0.213855,  0.263249
  0.213878,  0.246204
  0.213900,  0.229155
  0.213923,  0.212102
  0.213946,  0.195046
  0.213968,  0.177986
  0.213991,  0.160923
  0.214014,  0.143856
  0.214036,  0.126785
  0.214059,  0.109711
  0.214082,  0.092633
  0.214104,  0.075551
  0.214127,  0.058466
  0.214150,  0.041378
  0.214172,  0.024285
  0.214195,  0.007189
  0.214218, -0.009910
  0.214240, -0.027014
  0.214263, -0.044121
  0.214286, -0.061231
  0.214308, -0.078345
  0.214331, -0.095463
  0.214354, -0.112584
  0.214376, -0.129709
  0.214399, -0.146838
  0.214422, -0.163970
  0.214444, -0.181106
  0.214467, -0.198245
  0.214490, -0.215388
  0.214512, -0.232535
  0.214535, -0.249685
  0.214558, -0.266839
  0.214580, -0.283996
  0.214603, -0.301158
  0.214626, -0.318322
  0.214649, -0.335491
  0.214671, -0.352663
  0.214694, -0.369838
  0.214717, -0.387018
  0.214739, -0.404200
  0.214762, -0.421387
  0.214785, -0.420652
  0.214807, -0.403549
  0.214830, -0.386442
  0.214853, -0.369332
  0.214875, -0.352218
  0.214898, -0.335101
  0.214921, -0.317980
  0.214943, -0.300855
  0.214966, -0.283727
  0.214989, -0.266595
  0.215011, -0.249459
  0.215034, -0.232320
  0.215057, -0.215177
  0.215079, -0.198030
  0.215102, -0.180880
  0.215125, -0.163727
  0.215147, -0.146569
  0.215170, -0.129408
  0.215193, -0.112244
  0.215215, -0.095076
  0.215238, -0.077904
  0.215261, -0.060728
  0.215283, -0.043549
  0.215306, -0.026367
  0.215329, -0.009181
  0.215351,  0.008009
  0.215374,  0.025203
  0.215397,  0.042400
  0.215420,  0.059601
  0.215442,  0.076805
  0.215465,  0.094013
  0.215488,  0.111225
  0.215510,  0.128440
  0.215533,  0.145659
  0.215556,  0.162881
  0.215578,  0.180107
  0.215601,  0.197337
  0.215624,  0.214570
  0.215646,  0.231807
  0.215669,  0.249048
  0.215692,  0.266292
  0.215714,  0.283540
  0.215737,  0.300791
  0.215760,  0.318046
  0.215782,  0.335305
  0.215805,  0.352567
  0.215828,  0.369833
  0.215850,  0.387103
  0.215873,  0.404376
  0.215896,  0.421653
  0.215918,  0.424831
  0.215941,  0.407638
  0.215964,  0.390441
  0.215986,  0.373240
  0.216009,  0.356036
  0.216032,  0.338828
  0.216054,  0.321617
  0.216077,  0.304402
  0.216100,  0.287183
  0.216122,  0.269961
  0.216145,  0.252735
  0.216168,  0.235505
  0.216190,  0.218272
  0.216213,  0.201036
  0.216236,  0.183795
  0.216259,  0.166551
  0.216281,  0.149304
  0.216304,  0.132052
  0.216327,  0.114798
  0.216349,  0.097539
  0.216372,  0.080277
  0.216395,  0.063011
  0.216417,  0.045742
  0.216440,  0.028469
  0.216463,  0.011192
  0.216485, -0.006088
  0.216508, -0.023372
  0.216531, -0.040659
  0.216553, -0.057950
  0.216576, -0.075245
  0.216599, -0.092543
  0.216621, -0.109845
  0.216644, -0.127150
  0.216667, -0.144460
  0.216689, -0.161772
  0.216712, -0.179089
  0.216735, -0.196409
  0.216757, -0.213732
  0.216780, -0.231060
  0.216803, -0.248390
  0.216825, -0.265725
  0.216848, -0.283063
  0.216871, -0.300405
  0.216893, -0.317750
  0.216916, -0.335099
  0.216939, -0.352452
  0.216961, -0.369808
  0.216984, -0.387168
  0.217007, -0.404531
  0.217029, -0.421898
  0.217052, -0.429030
  0.217075, -0.411747
  0.217098, -0.394460
  0.217120, -0.377169
  0.217143, -0.359874
  0.217166, -0.342576
  0.217188, -0.325275
  0.217211, -0.307969
  0.217234, -0.290660
  0.217256, -0.273348
  0.217279, -0.256032
  0.217302, -0.238712
  0.217324, -0.221388
  0.217347, -0.204061
  0.217370, -0.186731
  0.217392, -0.169396
  0.217415, -0.152058
  0.217438, -0.134717
  0.217460, -0.117372
  0.217483, -0.100023
  0.217506, -0.082671
  0.217528, -0.065315
  0.217551, -0.047955
  0.217574, -0.030592
  0.217596, -0.013225
  0.217619,  0.004146
  0.217642,  0.021520
  0.217664,  0.038897
  0.217687,  0.056279
  0.217710,  0.073664
  0.217732,  0.091052
  0.217755,  0.108444
  0.217778,  0.125840
  0.217800,  0.143240
  0.217823,  0.160643
  0.217846,  0.178049
  0.217868,  0.195460
  0.217891,  0.212874
  0.217914,  0.230291
  0.217937,  0.247712
  0.217959,  0.265137
  0.217982,  0.282566
  0.218005,  0.299998
  0.218027,  0.317433
  0.218050,  0.334872
  0.218073,  0.352315
  0.218095,  0.369762
  0.218118,  0.387212
  0.218141,  0.404666
  0.218163,  0.422123
  0.218186,  0.433250
  0.218209,  0.415877
  0.218231,  0.398499
  0.218254,  0.381118
  0.218277,  0.363733
  0.218299,  0.346345
  0.218322,  0.328953
  0.218345,  0.311557
  0.218367,  0.294158
  0.218390,  0.276755
  0.218413,  0.259349
  0.218435,  0.241939
  0.218458,  0.224525
  0.218481,  0.207108
  0.218503,  0.189687
  0.218526,  0.172262
  0.218549,  0.154834
  0.218571,  0.137402
  0.218594,  0.119967
  0.218617,  0.102528
  0.218639,  0.085085
  0.218662,  0.067639
  0.218685,  0.050189
  0.218707,  0.032735
  0.218730,  0.015278
  0.218753, -0.002183
  0.218776, -0.019647
  0.218798, -0.037115
  0.218821, -0.054587
  0.218844, -0.072062
  0.218866, -0.089541
  0.218889, -0.107023
  0.218912, -0.124510
  0.218934, -0.141999
  0.218957, -0.159493
  0.218980, -0.176990
  0.219002, -0.194490
  0.219025, -0.211994
  0.219048, -0.229502
  0.219070, -0.247014
  0.219093, -0.264529
  0.219116, -0.282047
  0.219138, -0.299570
  0.219161, -0.317096
  0.219184, -0.334625
  0.219206, -0.352158
  0.219229, -0.369695
  0.219252, -0.387236
  0.219274, -0.404780
  0.219297, -0.422327
  0.219320, -0.437491
  0.219342, -0.420027
  0.219365, -0.402559
  0.219388, -0.385088
  0.219410, -0.367613
  0.219433, -0.350134
  0.219456, -0.332652
  0.219478, -0.315166
  0.219501, -0.297676
  0.219524, -0.280183
  0.219546, -0.262686
  0.219569, -0.245186
  0.219592, -0.227682
  0.219615, -0.210174
  0.219637, -0.192663
  0.219660, -0.175148
  0.219683, -0.157630
  0.219705, -0.140108
  0.219728, -0.122582
  0.219751, -0.105053
  0.219773, -0.087520
  0.219796, -0.069983
  0.219819, -0.052443
  0.219841, -0.034899
  0.219864, -0.017352
  0.219887,  0.000199
  0.219909,  0.017754
  0.219932,  0.035312
  0.219955,  0.052874
  0.219977,  0.070440
  0.220000,  0.088009
  0.220023,  0.105582
  0.220045,  0.123158
  0.220068,  0.140738
  0.220091,  0.158322
  0.220113,  0.175909
  0.220136,  0.193500
  0.220159,  0.211095
  0.220181,  0.228693
  0.220204,  0.246294
  0.220227,  0.263900
  0.220249,  0.281509
  0.220272,  0.299121
  0.220295,  0.316738
  0.220317,  0.334357
  0.220340,  0.351981
  0.220363,  0.369608
  0.220385,  0.387239
  0.220408,  0.404873
  0.220431,  0.422511
  0.220454,  0.440152
  0.220476,  0.424198
  0.220499,  0.406640
  0.220522,  0.389078
  0.220544,  0.371513
  0.220567,  0.353944
  0.220590,  0.336371
  0.220612,  0.318795
  0.220635,  0.301215
  0.220658,  0.283632
  0.220680,  0.266045
  0.220703,  0.248454
  0.220726,  0.230860
  0.220748,  0.213262
  0.220771,  0.195660
  0.220794,  0.178055
  0.220816,  0.160446
  0.220839,  0.142834
  0.220862,  0.125218
  0.220884,  0.107598
  0.220907,  0.089975
  0.220930,  0.072348
  0.220952,  0.054718
  0.220975,  0.037084
  0.220998,  0.019446
  0.221020,  0.001804
  0.221043, -0.015841
  0.221066, -0.033489
  0.221088, -0.051141
  0.221111, -0.068797
  0.221134, -0.086457
  0.221156, -0.104120
  0.221179, -0.121786
  0.221202, -0.139457
  0.221224, -0.157131
  0.221247, -0.174808
  0.221270, -0.192489
  0.221293, -0.210174
  0.221315, -0.227863
  0.221338, -0.245555
  0.221361, -0.263250
  0.221383, -0.280950
  0.221406, -0.298652
  0.221429, -0.316359
  0.221451, -0.334069
  0.221474, -0.351783
  0.221497, -0.369500
  0.221519, -0.387221
  0.221542, -0.404946
  0.221565, -0.422674
  0.221587, -0.440406
  0.221610, -0.428389
  0.221633, -0.410741
  0.221655, -0.393089
  0.221678, -0.375433
  0.221701, -0.357774
  0.221723, -0.340111
  0.221746, -0.322445
  0.221769, -0.304775
  0.221791, -0.287101
  0.221814, -0.269423
  0.221837, -0.251743
  0.221859, -0.234058
  0.221882, -0.216370
  0.221905, -0.198678
  0.221927, -0.180982
  0.221950, -0.163283
  0.221973, -0.145581
  0.221995, -0.127874
  0.222018, -0.110164
  0.222041, -0.092451
  0.222063, -0.074734
  0.222086, -0.057013
  0.222109, -0.039289
  0.222132, -0.021561
  0.222154, -0.003829
  0.222177,  0.013906
  0.222200,  0.031645
  0.222222,  0.049388
  0.222245,  0.067134
  0.222268,  0.084884
  0.222290,  0.102637
  0.222313,  0.120394
  0.222336,  0.138155
  0.222358,  0.155919
  0.222381,  0.173687
  0.222404,  0.191458
  0.222426,  0.209233
  0.222449,  0.227012
  0.222472,  0.244794
  0.222494,  0.262580
  0.222517,  0.280370
  0.222540,  0.298163
  0.222562,  0.315960
  0.222585,  0.333760
  0.222608,  0.351564
  0.222630,  0.369372
  0.222653,  0.387183
  0.222676,  0.404998
  0.222698,  0.422817
  0.222721,  0.440639
  0.222744,  0.432601
  0.222766,  0.414863
  0.222789,  0.397120
  0.222812,  0.379374
  0.222834,  0.361625
  0.222857,  0.343872
  0.222880,  0.326115
  0.222902,  0.308355
  0.222925,  0.290591
  0.222948,  0.272823
  0.222971,  0.255052
  0.222993,  0.237277
  0.223016,  0.219498
  0.223039,  0.201716
  0.223061,  0.183930
  0.223084,  0.166141
  0.223107,  0.148348
  0.223129,  0.130551
  0.223152,  0.112751
  0.223175,  0.094947
  0.223197,  0.077140
  0.223220,  0.059329
  0.223243,  0.041514
  0.223265,  0.023696
  0.223288,  0.005874
  0.223311, -0.011952
  0.223333, -0.029781
  0.223356, -0.047614
  0.223379, -0.065450
  0.223401, -0.083290
  0.223424, -0.101134
  0.223447, -0.118981
  0.223469, -0.136832
  0.223492, -0.154686
  0.223515, -0.172545
  0.223537, -0.190406
  0.223560, -0.208272
  0.223583, -0.226141
  0.223605, -0.244013
  0.223628, -0.261890
  0.223651, -0.279769
  0.223673, -0.297653
  0.223696, -0.315540
  0.223719, -0.333431
  0.223741, -0.351325
  0.223764, -0.369223
  0.223787, -0.387125
  0.223810, -0.405030
  0.223832, -0.422939
  0.223855, -0.440851
  0.223878, -0.436834
  0.223900, -0.419005
  0.223923, -0.401172
  0.223946, -0.383336
  0.223968, -0.365496
  0.223991, -0.347653
  0.224014, -0.329806
  0.224036, -0.311955
  0.224059, -0.294101
  0.224082, -0.276243
  0.224104, -0.258381
  0.224127, -0.240516
  0.224150, -0.222647
  0.224172, -0.204775
  0.224195, -0.186899
  0.224218, -0.169019
  0.224240, -0.151136
  0.224263, -0.133249
  0.224286, -0.115359
  0.224308, -0.097464
  0.224331, -0.079567
  0.224354, -0.061665
  0.224376, -0.043760
  0.224399, -0.025852
  0.224422, -0.007940
  0.224444,  0.009976
  0.224467,  0.027896
  0.224490,  0.045819
  0.224512,  0.063746
  0.224535,  0.081676
  0.224558,  0.099610
  0.224580,  0.117547
  0.224603,  0.135489
  0.224626,  0.153433
  0.224649,  0.171382
  0.224671,  0.189334
  0.224694,  0.207290
  0.224717,  0.225249
  0.224739,  0.243212
  0.224762,  0.261178
  0.224785,  0.279148
  0.224807,  0.297122
  0.224830,  0.315100
  0.224853,  0.333081
  0.224875,  0.351065
  0.224898,  0.369053
  0.224921,  0.387045
  0.224943,  0.405041
  0.224966,  0.423040
  0.224989,  0.441043
  0.225011,  0.441087
  0.225034,  0.423168
  0.225057,  0.405245
  0.225079,  0.387318
  0.225102,  0.369388
  0.225125,  0.351455
  0.225147,  0.333517
  0.225170,  0.315576
  0.225193,  0.297632
  0.225215,  0.279683
  0.225238,  0.261732
  0.225261,  0.243776
  0.225283,  0.225817
  0.225306,  0.207854
  0.225329,  0.189888
  0.225351,  0.171918
  0.225374,  0.153944
  0.225397,  0.135967
  0.225420,  0.117987
  0.225442,  0.100002
  0.225465,  0.082014
  0.225488,  0.064022
  0.225510,  0.046027
  0.225533,  0.028028
  0.225556,  0.010026
  0.225578, -0.007980
  0.225601, -0.025990
  0.225624, -0.044004
  0.225646, -0.062021
  0.225669, -0.080041
  0.225692, -0.098065
  0.225714, -0.116093
  0.225737, -0.134125
  0.225760, -0.152160
  0.225782, -0.170199
  0.225805, -0.188241
  0.225828, -0.206287
  0.225850, -0.224336
  0.225873, -0.242390
  0.225896, -0.260446
  0.225918, -0.278507
  0.225941, -0.296571
  0.225964, -0.314639
  0.225986, -0.332710
  0.226009, -0.350785
  0.226032, -0.368863
  0.226054, -0.386946
  0.226077, -0.405031
  0.226100, -0.423121
  0.226122, -0.441214
  0.226145, -0.445361
  0.226168, -0.427351
  0.226190, -0.409338
  0.226213, -0.391321
  0.226236, -0.373301
  0.226259, -0.355277
  0.226281, -0.337249
  0.226304, -0.319218
  0.226327, -0.301183
  0.226349, -0.283145
  0.226372, -0.265102
  0.226395, -0.247057
  0.226417, -0.229007
  0.226440, -0.210954
  0.226463, -0.192898
  0.226485, -0.174837
  0.226508, -0.156774
  0.226531, -0.138706
  0.226553, -0.120635
  0.226576, -0.102560
  0.226599, -0.084482
  0.226621, -0.066400
  0.226644, -0.048314
  0.226667, -0.030225
  0.226689, -0.012132
  0.226712,  0.005964
  0.226735,  0.024064
  0.226757,  0.042168
  0.226780,  0.060275
  0.226803,  0.078386
  0.226825,  0.096500
  0.226848,  0.114619
  0.226871,  0.132740
  0.226893,  0.150866
  0.226916,  0.168995
  0.226939,  0.187127
  0.226961,  0.205264
  0.226984,  0.223404
  0.227007,  0.241547
  0.227029,  0.259694
  0.227052,  0.277845
  0.227075,  0.295999
  0.227098,  0.314157
  0.227120,  0.332319
  0.227143,  0.350484
  0.227166,  0.368653
  0.227188,  0.386825
  0.227211,  0.405001
  0.227234,  0.423181
  0.227256,  0.441364
  0.227279,  0.449655
  0.227302,  0.431555
  0.227324,  0.413452
  0.227347,  0.395345
  0.227370,  0.377234
  0.227392,  0.359120
  0.227415,  0.341002
  0.227438,  0.322880
  0.227460,  0.304755
  0.227483,  0.286626
  0.227506,  0.268494
  0.227528,  0.250358
  0.227551,  0.232218
  0.227574,  0.214075
  0.227596,  0.195928
  0.227619,  0.177777
  0.227642,  0.159623
  0.227664,  0.141465
  0.227687,  0.123304
  0.227710,  0.105139
  0.227732,  0.086970
  0.227755,  0.068798
  0.227778,  0.050622
  0.227800,  0.032443
  0.227823,  0.014260
  0.227846, -0.003927
  0.227868, -0.022117
  0.227891, -0.040311
  0.227914, -0.058509
  0.227937, -0.076710
  0.227959, -0.094915
  0.227982, -0.113123
  0.228005, -0.131335
  0.228027, -0.149551
  0.228050, -0.167770
  0.228073, -0.185993
  0.228095, -0.204220
  0.228118, -0.222450
  0.228141, -0.240684
  0.228163, -0.258921
  0.228186, -0.277162
  0.228209, -0.295407
  0.228231, -0.313655
  0.228254, -0.331907
  0.228277, -0.350162
  0.228299, -0.368422
  0.228322, -0.386684
  0.228345, -0.404951
  0.228367, -0.423221
  0.228390, -0.441494
  0.228413, -0.453970
  0.228435, -0.435780
  0.228458, -0.417586
  0.228481, -0.399389
  0.228503, -0.381188
  0.228526, -0.362983
  0.228549, -0.344775
  0.228571, -0.326563
  0.228594, -0.308348
  0.228617, -0.290128
  0.228639, -0.271906
  0.228662, -0.253679
  0.228685, -0.235449
  0.228707, -0.217216
  0.228730, -0.198979
  0.228753, -0.180738
  0.228776, -0.162493
  0.228798, -0.144245
  0.228821, -0.125994
  0.228844, -0.107738
  0.228866, -0.089479
  0.228889, -0.071217
  0.228912, -0.052951
  0.228934, -0.034681
  0.228957, -0.016408
  0.228980,  0.001869
  0.229002,  0.020150
  0.229025,  0.038434
  0.229048,  0.056722
  0.229070,  0.075014
  0.229093,  0.093309
  0.229116,  0.111608
  0.229138,  0.129910
  0.229161,  0.148216
  0.229184,  0.166525
  0.229206,  0.184839
  0.229229,  0.203155
  0.229252,  0.221476
  0.229274,  0.239800
  0.229297,  0.258128
  0.229320,  0.276459
  0.229342,  0.294794
  0.229365,  0.313132
  0.229388,  0.331475
  0.229410,  0.349820
  0.229433,  0.368170
  0.229456,  0.386523
  0.229478,  0.404880
  0.229501,  0.423240
  0.229524,  0.441604
  0.229546,  0.458305
  0.229569,  0.440025
  0.229592,  0.421741
  0.229615,  0.403453
  0.229637,  0.385162
  0.229660,  0.366867
  0.229683,  0.348569
  0.229705,  0.330266
  0.229728,  0.311961
  0.229751,  0.293651
  0.229773,  0.275338
  0.229796,  0.257022
  0.229819,  0.238701
  0.229841,  0.220377
  0.229864,  0.202050
  0.229887,  0.183719
  0.229909,  0.165384
  0.229932,  0.147046
  0.229955,  0.128704
  0.229977,  0.110358
  0.230000,  0.092009
  0.230023,  0.073656
  0.230045,  0.055300
  0.230068,  0.036940
  0.230091,  0.018576
  0.230113,  0.000209
  0.230136, -0.018162
  0.230159, -0.036537
  0.230181, -0.054915
  0.230204, -0.073297
  0.230227, -0.091682
  0.230249, -0.110071
  0.230272, -0.128464
  0.230295, -0.146860
  0.230317, -0.165260
  0.230340, -0.183663
  0.230363, -0.202071
  0.230385, -0.220481
  0.230408, -0.238896
  0.230431, -0.257314
  0.230454, -0.275735
  0.230476, -0.294160
  0.230499, -0.312589
  0.230522, -0.331022
  0.230544, -0.349458
  0.230567, -0.367898
  0.230590, -0.386341
  0.230612, -0.404788
  0.230635, -0.423238
  0.230658, -0.441693
  0.230680, -0.460150
  0.230703, -0.444291
  0.230726, -0.425916
  0.230748, -0.407538
  0.230771, -0.389157
  0.230794, -0.370772
  0.230816, -0.352383
  0.230839, -0.333990
  0.230862, -0.315594
  0.230884, -0.297195
  0.230907, -0.278791
  0.230930, -0.260384
  0.230952, -0.241974
  0.230975, -0.223560
  0.230998, -0.205142
  0.231020, -0.186721
  0.231043, -0.168296
  0.231066, -0.149867
  0.231088, -0.131435
  0.231111, -0.112999
  0.231134, -0.094559
  0.231156, -0.076116
  0.231179, -0.057669
  0.231202, -0.039219
  0.231224, -0.020765
  0.231247, -0.002307
  0.231270,  0.016154
  0.231293,  0.034619
  0.231315,  0.053087
  0.231338,  0.071559
  0.231361,  0.090035
  0.231383,  0.108514
  0.231406,  0.126997
  0.231429,  0.145484
  0.231451,  0.163974
  0.231474,  0.182468
  0.231497,  0.200965
  0.231519,  0.219466
  0.231542,  0.237971
  0.231565,  0.256479
  0.231587,  0.274991
  0.231610,  0.293506
  0.231633,  0.312026
  0.231655,  0.330548
  0.231678,  0.349075
  0.231701,  0.367605
  0.231723,  0.386138
  0.231746,  0.404676
  0.231769,  0.423216
  0.231791,  0.441761
  0.231814,  0.460309
  0.231837,  0.448577
  0.231859,  0.430112
  0.231882,  0.411644
  0.231905,  0.393172
  0.231927,  0.374697
  0.231950,  0.356218
  0.231973,  0.337735
  0.231995,  0.319249
  0.232018,  0.300759
  0.232041,  0.282265
  0.232063,  0.263768
  0.232086,  0.245267
  0.232109,  0.226762
  0.232132,  0.208254
  0.232154,  0.189743
  0.232177,  0.171227
  0.232200,  0.152708
  0.232222,  0.134186
  0.232245,  0.115660
  0.232268,  0.097130
  0.232290,  0.078597
  0.232313,  0.060060
  0.232336,  0.041519
  0.232358,  0.022975
  0.232381,  0.004427
  0.232404, -0.014125
  0.232426, -0.032680
  0.232449, -0.051239
  0.232472, -0.069801
  0.232494, -0.088367
  0.232517, -0.106937
  0.232540, -0.125510
  0.232562, -0.144087
  0.232585, -0.162667
  0.232608, -0.181251
  0.232630, -0.199839
  0.232653, -0.218430
  0.232676, -0.237025
  0.232698, -0.255624
  0.232721, -0.274226
  0.232744, -0.292832
  0.232766, -0.311441
  0.232789, -0.330054
  0.232812, -0.348671
  0.232834, -0.367291
  0.232857, -0.385915
  0.232880, -0.404543
  0.232902, -0.423174
  0.232925, -0.441809
  0.232948, -0.460447
  0.232971, -0.452884
  0.232993, -0.434329
  0.233016, -0.415770
  0.233039, -0.397208
  0.233061, -0.378642
  0.233084, -0.360073
  0.233107, -0.341500
  0.233129, -0.322923
  0.233152, -0.304343
  0.233175, -0.285759
  0.233197, -0.267172
  0.233220, -0.248581
  0.233243, -0.229986
  0.233265, -0.211387
  0.233288, -0.192785
  0.233311, -0.174180
  0.233333, -0.155571
  0.233356, -0.136958
  0.233379, -0.118341
  0.233401, -0.099721
  0.233424, -0.081098
  0.233447, -0.062470
  0.233469, -0.043839
  0.233492, -0.025205
  0.233515, -0.006567
  0.233537,  0.012075
  0.233560,  0.030721
  0.233583,  0.049370
  0.233605,  0.068022
  0.233628,  0.086679
  0.233651,  0.105339
  0.233673,  0.124002
  0.233696,  0.142669
  0.233719,  0.161340
  0.233741,  0.180014
  0.233764,  0.198692
  0.233787,  0.217374
  0.233810,  0.236059
  0.233832,  0.254748
  0.233855,  0.273441
  0.233878,  0.292137
  0.233900,  0.310836
  0.233923,  0.329540
  0.233946,  0.348247
  0.233968,  0.366957
  0.233991,  0.385671
  0.234014,  0.404389
  0.234036,  0.423111
  0.234059,  0.441836
  0.234082,  0.460564
  0.234104,  0.457211
  0.234127,  0.438566
  0.234150,  0.419917
  0.234172,  0.401265
  0.234195,  0.382609
  0.234218,  0.363949
  0.234240,  0.345286
  0.234263,  0.326619
  0.234286,  0.307948
  0.234308,  0.289274
  0.234331,  0.270596
  0.234354,  0.251915
  0.234376,  0.233230
  0.234399,  0.214541
  0.234422,  0.195849
  0.234444,  0.177153
  0.234467,  0.158453
  0.234490,  0.139750
  0.234512,  0.121044
  0.234535,  0.102333
  0.234558,  0.083619
  0.234580,  0.064902
  0.234603,  0.046180
  0.234626,  0.027455
  0.234649,  0.008727
  0.234671, -0.010005
  0.234694, -0.028741
  0.234717, -0.047480
  0.234739, -0.066223
  0.234762, -0.084970
  0.234785, -0.103720
  0.234807, -0.122474
  0.234830, -0.141231
  0.234853, -0.159992
  0.234875, -0.178757
  0.234898, -0.197525
  0.234921, -0.216297
  0.234943, -0.235073
  0.234966, -0.253852
  0.234989, -0.272634
  0.235011, -0.291421
  0.235034, -0.310211
  0.235057, -0.329004
  0.235079, -0.347802
  0.235102, -0.366603
  0.235125, -0.385407
  0.235147, -0.404215
  0.235170, -0.423027
  0.235193, -0.441842
  0.235215, -0.460661
  0.235238, -0.461559
  0.235261, -0.442824
  0.235283, -0.424085
  0.235306, -0.405342
  0.235329, -0.386595
  0.235351, -0.367845
  0.235374, -0.349092
  0.235397, -0.330335
  0.235420, -0.311574
  0.235442, -0.292809
  0.235465, -0.274041
  0.235488, -0.255270
  0.235510, -0.236494
  0.235533, -0.217715
  0.235556, -0.198933
  0.235578, -0.180147
  0.235601, -0.161357
  0.235624, -0.142563
  0.235646, -0.123766
  0.235669, -0.104966
  0.235692, -0.086161
  0.235714, -0.067353
  0.235737, -0.048542
  0.235760, -0.029727
  0.235782, -0.010908
  0.235805,  0.007914
  0.235828,  0.026740
  0.235850,  0.045570
  0.235873,  0.064403
  0.235896,  0.083240
  0.235918,  0.102081
  0.235941,  0.120925
  0.235964,  0.139772
  0.235986,  0.158624
  0.236009,  0.177479
  0.236032,  0.196337
  0.236054,  0.215200
  0.236077,  0.234065
  0.236100,  0.252935
  0.236122,  0.271808
  0.236145,  0.290685
  0.236168,  0.309565
  0.236190,  0.328449
  0.236213,  0.347336
  0.236236,  0.366227
  0.236259,  0.385122
  0.236281,  0.404021
  0.236304,  0.422923
  0.236327,  0.441828
  0.236349,  0.460738
  0.236372,  0.465928
  0.236395,  0.447102
  0.236417,  0.428273
  0.236440,  0.409440
  0.236463,  0.390603
  0.236485,  0.371763
  0.236508,  0.352919
  0.236531,  0.334071
  0.236553,  0.315220
  0.236576,  0.296365
  0.236599,  0.277507
  0.236621,  0.258645
  0.236644,  0.239779
  0.236667,  0.220910
  0.236689,  0.202037
  0.236712,  0.183161
  0.236735,  0.164281
  0.236757,  0.145397
  0.236780,  0.126510
  0.236803,  0.107619
  0.236825,  0.088724
  0.236848,  0.069826
  0.236871,  0.050924
  0.236893,  0.032019
  0.236916,  0.013110
  0.236939, -0.005803
  0.236961, -0.024719
  0.236984, -0.043639
  0.237007, -0.062563
  0.237029, -0.081490
  0.237052, -0.100421
  0.237075, -0.119355
  0.237098, -0.138293
  0.237120, -0.157235
  0.237143, -0.176180
  0.237166, -0.195129
  0.237188, -0.214081
  0.237211, -0.233038
  0.237234, -0.251997
  0.237256, -0.270961
  0.237279, -0.289928
  0.237302, -0.308898
  0.237324, -0.327872
  0.237347, -0.346850
  0.237370, -0.365832
  0.237392, -0.384817
  0.237415, -0.403806
  0.237438, -0.422798
  0.237460, -0.441794
  0.237483, -0.460793
  0.237506, -0.470317
  0.237528, -0.451401
  0.237551, -0.432481
  0.237574, -0.413558
  0.237596, -0.394631
  0.237619, -0.375700
  0.237642, -0.356766
  0.237664, -0.337828
  0.237687, -0.318887
  0.237710, -0.299942
  0.237732, -0.280993
  0.237755, -0.262041
  0.237778, -0.243085
  0.237800, -0.224125
  0.237823, -0.205162
  0.237846, -0.186195
  0.237868, -0.167225
  0.237891, -0.148251
  0.237914, -0.129273
  0.237937, -0.110292
  0.237959, -0.091307
  0.237982, -0.072319
  0.238005, -0.053327
  0.238027, -0.034331
  0.238050, -0.015332
  0.238073,  0.003671
  0.238095,  0.022678
  0.238118,  0.041688
  0.238141,  0.060702
  0.238163,  0.079719
  0.238186,  0.098740
  0.238209,  0.117765
  0.238231,  0.136793
  0.238254,  0.155825
  0.238277,  0.174861
  0.238299,  0.193900
  0.238322,  0.212943
  0.238345,  0.231989
  0.238367,  0.251039
  0.238390,  0.270093
  0.238413,  0.289150
  0.238435,  0.308211
  0.238458,  0.327276
  0.238481,  0.346344
  0.238503,  0.365415
  0.238526,  0.384491
  0.238549,  0.403570
  0.238571,  0.422652
  0.238594,  0.441739
  0.238617,  0.460828
  0.238639,  0.474727
  0.238662,  0.455720
  0.238685,  0.436710
  0.238707,  0.417697
  0.238730,  0.398679
  0.238753,  0.379658
  0.238776,  0.360634
  0.238798,  0.341606
  0.238821,  0.322574
  0.238844,  0.303539
  0.238866,  0.284500
  0.238889,  0.265457
  0.238912,  0.246411
  0.238934,  0.227361
  0.238957,  0.208308
  0.238980,  0.189251
  0.239002,  0.170190
  0.239025,  0.151126
  0.239048,  0.132058
  0.239070,  0.112986
  0.239093,  0.093911
  0.239116,  0.074832
  0.239138,  0.055750
  0.239161,  0.036664
  0.239184,  0.017574
  0.239206, -0.001519
  0.239229, -0.020616
  0.239252, -0.039716
  0.239274, -0.058820
  0.239297, -0.077928
  0.239320, -0.097040
  0.239342, -0.116154
  0.239365, -0.135273
  0.239388, -0.154395
  0.239410, -0.173521
  0.239433, -0.192651
  0.239456, -0.211784
  0.239478, -0.230920
  0.239501, -0.250061
  0.239524, -0.269205
  0.239546, -0.288352
  0.239569, -0.307503
  0.239592, -0.326658
  0.239615, -0.345817
  0.239637, -0.364979
  0.239660, -0.384144
  0.239683, -0.403314
  0.239705, -0.422486
  0.239728, -0.441663
  0.239751, -0.460843
  0.239773, -0.479157
  0.239796, -0.460060
  0.239819, -0.440960
  0.239841, -0.421856
  0.239864, -0.402748
  0.239887, -0.383637
  0.239909, -0.364522
  0.239932, -0.345404
  0.239955, -0.326282
  0.239977, -0.307156
  0.240000, -0.288027
  0.240023, -0.268894
  0.240045, -0.249758
  0.240068, -0.230618
  0.240091, -0.211474
  0.240113, -0.192327
  0.240136, -0.173176
  0.240159, -0.154021
  0.240181, -0.134863
  0.240204, -0.115701
  0.240227, -0.096536
  0.240249, -0.077367
  0.240272, -0.058194
  0.240295, -0.039018
  0.240317, -0.019838
  0.240340, -0.000654
  0.240363,  0.018533
  0.240385,  0.037724
  0.240408,  0.056918
  0.240431,  0.076116
  0.240454,  0.095318
  0.240476,  0.114523
  0.240499,  0.133732
  0.240522,  0.152945
  0.240544,  0.172161
  0.240567,  0.191381
  0.240590,  0.210604
  0.240612,  0.229831
  0.240635,  0.249062
  0.240658,  0.268296
  0.240680,  0.287534
  0.240703,  0.306775
  0.240726,  0.326020
  0.240748,  0.345269
  0.240771,  0.364521
  0.240794,  0.383777
  0.240816,  0.403037
  0.240839,  0.422300
  0.240862,  0.441567
  0.240884,  0.460837
  0.240907,  0.480111
  0.240930,  0.464421
  0.240952,  0.445230
  0.240975,  0.426036
  0.240998,  0.406838
  0.241020,  0.387637
  0.241043,  0.368432
  0.241066,  0.349223
  0.241088,  0.330011
  0.241111,  0.310795
  0.241134,  0.291575
  0.241156,  0.272352
  0.241179,  0.253125
  0.241202,  0.233895
  0.241224,  0.214661
  0.241247,  0.195423
  0.241270,  0.176182
  0.241293,  0.156937
  0.241315,  0.137688
  0.241338,  0.118436
  0.241361,  0.099181
  0.241383,  0.079921
  0.241406,  0.060658
  0.241429,  0.041392
  0.241451,  0.022121
  0.241474,  0.002848
  0.241497, -0.016430
  0.241519, -0.035711
  0.241542, -0.054996
  0.241565, -0.074284
  0.241587, -0.093576
  0.241610, -0.112871
  0.241633, -0.132171
  0.241655, -0.151473
  0.241678, -0.170780
  0.241701, -0.190090
  0.241723, -0.209404
  0.241746, -0.228721
  0.241769, -0.248042
  0.241791, -0.267366
  0.241814, -0.286694
  0.241837, -0.306026
  0.241859, -0.325362
  0.241882, -0.344701
  0.241905, -0.364043
  0.241927, -0.383389
  0.241950, -0.402739
  0.241973, -0.422093
  0.241995, -0.441450
  0.242018, -0.460811
  0.242041, -0.480175
  0.242063, -0.468802
  0.242086, -0.449521
  0.242109, -0.430236
  0.242132, -0.410948
  0.242154, -0.391657
  0.242177, -0.372361
  0.242200, -0.353062
  0.242222, -0.333760
  0.242245, -0.314453
  0.242268, -0.295144
  0.242290, -0.275830
  0.242313, -0.256513
  0.242336, -0.237192
  0.242358, -0.217868
  0.242381, -0.198540
  0.242404, -0.179209
  0.242426, -0.159873
  0.242449, -0.140535
  0.242472, -0.121192
  0.242494, -0.101846
  0.242517, -0.082496
  0.242540, -0.063143
  0.242562, -0.043786
  0.242585, -0.024426
  0.242608, -0.005062
  0.242630,  0.014306
  0.242653,  0.033677
  0.242676,  0.053052
  0.242698,  0.072431
  0.242721,  0.091813
  0.242744,  0.111199
  0.242766,  0.130589
  0.242789,  0.149982
  0.242812,  0.169378
  0.242834,  0.188779
  0.242857,  0.208183
  0.242880,  0.227590
  0.242902,  0.247001
  0.242925,  0.266416
  0.242948,  0.285835
  0.242971,  0.305257
  0.242993,  0.324682
  0.243016,  0.344112
  0.243039,  0.363545
  0.243061,  0.382981
  0.243084,  0.402421
  0.243107,  0.421865
  0.243129,  0.441312
  0.243152,  0.460763
  0.243175,  0.480218
  0.243197,  0.473203
  0.243220,  0.453832
  0.243243,  0.434457
  0.243265,  0.415079
  0.243288,  0.395697
  0.243311,  0.376311
  0.243333,  0.356922
  0.243356,  0.337529
  0.243379,  0.318133
  0.243401,  0.298733
  0.243424,  0.279329
  0.243447,  0.259922
  0.243469,  0.240511
  0.243492,  0.221096
  0.243515,  0.201678
  0.243537,  0.182256
  0.243560,  0.162830
  0.243583,  0.143401
  0.243605,  0.123969
  0.243628,  0.104532
  0.243651,  0.085092
  0.243673,  0.065649
  0.243696,  0.046202
  0.243719,  0.026751
  0.243741,  0.007296
  0.243764, -0.012162
  0.243787, -0.031623
  0.243810, -0.051089
  0.243832, -0.070558
  0.243855, -0.090030
  0.243878, -0.109506
  0.243900, -0.128986
  0.243923, -0.148469
  0.243946, -0.167956
  0.243968, -0.187447
  0.243991, -0.206941
  0.244014, -0.226439
  0.244036, -0.245941
  0.244059, -0.265446
  0.244082, -0.284954
  0.244104, -0.304467
  0.244127, -0.323983
  0.244150, -0.343502
  0.244172, -0.363026
  0.244195, -0.382552
  0.244218, -0.402083
  0.244240, -0.421617
  0.244263, -0.441155
  0.244286, -0.460696
  0.244308, -0.480241
  0.244331, -0.477626
  0.244354, -0.458164
  0.244376, -0.438699
  0.244399, -0.419230
  0.244422, -0.399758
  0.244444, -0.380282
  0.244467, -0.360803
  0.244490, -0.341319
  0.244512, -0.321833
  0.244535, -0.302342
  0.244558, -0.282848
  0.244580, -0.263351
  0.244603, -0.243849
  0.244626, -0.224344
  0.244649, -0.204836
  0.244671, -0.185324
  0.244694, -0.165808
  0.244717, -0.146289
  0.244739, -0.126766
  0.244762, -0.107239
  0.244785, -0.087709
  0.244807, -0.068175
  0.244830, -0.048637
  0.244853, -0.029096
  0.244875, -0.009552
  0.244898,  0.009997
  0.244921,  0.029549
  0.244943,  0.049104
  0.244966,  0.068663
  0.244989,  0.088226
  0.245011,  0.107793
  0.245034,  0.127363
  0.245057,  0.146936
  0.245079,  0.166514
  0.245102,  0.186095
  0.245125,  0.205679
  0.245147,  0.225267
  0.245170,  0.244859
  0.245193,  0.264455
  0.245215,  0.284054
  0.245238,  0.303656
  0.245261,  0.323262
  0.245283,  0.342872
  0.245306,  0.362486
  0.245329,  0.382103
  0.245351,  0.401724
  0.245374,  0.421348
  0.245397,  0.440976
  0.245420,  0.460608
  0.245442,  0.480243
  0.245465,  0.482068
  0.245488,  0.462517
  0.245510,  0.442961
  0.245533,  0.423402
  0.245556,  0.403840
  0.245578,  0.384274
  0.245601,  0.364704
  0.245624,  0.345130
  0.245646,  0.325553
  0.245669,  0.305972
  0.245692,  0.286388
  0.245714,  0.266800
  0.245737,  0.247209
  0.245760,  0.227613
  0.245782,  0.208015
  0.245805,  0.188412
  0.245828,  0.168806
  0.245850,  0.149196
  0.245873,  0.129583
  0.245896,  0.109966
  0.245918,  0.090346
  0.245941,  0.070722
  0.245964,  0.051094
  0.245986,  0.031462
  0.246009,  0.011827
  0.246032, -0.007811
  0.246054, -0.027453
  0.246077, -0.047099
  0.246100, -0.066749
  0.246122, -0.086402
  0.246145, -0.106059
  0.246168, -0.125719
  0.246190, -0.145383
  0.246213, -0.165051
  0.246236, -0.184722
  0.246259, -0.204397
  0.246281, -0.224075
  0.246304, -0.243757
  0.246327, -0.263443
  0.246349, -0.283132
  0.246372, -0.302825
  0.246395, -0.322522
  0.246417, -0.342222
  0.246440, -0.361926
  0.246463, -0.381633
  0.246485, -0.401344
  0.246508, -0.421059
  0.246531, -0.440777
  0.246553, -0.460499
  0.246576, -0.480224
  0.246599, -0.486532
  0.246621, -0.466890
  0.246644, -0.447244
  0.246667, -0.427595
  0.246689, -0.407942
  0.246712, -0.388285
  0.246735, -0.368625
  0.246757, -0.348962
  0.246780, -0.329294
  0.246803, -0.309623
  0.246825, -0.289949
  0.246848, -0.270270
  0.246871, -0.250588
  0.246893, -0.230903
  0.246916, -0.211214
  0.246939, -0.191521
  0.246961, -0.171825
  0.246984, -0.152125
  0.247007, -0.132421
  0.247029, -0.112714
  0.247052, -0.093003
  0.247075, -0.073289
  0.247098, -0.053571
  0.247120, -0.033849
  0.247143, -0.014124
  0.247166,  0.005605
  0.247188,  0.025338
  0.247211,  0.045074
  0.247234,  0.064814
  0.247256,  0.084557
  0.247279,  0.104304
  0.247302,  0.124055
  0.247324,  0.143809
  0.247347,  0.163567
  0.247370,  0.183328
  0.247392,  0.203093
  0.247415,  0.222862
  0.247438,  0.242635
  0.247460,  0.262411
  0.247483,  0.282190
  0.247506,  0.301973
  0.247528,  0.321760
  0.247551,  0.341551
  0.247574,  0.361345
  0.247596,  0.381142
  0.247619,  0.400944
  0.247642,  0.420749
  0.247664,  0.440557
  0.247687,  0.460369
  0.247710,  0.480185
  0.247732,  0.491016
  0.247755,  0.471283
  0.247778,  0.451547
  0.247800,  0.431808
  0.247823,  0.412065
  0.247846,  0.392318
  0.247868,  0.372567
  0.247891,  0.352813
  0.247914,  0.333056
  0.247937,  0.313294
  0.247959,  0.293530
  0.247982,  0.273761
  0.248005,  0.253989
  0.248027,  0.234213
  0.248050,  0.214434
  0.248073,  0.194651
  0.248095,  0.174864
  0.248118,  0.155074
  0.248141,  0.135280
  0.248163,  0.115482
  0.248186,  0.095681
  0.248209,  0.075877
  0.248231,  0.056068
  0.248254,  0.036256
  0.248277,  0.016441
  0.248299, -0.003379
  0.248322, -0.023201
  0.248345, -0.043028
  0.248367, -0.062858
  0.248390, -0.082692
  0.248413, -0.102529
  0.248435, -0.122370
  0.248458, -0.142214
  0.248481, -0.162063
  0.248503, -0.181914
  0.248526, -0.201770
  0.248549, -0.221629
  0.248571, -0.241491
  0.248594, -0.261358
  0.248617, -0.281228
  0.248639, -0.301101
  0.248662, -0.320978
  0.248685, -0.340859
  0.248707, -0.360743
  0.248730, -0.380631
  0.248753, -0.400523
  0.248776, -0.420418
  0.248798, -0.440317
  0.248821, -0.460219
  0.248844, -0.480126
  0.248866, -0.495520
  0.248889, -0.475698
  0.248912, -0.455871
  0.248934, -0.436042
  0.248957, -0.416208
  0.248980, -0.396371
  0.249002, -0.376530
  0.249025, -0.356686
  0.249048, -0.336838
  0.249070, -0.316986
  0.249093, -0.297131
  0.249116, -0.277272
  0.249138, -0.257410
  0.249161, -0.237544
  0.249184, -0.217674
  0.249206, -0.197801
  0.249229, -0.177924
  0.249252, -0.158043
  0.249274, -0.138159
  0.249297, -0.118271
  0.249320, -0.098380
  0.249342, -0.078485
  0.249365, -0.058586
  0.249388, -0.038684
  0.249410, -0.018778
  0.249433,  0.001131
  0.249456,  0.021044
  0.249478,  0.040961
  0.249501,  0.060882
  0.249524,  0.080806
  0.249546,  0.100733
  0.249569,  0.120664
  0.249592,  0.140599
  0.249615,  0.160538
  0.249637,  0.180480
  0.249660,  0.200425
  0.249683,  0.220375
  0.249705,  0.240328
  0.249728,  0.260284
  0.249751,  0.280244
  0.249773,  0.300208
  0.249796,  0.320176
  0.249819,  0.340147
  0.249841,  0.360121
  0.249864,  0.380100
  0.249887,  0.400082
  0.249909,  0.420067
  0.249932,  0.440056
  0.249955,  0.460049
  0.249977,  0.480045
  0.250000,  0.500045
  0.250023,  0.480132
  0.250045,  0.460216
  0.250068,  0.440296
  0.250091,  0.420372
  0.250113,  0.400445
  0.250136,  0.380514
  0.250159,  0.360579
  0.250181,  0.340641
  0.250204,  0.320699
  0.250227,  0.300753
  0.250249,  0.280804
  0.250272,  0.260851
  0.250295,  0.240895
  0.250317,  0.220935
  0.250340,  0.200972
  0.250363,  0.181004
  0.250385,  0.161033
  0.250408,  0.141059
  0.250431,  0.121081
  0.250454,  0.101099
  0.250476,  0.081114
  0.250499,  0.061125
  0.250522,  0.041132
  0.250544,  0.021136
  0.250567,  0.001136
  0.250590, -0.018867
  0.250612, -0.038874
  0.250635, -0.058885
  0.250658, -0.078899
  0.250680, -0.098917
  0.250703, -0.118938
  0.250726, -0.138963
  0.250748, -0.158992
  0.250771, -0.179025
  0.250794, -0.199061
  0.250816, -0.219100
  0.250839, -0.239143
  0.250862, -0.259190
  0.250884, -0.279241
  0.250907, -0.299295
  0.250930, -0.319353
  0.250952, -0.339414
  0.250975, -0.359479
  0.250998, -0.379547
  0.251020, -0.399620
  0.251043, -0.419695
  0.251066, -0.439775
  0.251088, -0.459858
  0.251111, -0.479945
  0.251134, -0.500035
  0.251156, -0.484588
  0.251179, -0.464581
  0.251202, -0.444571
  0.251224, -0.424556
  0.251247, -0.404539
  0.251270, -0.384517
  0.251293, -0.364493
  0.251315, -0.344464
  0.251338, -0.324432
  0.251361, -0.304396
  0.251383, -0.284357
  0.251406, -0.264314
  0.251429, -0.244267
  0.251451, -0.224217
  0.251474, -0.204163
  0.251497, -0.184105
  0.251519, -0.164044
  0.251542, -0.143979
  0.251565, -0.123911
  0.251587, -0.103839
  0.251610, -0.083763
  0.251633, -0.063684
  0.251655, -0.043601
  0.251678, -0.023515
  0.251701, -0.003425
  0.251723,  0.016669
  0.251746,  0.036766
  0.251769,  0.056867
  0.251791,  0.076972
  0.251814,  0.097080
  0.251837,  0.117192
  0.251859,  0.137307
  0.251882,  0.157426
  0.251905,  0.177549
  0.251927,  0.197675
  0.251950,  0.217805
  0.251973,  0.237939
  0.251995,  0.258076
  0.252018,  0.278216
  0.252041,  0.298361
  0.252063,  0.318509
  0.252086,  0.338660
  0.252109,  0.358816
  0.252132,  0.378975
  0.252154,  0.399137
  0.252177,  0.419303
  0.252200,  0.439473
  0.252222,  0.459646
  0.252245,  0.479823
  0.252268,  0.500004
  0.252290,  0.489064
  0.252313,  0.468967
  0.252336,  0.448866
  0.252358,  0.428761
  0.252381,  0.408653
  0.252404,  0.388542
  0.252426,  0.368427
  0.252449,  0.348308
  0.252472,  0.328185
  0.252494,  0.308059
  0.252517,  0.287930
  0.252540,  0.267796
  0.252562,  0.247659
  0.252585,  0.227519
  0.252608,  0.207375
  0.252630,  0.187227
  0.252653,  0.167075
  0.252676,  0.146920
  0.252698,  0.126762
  0.252721,  0.106599
  0.252744,  0.086434
  0.252766,  0.066264
  0.252789,  0.046091
  0.252812,  0.025914
  0.252834,  0.005734
  0.252857, -0.014450
  0.252880, -0.034638
  0.252902, -0.054829
  0.252925, -0.075024
  0.252948, -0.095222
  0.252971, -0.115425
  0.252993, -0.135630
  0.253016, -0.155840
  0.253039, -0.176053
  0.253061, -0.196269
  0.253084, -0.216489
  0.253107, -0.236713
  0.253129, -0.256941
  0.253152, -0.277172
  0.253175, -0.297406
  0.253197, -0.317645
  0.253220, -0.337887
  0.253243, -0.358132
  0.253265, -0.378381
  0.253288, -0.398634
  0.253311, -0.418890
  0.253333, -0.439150
  0.253356, -0.459414
  0.253379, -0.479681
  0.253401, -0.499952
  0.253424, -0.493560
  0.253447, -0.473373
  0.253469, -0.453182
  0.253492, -0.432987
  0.253515, -0.412789
  0.253537, -0.392587
  0.253560, -0.372381
  0.253583, -0.352172
  0.253605, -0.331960
  0.253628, -0.311743
  0.253651, -0.291523
  0.253673, -0.271300
  0.253696, -0.251072
  0.253719, -0.230841
  0.253741, -0.210607
  0.253764, -0.190369
  0.253787, -0.170127
  0.253810, -0.149882
  0.253832, -0.129633
  0.253855, -0.109380
  0.253878, -0.089124
  0.253900, -0.068864
  0.253923, -0.048601
  0.253946, -0.028334
  0.253968, -0.008063
  0.253991,  0.012211
  0.254014,  0.032489
  0.254036,  0.052771
  0.254059,  0.073056
  0.254082,  0.093344
  0.254104,  0.113637
  0.254127,  0.133933
  0.254150,  0.154232
  0.254172,  0.174536
  0.254195,  0.194843
  0.254218,  0.215153
  0.254240,  0.235467
  0.254263,  0.255785
  0.254286,  0.276106
  0.254308,  0.296431
  0.254331,  0.316760
  0.254354,  0.337092
  0.254376,  0.357428
  0.254399,  0.377767
  0.254422,  0.398110
  0.254444,  0.418457
  0.254467,  0.438807
  0.254490,  0.459161
  0.254512,  0.479519
  0.254535,  0.499880
  0.254558,  0.498077
  0.254580,  0.477800
  0.254603,  0.457518
  0.254626,  0.437233
  0.254649,  0.416945
  0.254671,  0.396653
  0.254694,  0.376357
  0.254717,  0.356057
  0.254739,  0.335754
  0.254762,  0.315448
  0.254785,  0.295137
  0.254807,  0.274823
  0.254830,  0.254506
  0.254853,  0.234185
  0.254875,  0.213860
  0.254898,  0.193532
  0.254921,  0.173200
  0.254943,  0.152864
  0.254966,  0.132525
  0.254989,  0.112182
  0.255011,  0.091835
  0.255034,  0.071485
  0.255057,  0.051132
  0.255079,  0.030774
  0.255102,  0.010413
  0.255125, -0.009951
  0.255147, -0.030320
  0.255170, -0.050691
  0.255193, -0.071067
  0.255215, -0.091446
  0.255238, -0.111829
  0.255261, -0.132215
  0.255283, -0.152605
  0.255306, -0.172998
  0.255329, -0.193395
  0.255351, -0.213796
  0.255374, -0.234201
  0.255397, -0.254609
  0.255420, -0.275020
  0.255442, -0.295436
  0.255465, -0.315854
  0.255488, -0.336277
  0.255510, -0.356703
  0.255533, -0.377133
  0.255556, -0.397566
  0.255578, -0.418003
  0.255601, -0.438444
  0.255624, -0.458888
  0.255646, -0.479336
  0.255669, -0.499787
  0.255692, -0.502615
  0.255714, -0.482247
  0.255737, -0.461875
  0.255760, -0.441500
  0.255782, -0.421121
  0.255805, -0.400739
  0.255828, -0.380353
  0.255850, -0.359963
  0.255873, -0.339570
  0.255896, -0.319173
  0.255918, -0.298772
  0.255941, -0.278368
  0.255964, -0.257960
  0.255986, -0.237549
  0.256009, -0.217133
  0.256032, -0.196715
  0.256054, -0.176293
  0.256077, -0.155867
  0.256100, -0.135437
  0.256122, -0.115004
  0.256145, -0.094567
  0.256168, -0.074127
  0.256190, -0.053683
  0.256213, -0.033235
  0.256236, -0.012784
  0.256259,  0.007671
  0.256281,  0.028129
  0.256304,  0.048592
  0.256327,  0.069057
  0.256349,  0.089527
  0.256372,  0.110000
  0.256395,  0.130476
  0.256417,  0.150956
  0.256440,  0.171440
  0.256463,  0.191928
  0.256485,  0.212419
  0.256508,  0.232914
  0.256531,  0.253412
  0.256553,  0.273914
  0.256576,  0.294419
  0.256599,  0.314928
  0.256621,  0.335441
  0.256644,  0.355958
  0.256667,  0.376478
  0.256689,  0.397001
  0.256712,  0.417529
  0.256735,  0.438060
  0.256757,  0.458594
  0.256780,  0.479132
  0.256803,  0.499674
  0.256825,  0.507173
  0.256848,  0.486715
  0.256871,  0.466253
  0.256893,  0.445787
  0.256916,  0.425318
  0.256939,  0.404845
  0.256961,  0.384369
  0.256984,  0.363889
  0.257007,  0.343405
  0.257029,  0.322918
  0.257052,  0.302427
  0.257075,  0.281933
  0.257098,  0.261435
  0.257120,  0.240933
  0.257143,  0.220428
  0.257166,  0.199919
  0.257188,  0.179406
  0.257211,  0.158890
  0.257234,  0.138370
  0.257256,  0.117847
  0.257279,  0.097320
  0.257302,  0.076789
  0.257324,  0.056255
  0.257347,  0.035717
  0.257370,  0.015175
  0.257392, -0.005370
  0.257415, -0.025919
  0.257438, -0.046471
  0.257460, -0.067027
  0.257483, -0.087587
  0.257506, -0.108150
  0.257528, -0.128717
  0.257551, -0.149288
  0.257574, -0.169862
  0.257596, -0.190439
  0.257619, -0.211021
  0.257642, -0.231606
  0.257664, -0.252194
  0.257687, -0.272787
  0.257710, -0.293382
  0.257732, -0.313982
  0.257755, -0.334585
  0.257778, -0.355192
  0.257800, -0.375802
  0.257823, -0.396416
  0.257846, -0.417034
  0.257868, -0.437655
  0.257891, -0.458280
  0.257914, -0.478908
  0.257937, -0.499540
  0.257959, -0.511752
  0.257982, -0.491203
  0.258005, -0.470651
  0.258027, -0.450095
  0.258050, -0.429536
  0.258073, -0.408973
  0.258095, -0.388406
  0.258118, -0.367836
  0.258141, -0.347262
  0.258163, -0.326684
  0.258186, -0.306103
  0.258209, -0.285518
  0.258231, -0.264930
  0.258254, -0.244338
  0.258277, -0.223742
  0.258299, -0.203143
  0.258322, -0.182540
  0.258345, -0.161934
  0.258367, -0.141324
  0.258390, -0.120710
  0.258413, -0.100092
  0.258435, -0.079471
  0.258458, -0.058847
  0.258481, -0.038219
  0.258503, -0.017587
  0.258526,  0.003049
  0.258549,  0.023688
  0.258571,  0.044330
  0.258594,  0.064977
  0.258617,  0.085627
  0.258639,  0.106280
  0.258662,  0.126937
  0.258685,  0.147598
  0.258707,  0.168263
  0.258730,  0.188931
  0.258753,  0.209602
  0.258776,  0.230278
  0.258798,  0.250956
  0.258821,  0.271639
  0.258844,  0.292325
  0.258866,  0.313015
  0.258889,  0.333708
  0.258912,  0.354405
  0.258934,  0.375106
  0.258957,  0.395810
  0.258980,  0.416518
  0.259002,  0.437229
  0.259025,  0.457944
  0.259048,  0.478663
  0.259070,  0.499386
  0.259093,  0.516351
  0.259116,  0.495712
  0.259138,  0.475070
  0.259161,  0.454424
  0.259184,  0.433774
  0.259206,  0.413121
  0.259229,  0.392464
  0.259252,  0.371803
  0.259274,  0.351139
  0.259297,  0.330471
  0.259320,  0.309799
  0.259342,  0.289124
  0.259365,  0.268446
  0.259388,  0.247763
  0.259410,  0.227078
  0.259433,  0.206388
  0.259456,  0.185695
  0.259478,  0.164998
  0.259501,  0.144298
  0.259524,  0.123594
  0.259546,  0.102886
  0.259569,  0.082175
  0.259592,  0.061460
  0.259615,  0.040741
  0.259637,  0.020019
  0.259660, -0.000707
  0.259683, -0.021436
  0.259705, -0.042169
  0.259728, -0.062906
  0.259751, -0.083646
  0.259773, -0.104390
  0.259796, -0.125137
  0.259819, -0.145888
  0.259841, -0.166643
  0.259864, -0.187401
  0.259887, -0.208163
  0.259909, -0.228929
  0.259932, -0.249698
  0.259955, -0.270471
  0.259977, -0.291247
  0.260000, -0.312027
  0.260023, -0.332811
  0.260045, -0.353598
  0.260068, -0.374389
  0.260091, -0.395184
  0.260113, -0.415982
  0.260136, -0.436784
  0.260159, -0.457589
  0.260181, -0.478398
  0.260204, -0.499211
  0.260227, -0.520027
  0.260249, -0.500242
  0.260272, -0.479509
  0.260295, -0.458773
  0.260317, -0.438033
  0.260340, -0.417289
  0.260363, -0.396542
  0.260385, -0.375791
  0.260408, -0.355036
  0.260431, -0.334278
  0.260454, -0.313516
  0.260476, -0.292751
  0.260499, -0.271982
  0.260522, -0.251210
  0.260544, -0.230433
  0.260567, -0.209653
  0.260590, -0.188870
  0.260612, -0.168083
  0.260635, -0.147292
  0.260658, -0.126498
  0.260680, -0.105700
  0.260703, -0.084898
  0.260726, -0.064093
  0.260748, -0.043284
  0.260771, -0.022472
  0.260794, -0.001656
  0.260816,  0.019164
  0.260839,  0.039987
  0.260862,  0.060814
  0.260884,  0.081644
  0.260907,  0.102479
  0.260930,  0.123316
  0.260952,  0.144158
  0.260975,  0.165003
  0.260998,  0.185851
  0.261020,  0.206704
  0.261043,  0.227559
  0.261066,  0.248419
  0.261088,  0.269282
  0.261111,  0.290149
  0.261134,  0.311019
  0.261156,  0.331893
  0.261179,  0.352771
  0.261202,  0.373652
  0.261224,  0.394537
  0.261247,  0.415425
  0.261270,  0.436317
  0.261293,  0.457213
  0.261315,  0.478112
  0.261338,  0.499015
  0.261361,  0.519921
  0.261383,  0.504792
  0.261406,  0.483969
  0.261429,  0.463142
  0.261451,  0.442312
  0.261474,  0.421478
  0.261497,  0.400640
  0.261519,  0.379799
  0.261542,  0.358954
  0.261565,  0.338106
  0.261587,  0.317254
  0.261610,  0.296398
  0.261633,  0.275539
  0.261655,  0.254676
  0.261678,  0.233810
  0.261701,  0.212940
  0.261723,  0.192066
  0.261746,  0.171188
  0.261769,  0.150307
  0.261791,  0.129423
  0.261814,  0.108535
  0.261837,  0.087643
  0.261859,  0.066747
  0.261882,  0.045848
  0.261905,  0.024945
  0.261927,  0.004039
  0.261950, -0.016871
  0.261973, -0.037784
  0.261995, -0.058702
  0.262018, -0.079622
  0.262041, -0.100547
  0.262063, -0.121475
  0.262086, -0.142407
  0.262109, -0.163342
  0.262132, -0.184281
  0.262154, -0.205223
  0.262177, -0.226169
  0.262200, -0.247119
  0.262222, -0.268073
  0.262245, -0.289030
  0.262268, -0.309990
  0.262290, -0.330954
  0.262313, -0.351922
  0.262336, -0.372894
  0.262358, -0.393869
  0.262381, -0.414848
  0.262404, -0.435830
  0.262426, -0.456816
  0.262449, -0.477806
  0.262472, -0.498799
  0.262494, -0.519796
  0.262517, -0.509363
  0.262540, -0.488449
  0.262562, -0.467532
  0.262585, -0.446612
  0.262608, -0.425688
  0.262630, -0.404760
  0.262653, -0.383828
  0.262676, -0.362893
  0.262698, -0.341954
  0.262721, -0.321012
  0.262744, -0.300066
  0.262766, -0.279117
  0.262789, -0.258163
  0.262812, -0.237207
  0.262834, -0.216246
  0.262857, -0.195282
  0.262880, -0.174314
  0.262902, -0.153343
  0.262925, -0.132368
  0.262948, -0.111390
  0.262971, -0.090408
  0.262993, -0.069422
  0.263016, -0.048432
  0.263039, -0.027439
  0.263061, -0.006443
  0.263084,  0.014557
  0.263107,  0.035561
  0.263129,  0.056569
  0.263152,  0.077580
  0.263175,  0.098595
  0.263197,  0.119613
  0.263220,  0.140635
  0.263243,  0.161660
  0.263265,  0.182690
  0.263288,  0.203722
  0.263311,  0.224759
  0.263333,  0.245799
  0.263356,  0.266843
  0.263379,  0.287890
  0.263401,  0.308941
  0.263424,  0.329995
  0.263447,  0.351054
  0.263469,  0.372115
  0.263492,  0.393181
  0.263515,  0.414250
  0.263537,  0.435322
  0.263560,  0.456399
  0.263583,  0.477479
  0.263605,  0.498562
  0.263628,  0.519649
  0.263651,  0.513954
  0.263673,  0.492950
  0.263696,  0.471943
  0.263719,  0.450932
  0.263741,  0.429918
  0.263764,  0.408900
  0.263787,  0.387878
  0.263810,  0.366852
  0.263832,  0.345823
  0.263855,  0.324791
  0.263878,  0.303755
  0.263900,  0.282715
  0.263923,  0.261671
  0.263946,  0.240624
  0.263968,  0.219573
  0.263991,  0.198519
  0.264014,  0.177461
  0.264036,  0.156400
  0.264059,  0.135334
  0.264082,  0.114266
  0.264104,  0.093193
  0.264127,  0.072117
  0.264150,  0.051037
  0.264172,  0.029954
  0.264195,  0.008867
  0.264218, -0.012223
  0.264240, -0.033318
  0.264263, -0.054415
  0.264286, -0.075517
  0.264308, -0.096622
  0.264331, -0.117730
  0.264354, -0.138843
  0.264376, -0.159958
  0.264399, -0.181078
  0.264422, -0.202201
  0.264444, -0.223328
  0.264467, -0.244458
  0.264490, -0.265592
  0.264512, -0.286730
  0.264535, -0.307871
  0.264558, -0.329016
  0.264580, -0.350164
  0.264603, -0.371316
  0.264626, -0.392472
  0.264649, -0.413631
  0.264671, -0.434794
  0.264694, -0.455961
  0.264717, -0.477131
  0.264739, -0.498305
  0.264762, -0.519482
  0.264785, -0.518566
  0.264807, -0.497472
  0.264830, -0.476374
  0.264853, -0.455273
  0.264875, -0.434168
  0.264898, -0.413060
  0.264921, -0.391948
  0.264943, -0.370832
  0.264966, -0.349713
  0.264989, -0.328590
  0.265011, -0.307463
  0.265034, -0.286333
  0.265057, -0.265200
  0.265079, -0.244062
  0.265102, -0.222921
  0.265125, -0.201777
  0.265147, -0.180628
  0.265170, -0.159476
  0.265193, -0.138321
  0.265215, -0.117162
  0.265238, -0.095999
  0.265261, -0.074833
  0.265283, -0.053663
  0.265306, -0.032489
  0.265329, -0.011312
  0.265351,  0.009869
  0.265374,  0.031053
  0.265397,  0.052241
  0.265420,  0.073433
  0.265442,  0.094628
  0.265465,  0.115827
  0.265488,  0.137030
  0.265510,  0.158236
  0.265533,  0.179446
  0.265556,  0.200659
  0.265578,  0.221876
  0.265601,  0.243097
  0.265624,  0.264321
  0.265646,  0.285549
  0.265669,  0.306780
  0.265692,  0.328016
  0.265714,  0.349254
  0.265737,  0.370497
  0.265760,  0.391743
  0.265782,  0.412992
  0.265805,  0.434245
  0.265828,  0.455502
  0.265850,  0.476763
  0.265873,  0.498027
  0.265896,  0.519295
  0.265918,  0.523198
  0.265941,  0.502014
  0.265964,  0.480826
  0.265986,  0.459635
  0.266009,  0.438440
  0.266032,  0.417241
  0.266054,  0.396039
  0.266077,  0.374833
  0.266100,  0.353623
  0.266122,  0.332410
  0.266145,  0.311193
  0.266168,  0.289973
  0.266190,  0.268749
  0.266213,  0.247521
  0.266236,  0.226290
  0.266259,  0.205055
  0.266281,  0.183816
  0.266304,  0.162574
  0.266327,  0.141328
  0.266349,  0.120079
  0.266372,  0.098826
  0.266395,  0.077569
  0.266417,  0.056309
  0.266440,  0.035045
  0.266463,  0.013777
  0.266485, -0.007494
  0.266508, -0.028768
  0.266531, -0.050047
  0.266553, -0.071329
  0.266576, -0.092614
  0.266599, -0.113904
  0.266621, -0.135196
  0.266644, -0.156493
  0.266667, -0.177793
  0.266689, -0.199097
  0.266712, -0.220404
  0.266735, -0.241715
  0.266757, -0.263029
  0.266780, -0.284348
  0.266803, -0.305669
  0.266825, -0.326995
  0.266848, -0.348324
  0.266871, -0.369656
  0.266893, -0.390993
  0.266916, -0.412333
  0.266939, -0.433676
  0.266961, -0.455023
  0.266984, -0.476374
  0.267007, -0.497728
  0.267029, -0.519086
  0.267052, -0.527851
  0.267075, -0.506577
  0.267098, -0.485299
  0.267120, -0.464017
  0.267143, -0.442731
  0.267166, -0.421442
  0.267188, -0.400150
  0.267211, -0.378854
  0.267234, -0.357554
  0.267256, -0.336250
  0.267279, -0.314943
  0.267302, -0.293632
  0.267324, -0.272318
  0.267347, -0.251000
  0.267370, -0.229678
  0.267392, -0.208353
  0.267415, -0.187024
  0.267438, -0.165692
  0.267460, -0.144356
  0.267483, -0.123016
  0.267506, -0.101673
  0.267528, -0.080326
  0.267551, -0.058975
  0.267574, -0.037621
  0.267596, -0.016263
  0.267619,  0.005098
  0.267642,  0.026463
  0.267664,  0.047832
  0.267687,  0.069204
  0.267710,  0.090580
  0.267732,  0.111959
  0.267755,  0.133342
  0.267778,  0.154729
  0.267800,  0.176120
  0.267823,  0.197514
  0.267846,  0.218911
  0.267868,  0.240312
  0.267891,  0.261717
  0.267914,  0.283126
  0.267937,  0.304538
  0.267959,  0.325953
  0.267982,  0.347373
  0.268005,  0.368796
  0.268027,  0.390222
  0.268050,  0.411652
  0.268073,  0.433086
  0.268095,  0.454524
  0.268118,  0.475965
  0.268141,  0.497409
  0.268163,  0.518858
  0.268186,  0.532525
  0.268209,  0.511160
  0.268231,  0.489792
  0.268254,  0.468420
  0.268277,  0.447044
  0.268299,  0.425665
  0.268322,  0.404282
  0.268345,  0.382895
  0.268367,  0.361505
  0.268390,  0.340111
  0.268413,  0.318714
  0.268435,  0.297313
  0.268458,  0.275908
  0.268481,  0.254500
  0.268503,  0.233088
  0.268526,  0.211672
  0.268549,  0.190253
  0.268571,  0.168831
  0.268594,  0.147404
  0.268617,  0.125974
  0.268639,  0.104541
  0.268662,  0.083103
  0.268685,  0.061663
  0.268707,  0.040218
  0.268730,  0.018770
  0.268753, -0.002682
  0.268776, -0.024137
  0.268798, -0.045596
  0.268821, -0.067058
  0.268844, -0.088525
  0.268866, -0.109994
  0.268889, -0.131468
  0.268912, -0.152945
  0.268934, -0.174426
  0.268957, -0.195910
  0.268980, -0.217398
  0.269002, -0.238889
  0.269025, -0.260384
  0.269048, -0.281883
  0.269070, -0.303386
  0.269093, -0.324892
  0.269116, -0.346401
  0.269138, -0.367914
  0.269161, -0.389431
  0.269184, -0.410952
  0.269206, -0.432476
  0.269229, -0.454004
  0.269252, -0.475535
  0.269274, -0.497070
  0.269297, -0.518608
  0.269320, -0.537219
  0.269342, -0.515764
  0.269365, -0.494305
  0.269388, -0.472843
  0.269410, -0.451377
  0.269433, -0.429907
  0.269456, -0.408434
  0.269478, -0.386957
  0.269501, -0.365477
  0.269524, -0.343993
  0.269546, -0.322505
  0.269569, -0.301014
  0.269592, -0.279519
  0.269615, -0.258020
  0.269637, -0.236518
  0.269660, -0.215012
  0.269683, -0.193503
  0.269705, -0.171990
  0.269728, -0.150473
  0.269751, -0.128953
  0.269773, -0.107429
  0.269796, -0.085901
  0.269819, -0.064370
  0.269841, -0.042836
  0.269864, -0.021297
  0.269887,  0.000245
  0.269909,  0.021790
  0.269932,  0.043340
  0.269955,  0.064893
  0.269977,  0.086449
  0.270000,  0.108009
  0.270023,  0.129573
  0.270045,  0.151140
  0.270068,  0.172711
  0.270091,  0.194286
  0.270113,  0.215864
  0.270136,  0.237446
  0.270159,  0.259031
  0.270181,  0.280620
  0.270204,  0.302213
  0.270227,  0.323809
  0.270249,  0.345409
  0.270272,  0.367013
  0.270295,  0.388620
  0.270317,  0.410230
  0.270340,  0.431845
  0.270363,  0.453463
  0.270385,  0.475084
  0.270408,  0.496710
  0.270431,  0.518339
  0.270454,  0.539971
  0.270476,  0.520388
  0.270499,  0.498839
  0.270522,  0.477287
  0.270544,  0.455730
  0.270567,  0.434170
  0.270590,  0.412607
  0.270612,  0.391040
  0.270635,  0.369469
  0.270658,  0.347895
  0.270680,  0.326317
  0.270703,  0.304735
  0.270726,  0.283150
  0.270748,  0.261561
  0.270771,  0.239969
  0.270794,  0.218373
  0.270816,  0.196773
  0.270839,  0.175170
  0.270862,  0.153563
  0.270884,  0.131952
  0.270907,  0.110338
  0.270930,  0.088720
  0.270952,  0.067099
  0.270975,  0.045474
  0.270998,  0.023845
  0.271020,  0.002213
  0.271043, -0.019423
  0.271066, -0.041063
  0.271088, -0.062706
  0.271111, -0.084353
  0.271134, -0.106003
  0.271156, -0.127657
  0.271179, -0.149315
  0.271202, -0.170976
  0.271224, -0.192641
  0.271247, -0.214309
  0.271270, -0.235981
  0.271293, -0.257657
  0.271315, -0.279336
  0.271338, -0.301019
  0.271361, -0.322706
  0.271383, -0.344396
  0.271406, -0.366090
  0.271429, -0.387787
  0.271451, -0.409489
  0.271474, -0.431193
  0.271497, -0.452902
  0.271519, -0.474613
  0.271542, -0.496329
  0.271565, -0.518048
  0.271587, -0.539771
  0.271610, -0.525033
  0.271633, -0.503394
  0.271655, -0.481751
  0.271678, -0.460104
  0.271701, -0.438454
  0.271723, -0.416800
  0.271746, -0.395143
  0.271769, -0.373482
  0.271791, -0.351817
  0.271814, -0.330149
  0.271837, -0.308477
  0.271859, -0.286802
  0.271882, -0.265123
  0.271905, -0.243440
  0.271927, -0.221753
  0.271950, -0.200063
  0.271973, -0.178370
  0.271995, -0.156673
  0.272018, -0.134972
  0.272041, -0.113267
  0.272063, -0.091559
  0.272086, -0.069847
  0.272109, -0.048132
  0.272132, -0.026413
  0.272154, -0.004691
  0.272177,  0.017036
  0.272200,  0.038765
  0.272222,  0.060499
  0.272245,  0.082236
  0.272268,  0.103977
  0.272290,  0.125721
  0.272313,  0.147469
  0.272336,  0.169220
  0.272358,  0.190975
  0.272381,  0.212734
  0.272404,  0.234497
  0.272426,  0.256263
  0.272449,  0.278032
  0.272472,  0.299806
  0.272494,  0.321582
  0.272517,  0.343363
  0.272540,  0.365147
  0.272562,  0.386935
  0.272585,  0.408726
  0.272608,  0.430521
  0.272630,  0.452320
  0.272653,  0.474122
  0.272676,  0.495928
  0.272698,  0.517737
  0.272721,  0.539550
  0.272744,  0.529699
  0.272766,  0.507969
  0.272789,  0.486236
  0.272812,  0.464499
  0.272834,  0.442759
  0.272857,  0.421015
  0.272880,  0.399267
  0.272902,  0.377516
  0.272925,  0.355761
  0.272948,  0.334002
  0.272971,  0.312240
  0.272993,  0.290474
  0.273016,  0.268705
  0.273039,  0.246932
  0.273061,  0.225155
  0.273084,  0.203375
  0.273107,  0.181591
  0.273129,  0.159803
  0.273152,  0.138012
  0.273175,  0.116217
  0.273197,  0.094419
  0.273220,  0.072617
  0.273243,  0.050811
  0.273265,  0.029002
  0.273288,  0.007189
  0.273311, -0.014627
  0.273333, -0.036447
  0.273356, -0.058271
  0.273379, -0.080099
  0.273401, -0.101930
  0.273424, -0.123764
  0.273447, -0.145602
  0.273469, -0.167444
  0.273492, -0.189290
  0.273515, -0.211139
  0.273537, -0.232991
  0.273560, -0.254848
  0.273583, -0.276708
  0.273605, -0.298571
  0.273628, -0.320438
  0.273651, -0.342309
  0.273673, -0.364183
  0.273696, -0.386061
  0.273719, -0.407943
  0.273741, -0.429828
  0.273764, -0.451717
  0.273787, -0.473610
  0.273810, -0.495506
  0.273832, -0.517406
  0.273855, -0.539309
  0.273878, -0.534385
  0.273900, -0.512565
  0.273923, -0.490742
  0.273946, -0.468914
  0.273968, -0.447084
  0.273991, -0.425249
  0.274014, -0.403411
  0.274036, -0.381570
  0.274059, -0.359724
  0.274082, -0.337876
  0.274104, -0.316023
  0.274127, -0.294167
  0.274150, -0.272307
  0.274172, -0.250444
  0.274195, -0.228577
  0.274218, -0.206706
  0.274240, -0.184832
  0.274263, -0.162954
  0.274286, -0.141073
  0.274308, -0.119188
  0.274331, -0.097299
  0.274354, -0.075407
  0.274376, -0.053511
  0.274399, -0.031611
  0.274422, -0.009708
  0.274444,  0.012199
  0.274467,  0.034109
  0.274490,  0.056023
  0.274512,  0.077941
  0.274535,  0.099862
  0.274558,  0.121787
  0.274580,  0.143715
  0.274603,  0.165647
  0.274626,  0.187583
  0.274649,  0.209522
  0.274671,  0.231465
  0.274694,  0.253412
  0.274717,  0.275362
  0.274739,  0.297316
  0.274762,  0.319274
  0.274785,  0.341235
  0.274807,  0.363199
  0.274830,  0.385168
  0.274853,  0.407140
  0.274875,  0.429115
  0.274898,  0.451094
  0.274921,  0.473077
  0.274943,  0.495063
  0.274966,  0.517054
  0.274989,  0.539047
  0.275011,  0.539092
  0.275034,  0.517181
  0.275057,  0.495268
  0.275079,  0.473350
  0.275102,  0.451429
  0.275125,  0.429504
  0.275147,  0.407576
  0.275170,  0.385644
  0.275193,  0.363709
  0.275215,  0.341770
  0.275238,  0.319827
  0.275261,  0.297880
  0.275283,  0.275930
  0.275306,  0.253977
  0.275329,  0.232020
  0.275351,  0.210059
  0.275374,  0.188094
  0.275397,  0.166126
  0.275420,  0.144154
  0.275442,  0.122179
  0.275465,  0.100200
  0.275488,  0.078217
  0.275510,  0.056231
  0.275533,  0.034241
  0.275556,  0.012248
  0.275578, -0.009749
  0.275601, -0.031750
  0.275624, -0.053754
  0.275646, -0.075762
  0.275669, -0.097774
  0.275692, -0.119789
  0.275714, -0.141808
  0.275737, -0.163830
  0.275760, -0.185856
  0.275782, -0.207886
  0.275805, -0.229919
  0.275828, -0.251956
  0.275850, -0.273996
  0.275873, -0.296040
  0.275896, -0.318088
  0.275918, -0.340140
  0.275941, -0.362195
  0.275964, -0.384253
  0.275986, -0.406315
  0.276009, -0.428381
  0.276032, -0.450451
  0.276054, -0.472524
  0.276077, -0.494601
  0.276100, -0.516681
  0.276122, -0.538765
  0.276145, -0.543819
  0.276168, -0.521818
  0.276190, -0.499814
  0.276213, -0.477807
  0.276236, -0.455795
  0.276259, -0.433780
  0.276281, -0.411762
  0.276304, -0.389739
  0.276327, -0.367714
  0.276349, -0.345684
  0.276372, -0.323651
  0.276395, -0.301614
  0.276417, -0.279574
  0.276440, -0.257530
  0.276463, -0.235483
  0.276485, -0.213432
  0.276508, -0.191377
  0.276531, -0.169318
  0.276553, -0.147256
  0.276576, -0.125191
  0.276599, -0.103121
  0.276621, -0.081049
  0.276644, -0.058972
  0.276667, -0.036892
  0.276689, -0.014808
  0.276712,  0.007279
  0.276735,  0.029370
  0.276757,  0.051465
  0.276780,  0.073563
  0.276803,  0.095665
  0.276825,  0.117770
  0.276848,  0.139879
  0.276871,  0.161992
  0.276893,  0.184108
  0.276916,  0.206228
  0.276939,  0.228352
  0.276961,  0.250479
  0.276984,  0.272610
  0.277007,  0.294744
  0.277029,  0.316882
  0.277052,  0.339024
  0.277075,  0.361169
  0.277098,  0.383318
  0.277120,  0.405471
  0.277143,  0.427627
  0.277166,  0.449787
  0.277188,  0.471950
  0.277211,  0.494117
  0.277234,  0.516288
  0.277256,  0.538462
  0.277279,  0.548567
  0.277302,  0.526476
  0.277324,  0.504382
  0.277347,  0.482283
  0.277370,  0.460182
  0.277392,  0.438077
  0.277415,  0.415968
  0.277438,  0.393855
  0.277460,  0.371739
  0.277483,  0.349619
  0.277506,  0.327496
  0.277528,  0.305369
  0.277551,  0.283238
  0.277574,  0.261104
  0.277596,  0.238966
  0.277619,  0.216825
  0.277642,  0.194680
  0.277664,  0.172531
  0.277687,  0.150379
  0.277710,  0.128223
  0.277732,  0.106063
  0.277755,  0.083900
  0.277778,  0.061733
  0.277800,  0.039563
  0.277823,  0.017389
  0.277846, -0.004789
  0.277868, -0.026970
  0.277891, -0.049155
  0.277914, -0.071343
  0.277937, -0.093535
  0.277959, -0.115731
  0.277982, -0.137931
  0.278005, -0.160134
  0.278027, -0.182340
  0.278050, -0.204550
  0.278073, -0.226764
  0.278095, -0.248982
  0.278118, -0.271203
  0.278141, -0.293428
  0.278163, -0.315656
  0.278186, -0.337888
  0.278209, -0.360123
  0.278231, -0.382363
  0.278254, -0.404605
  0.278277, -0.426852
  0.278299, -0.449102
  0.278322, -0.471356
  0.278345, -0.493613
  0.278367, -0.515874
  0.278390, -0.538138
  0.278413, -0.553335
  0.278435, -0.531154
  0.278458, -0.508969
  0.278481, -0.486781
  0.278503, -0.464589
  0.278526, -0.442394
  0.278549, -0.420194
  0.278571, -0.397992
  0.278594, -0.375785
  0.278617, -0.353575
  0.278639, -0.331362
  0.278662, -0.309144
  0.278685, -0.286923
  0.278707, -0.264699
  0.278730, -0.242471
  0.278753, -0.220239
  0.278776, -0.198004
  0.278798, -0.175765
  0.278821, -0.153522
  0.278844, -0.131276
  0.278866, -0.109026
  0.278889, -0.086772
  0.278912, -0.064515
  0.278934, -0.042255
  0.278957, -0.019990
  0.278980,  0.002278
  0.279002,  0.024549
  0.279025,  0.046824
  0.279048,  0.069103
  0.279070,  0.091386
  0.279093,  0.113672
  0.279116,  0.135961
  0.279138,  0.158255
  0.279161,  0.180551
  0.279184,  0.202852
  0.279206,  0.225156
  0.279229,  0.247464
  0.279252,  0.269775
  0.279274,  0.292090
  0.279297,  0.314409
  0.279320,  0.336731
  0.279342,  0.359057
  0.279365,  0.381386
  0.279388,  0.403720
  0.279410,  0.426056
  0.279433,  0.448397
  0.279456,  0.470741
  0.279478,  0.493088
  0.279501,  0.515439
  0.279524,  0.537794
  0.279546,  0.558124
  0.279569,  0.535853
  0.279592,  0.513578
  0.279615,  0.491299
  0.279637,  0.469017
  0.279660,  0.446731
  0.279683,  0.424442
  0.279705,  0.402148
  0.279728,  0.379852
  0.279751,  0.357551
  0.279773,  0.335248
  0.279796,  0.312940
  0.279819,  0.290629
  0.279841,  0.268314
  0.279864,  0.245996
  0.279887,  0.223674
  0.279909,  0.201348
  0.279932,  0.179019
  0.279955,  0.156686
  0.279977,  0.134349
  0.280000,  0.112009
  0.280023,  0.089665
  0.280045,  0.067318
  0.280068,  0.044967
  0.280091,  0.022612
  0.280113,  0.000254
  0.280136, -0.022108
  0.280159, -0.044473
  0.280181, -0.066842
  0.280204, -0.089215
  0.280227, -0.111591
  0.280249, -0.133971
  0.280272, -0.156355
  0.280295, -0.178742
  0.280317, -0.201133
  0.280340, -0.223527
  0.280363, -0.245925
  0.280385, -0.268327
  0.280408, -0.290732
  0.280431, -0.313141
  0.280454, -0.335554
  0.280476, -0.357970
  0.280499, -0.380390
  0.280522, -0.402813
  0.280544, -0.425240
  0.280567, -0.447671
  0.280590, -0.470105
  0.280612, -0.492543
  0.280635, -0.514984
  0.280658, -0.537430
  0.280680, -0.559878
  0.280703, -0.540572
  0.280726, -0.518207
  0.280748, -0.495838
  0.280771, -0.473465
  0.280794, -0.451089
  0.280816, -0.428709
  0.280839, -0.406326
  0.280862, -0.383939
  0.280884, -0.361548
  0.280907, -0.339154
  0.280930, -0.316756
  0.280952, -0.294355
  0.280975, -0.271950
  0.280998, -0.249541
  0.281020, -0.227129
  0.281043, -0.204713
  0.281066, -0.182293
  0.281088, -0.159870
  0.281111, -0.137443
  0.281134, -0.115013
  0.281156, -0.092579
  0.281179, -0.070141
  0.281202, -0.047700
  0.281224, -0.025255
  0.281247, -0.002806
  0.281270,  0.019646
  0.281293,  0.042102
  0.281315,  0.064561
  0.281338,  0.087024
  0.281361,  0.109491
  0.281383,  0.131961
  0.281406,  0.154435
  0.281429,  0.176912
  0.281451,  0.199393
  0.281474,  0.221878
  0.281497,  0.244366
  0.281519,  0.266858
  0.281542,  0.289354
  0.281565,  0.311853
  0.281587,  0.334356
  0.281610,  0.356862
  0.281633,  0.379372
  0.281655,  0.401886
  0.281678,  0.424403
  0.281701,  0.446924
  0.281723,  0.469449
  0.281746,  0.491977
  0.281769,  0.514509
  0.281791,  0.537044
  0.281814,  0.559583
  0.281837,  0.545312
  0.281859,  0.522856
  0.281882,  0.500397
  0.281905,  0.477934
  0.281927,  0.455468
  0.281950,  0.432998
  0.281973,  0.410524
  0.281995,  0.388047
  0.282018,  0.365566
  0.282041,  0.343081
  0.282063,  0.320593
  0.282086,  0.298101
  0.282109,  0.275606
  0.282132,  0.253107
  0.282154,  0.230604
  0.282177,  0.208098
  0.282200,  0.185588
  0.282222,  0.163075
  0.282245,  0.140558
  0.282268,  0.118037
  0.282290,  0.095513
  0.282313,  0.072985
  0.282336,  0.050453
  0.282358,  0.027918
  0.282381,  0.005379
  0.282404, -0.017163
  0.282426, -0.039709
  0.282449, -0.062259
  0.282472, -0.084812
  0.282494, -0.107369
  0.282517, -0.129930
  0.282540, -0.152494
  0.282562, -0.175062
  0.282585, -0.197633
  0.282608, -0.220208
  0.282630, -0.242787
  0.282653, -0.265369
  0.282676, -0.287955
  0.282698, -0.310544
  0.282721, -0.333138
  0.282744, -0.355734
  0.282766, -0.378335
  0.282789, -0.400939
  0.282812, -0.423546
  0.282834, -0.446157
  0.282857, -0.468772
  0.282880, -0.491391
  0.282902, -0.514013
  0.282925, -0.536638
  0.282948, -0.559268
  0.282971, -0.550072
  0.282993, -0.527526
  0.283016, -0.504977
  0.283039, -0.482424
  0.283061, -0.459867
  0.283084, -0.437307
  0.283107, -0.414743
  0.283129, -0.392175
  0.283152, -0.369604
  0.283175, -0.347029
  0.283197, -0.324451
  0.283220, -0.301869
  0.283243, -0.279283
  0.283265, -0.256694
  0.283288, -0.234101
  0.283311, -0.211504
  0.283333, -0.188904
  0.283356, -0.166300
  0.283379, -0.143693
  0.283401, -0.121082
  0.283424, -0.098467
  0.283447, -0.075849
  0.283469, -0.053227
  0.283492, -0.030602
  0.283515, -0.007972
  0.283537,  0.014660
  0.283560,  0.037297
  0.283583,  0.059937
  0.283605,  0.082580
  0.283628,  0.105227
  0.283651,  0.127878
  0.283673,  0.150533
  0.283696,  0.173191
  0.283719,  0.195852
  0.283741,  0.218518
  0.283764,  0.241187
  0.283787,  0.263859
  0.283810,  0.286535
  0.283832,  0.309215
  0.283855,  0.331899
  0.283878,  0.354586
  0.283900,  0.377276
  0.283923,  0.399971
  0.283946,  0.422668
  0.283968,  0.445370
  0.283991,  0.468075
  0.284014,  0.490784
  0.284036,  0.513496
  0.284059,  0.536212
  0.284082,  0.558932
  0.284104,  0.554853
  0.284127,  0.532217
  0.284150,  0.509577
  0.284172,  0.486934
  0.284195,  0.464287
  0.284218,  0.441636
  0.284240,  0.418982
  0.284263,  0.396324
  0.284286,  0.373662
  0.284308,  0.350997
  0.284331,  0.328329
  0.284354,  0.305656
  0.284376,  0.282980
  0.284399,  0.260301
  0.284422,  0.237618
  0.284444,  0.214931
  0.284467,  0.192240
  0.284490,  0.169546
  0.284512,  0.146849
  0.284535,  0.124147
  0.284558,  0.101442
  0.284580,  0.078734
  0.284603,  0.056022
  0.284626,  0.033306
  0.284649,  0.010586
  0.284671, -0.012137
  0.284694, -0.034863
  0.284717, -0.057594
  0.284739, -0.080327
  0.284762, -0.103065
  0.284785, -0.125806
  0.284807, -0.148551
  0.284830, -0.171299
  0.284853, -0.194051
  0.284875, -0.216807
  0.284898, -0.239566
  0.284921, -0.262329
  0.284943, -0.285095
  0.284966, -0.307865
  0.284989, -0.330639
  0.285011, -0.353416
  0.285034, -0.376197
  0.285057, -0.398982
  0.285079, -0.421770
  0.285102, -0.444562
  0.285125, -0.467357
  0.285147, -0.490156
  0.285170, -0.512959
  0.285193, -0.535765
  0.285215, -0.558575
  0.285238, -0.559654
  0.285261, -0.536928
  0.285283, -0.514198
  0.285306, -0.491464
  0.285329, -0.468727
  0.285351, -0.445986
  0.285374, -0.423242
  0.285397, -0.400493
  0.285420, -0.377742
  0.285442, -0.354986
  0.285465, -0.332227
  0.285488, -0.309465
  0.285510, -0.286698
  0.285533, -0.263928
  0.285556, -0.241155
  0.285578, -0.218378
  0.285601, -0.195597
  0.285624, -0.172813
  0.285646, -0.150025
  0.285669, -0.127233
  0.285692, -0.104438
  0.285714, -0.081639
  0.285737, -0.058837
  0.285760, -0.036031
  0.285782, -0.013221
  0.285805,  0.009592
  0.285828,  0.032409
  0.285850,  0.055230
  0.285873,  0.078054
  0.285896,  0.100882
  0.285918,  0.123713
  0.285941,  0.146548
  0.285964,  0.169387
  0.285986,  0.192229
  0.286009,  0.215075
  0.286032,  0.237925
  0.286054,  0.260778
  0.286077,  0.283635
  0.286100,  0.306495
  0.286122,  0.329359
  0.286145,  0.352226
  0.286168,  0.375098
  0.286190,  0.397973
  0.286213,  0.420851
  0.286236,  0.443733
  0.286259,  0.466619
  0.286281,  0.489508
  0.286304,  0.512401
  0.286327,  0.535298
  0.286349,  0.558198
  0.286372,  0.564477
  0.286395,  0.541660
  0.286417,  0.518839
  0.286440,  0.496015
  0.286463,  0.473188
  0.286485,  0.450357
  0.286508,  0.427522
  0.286531,  0.404683
  0.286553,  0.381841
  0.286576,  0.358996
  0.286599,  0.336146
  0.286621,  0.313293
  0.286644,  0.290437
  0.286667,  0.267577
  0.286689,  0.244713
  0.286712,  0.221846
  0.286735,  0.198975
  0.286757,  0.176100
  0.286780,  0.153222
  0.286803,  0.130340
  0.286825,  0.107454
  0.286848,  0.084565
  0.286871,  0.061672
  0.286893,  0.038776
  0.286916,  0.015876
  0.286939, -0.007028
  0.286961, -0.029935
  0.286984, -0.052846
  0.287007, -0.075760
  0.287029, -0.098678
  0.287052, -0.121600
  0.287075, -0.144525
  0.287098, -0.167454
  0.287120, -0.190387
  0.287143, -0.213323
  0.287166, -0.236263
  0.287188, -0.259206
  0.287211, -0.282153
  0.287234, -0.305104
  0.287256, -0.328058
  0.287279, -0.351016
  0.287302, -0.373978
  0.287324, -0.396943
  0.287347, -0.419912
  0.287370, -0.442884
  0.287392, -0.465860
  0.287415, -0.488840
  0.287438, -0.511823
  0.287460, -0.534810
  0.287483, -0.557800
  0.287506, -0.569319
  0.287528, -0.546412
  0.287551, -0.523502
  0.287574, -0.500587
  0.287596, -0.477669
  0.287619, -0.454748
  0.287642, -0.431823
  0.287664, -0.408894
  0.287687, -0.385962
  0.287710, -0.363026
  0.287732, -0.340086
  0.287755, -0.317143
  0.287778, -0.294196
  0.287800, -0.271246
  0.287823, -0.248291
  0.287846, -0.225334
  0.287868, -0.202372
  0.287891, -0.179408
  0.287914, -0.156439
  0.287937, -0.133467
  0.287959, -0.110491
  0.287982, -0.087512
  0.288005, -0.064529
  0.288027, -0.041542
  0.288050, -0.018552
  0.288073,  0.004442
  0.288095,  0.027440
  0.288118,  0.050441
  0.288141,  0.073446
  0.288163,  0.096454
  0.288186,  0.119466
  0.288209,  0.142482
  0.288231,  0.165501
  0.288254,  0.188524
  0.288277,  0.211550
  0.288299,  0.234580
  0.288322,  0.257614
  0.288345,  0.280651
  0.288367,  0.303692
  0.288390,  0.326737
  0.288413,  0.349785
  0.288435,  0.372837
  0.288458,  0.395892
  0.288481,  0.418951
  0.288503,  0.442014
  0.288526,  0.465080
  0.288549,  0.488150
  0.288571,  0.511224
  0.288594,  0.534301
  0.288617,  0.557382
  0.288639,  0.574182
  0.288662,  0.551185
  0.288685,  0.528184
  0.288707,  0.505180
  0.288730,  0.482171
  0.288753,  0.459160
  0.288776,  0.436144
  0.288798,  0.413125
  0.288821,  0.390103
  0.288844,  0.367076
  0.288866,  0.344046
  0.288889,  0.321013
  0.288912,  0.297976
  0.288934,  0.274935
  0.288957,  0.251891
  0.288980,  0.228843
  0.289002,  0.205791
  0.289025,  0.182736
  0.289048,  0.159677
  0.289070,  0.136614
  0.289093,  0.113548
  0.289116,  0.090479
  0.289138,  0.067405
  0.289161,  0.044328
  0.289184,  0.021248
  0.289206, -0.001836
  0.289229, -0.024924
  0.289252, -0.048016
  0.289274, -0.071111
  0.289297, -0.094209
  0.289320, -0.117312
  0.289342, -0.140418
  0.289365, -0.163527
  0.289388, -0.186640
  0.289410, -0.209757
  0.289433, -0.232877
  0.289456, -0.256001
  0.289478, -0.279129
  0.289501, -0.302260
  0.289524, -0.325395
  0.289546, -0.348534
  0.289569, -0.371676
  0.289592, -0.394821
  0.289615, -0.417971
  0.289637, -0.441124
  0.289660, -0.464280
  0.289683, -0.487441
  0.289705, -0.510604
  0.289728, -0.533772
  0.289751, -0.556943
  0.289773, -0.579066
  0.289796, -0.555979
  0.289819, -0.532887
  0.289841, -0.509792
  0.289864, -0.486694
  0.289887, -0.463592
  0.289909, -0.440486
  0.289932, -0.417377
  0.289955, -0.394264
  0.289977, -0.371147
  0.290000, -0.348027
  0.290023, -0.324903
  0.290045, -0.301776
  0.290068, -0.278645
  0.290091, -0.255510
  0.290113, -0.232372
  0.290136, -0.209230
  0.290159, -0.186085
  0.290181, -0.162935
  0.290204, -0.139783
  0.290227, -0.116626
  0.290249, -0.093466
  0.290272, -0.070303
  0.290295, -0.047135
  0.290317, -0.023965
  0.290340, -0.000790
  0.290363,  0.022388
  0.290385,  0.045570
  0.290408,  0.068755
  0.290431,  0.091944
  0.290454,  0.115137
  0.290476,  0.138333
  0.290499,  0.161533
  0.290522,  0.184736
  0.290544,  0.207943
  0.290567,  0.231154
  0.290590,  0.254368
  0.290612,  0.277586
  0.290635,  0.300808
  0.290658,  0.324033
  0.290680,  0.347261
  0.290703,  0.370494
  0.290726,  0.393730
  0.290748,  0.416970
  0.290771,  0.440213
  0.290794,  0.463460
  0.290816,  0.486710
  0.290839,  0.509964
  0.290862,  0.533222
  0.290884,  0.556483
  0.290907,  0.579748
  0.290930,  0.560793
  0.290952,  0.537611
  0.290975,  0.514426
  0.290998,  0.491237
  0.291020,  0.468045
  0.291043,  0.444849
  0.291066,  0.421649
  0.291088,  0.398446
  0.291111,  0.375239
  0.291134,  0.352029
  0.291156,  0.328815
  0.291179,  0.305597
  0.291202,  0.282375
  0.291224,  0.259151
  0.291247,  0.235922
  0.291270,  0.212690
  0.291293,  0.189454
  0.291315,  0.166215
  0.291338,  0.142971
  0.291361,  0.119725
  0.291383,  0.096475
  0.291406,  0.073221
  0.291429,  0.049963
  0.291451,  0.026702
  0.291474,  0.003437
  0.291497, -0.019831
  0.291519, -0.043103
  0.291542, -0.066379
  0.291565, -0.089658
  0.291587, -0.112941
  0.291610, -0.136227
  0.291633, -0.159518
  0.291655, -0.182811
  0.291678, -0.206109
  0.291701, -0.229410
  0.291723, -0.252714
  0.291746, -0.276022
  0.291769, -0.299334
  0.291791, -0.322650
  0.291814, -0.345969
  0.291837, -0.369291
  0.291859, -0.392618
  0.291882, -0.415948
  0.291905, -0.439281
  0.291927, -0.462618
  0.291950, -0.485959
  0.291973, -0.509304
  0.291995, -0.532652
  0.292018, -0.556003
  0.292041, -0.579359
  0.292063, -0.565627
  0.292086, -0.542355
  0.292109, -0.519080
  0.292132, -0.495801
  0.292154, -0.472518
  0.292177, -0.449232
  0.292200, -0.425942
  0.292222, -0.402649
  0.292245, -0.379351
  0.292268, -0.356051
  0.292290, -0.332746
  0.292313, -0.309438
  0.292336, -0.286127
  0.292358, -0.262811
  0.292381, -0.239492
  0.292404, -0.216170
  0.292426, -0.192844
  0.292449, -0.169514
  0.292472, -0.146181
  0.292494, -0.122844
  0.292517, -0.099503
  0.292540, -0.076159
  0.292562, -0.052811
  0.292585, -0.029460
  0.292608, -0.006105
  0.292630,  0.017254
  0.292653,  0.040616
  0.292676,  0.063982
  0.292698,  0.087352
  0.292721,  0.110725
  0.292744,  0.134102
  0.292766,  0.157482
  0.292789,  0.180866
  0.292812,  0.204254
  0.292834,  0.227645
  0.292857,  0.251040
  0.292880,  0.274438
  0.292902,  0.297840
  0.292925,  0.321246
  0.292948,  0.344656
  0.292971,  0.368069
  0.292993,  0.391485
  0.293016,  0.414905
  0.293039,  0.438329
  0.293061,  0.461757
  0.293084,  0.485188
  0.293107,  0.508622
  0.293129,  0.532061
  0.293152,  0.555503
  0.293175,  0.578948
  0.293197,  0.570482
  0.293220,  0.547120
  0.293243,  0.523755
  0.293265,  0.500385
  0.293288,  0.477012
  0.293311,  0.453636
  0.293333,  0.430255
  0.293356,  0.406872
  0.293379,  0.383484
  0.293401,  0.360093
  0.293424,  0.336698
  0.293447,  0.313300
  0.293469,  0.289898
  0.293492,  0.266493
  0.293515,  0.243084
  0.293537,  0.219671
  0.293560,  0.196254
  0.293583,  0.172834
  0.293605,  0.149411
  0.293628,  0.125984
  0.293651,  0.102553
  0.293673,  0.079118
  0.293696,  0.055680
  0.293719,  0.032238
  0.293741,  0.008793
  0.293764, -0.014656
  0.293787, -0.038109
  0.293810, -0.061565
  0.293832, -0.085025
  0.293855, -0.108488
  0.293878, -0.131955
  0.293900, -0.155426
  0.293923, -0.178900
  0.293946, -0.202378
  0.293968, -0.225860
  0.293991, -0.249345
  0.294014, -0.272834
  0.294036, -0.296326
  0.294059, -0.319822
  0.294082, -0.343322
  0.294104, -0.366825
  0.294127, -0.390332
  0.294150, -0.413842
  0.294172, -0.437357
  0.294195, -0.460874
  0.294218, -0.484396
  0.294240, -0.507921
  0.294263, -0.531449
  0.294286, -0.554982
  0.294308, -0.578517
  0.294331, -0.575358
  0.294354, -0.551906
  0.294376, -0.528450
  0.294399, -0.504990
  0.294422, -0.481527
  0.294444, -0.458060
  0.294467, -0.434589
  0.294490, -0.411115
  0.294512, -0.387638
  0.294535, -0.364156
  0.294558, -0.340671
  0.294580, -0.317183
  0.294603, -0.293691
  0.294626, -0.270195
  0.294649, -0.246695
  0.294671, -0.223192
  0.294694, -0.199686
  0.294717, -0.176175
  0.294739, -0.152661
  0.294762, -0.129144
  0.294785, -0.105623
  0.294807, -0.082098
  0.294830, -0.058569
  0.294853, -0.035037
  0.294875, -0.011502
  0.294898,  0.012038
  0.294921,  0.035580
  0.294943,  0.059127
  0.294966,  0.082677
  0.294989,  0.106231
  0.295011,  0.129788
  0.295034,  0.153349
  0.295057,  0.176914
  0.295079,  0.200482
  0.295102,  0.224054
  0.295125,  0.247629
  0.295147,  0.271208
  0.295170,  0.294791
  0.295193,  0.318377
  0.295215,  0.341967
  0.295238,  0.365561
  0.295261,  0.389158
  0.295283,  0.412759
  0.295306,  0.436363
  0.295329,  0.459971
  0.295351,  0.483583
  0.295374,  0.507198
  0.295397,  0.530817
  0.295420,  0.554440
  0.295442,  0.578066
  0.295465,  0.580254
  0.295488,  0.556712
  0.295510,  0.533165
  0.295533,  0.509616
  0.295556,  0.486062
  0.295578,  0.462505
  0.295601,  0.438944
  0.295624,  0.415380
  0.295646,  0.391812
  0.295669,  0.368240
  0.295692,  0.344665
  0.295714,  0.321086
  0.295737,  0.297503
  0.295760,  0.273917
  0.295782,  0.250327
  0.295805,  0.226734
  0.295828,  0.203137
  0.295850,  0.179537
  0.295873,  0.155932
  0.295896,  0.132324
  0.295918,  0.108713
  0.295941,  0.085098
  0.295964,  0.061479
  0.295986,  0.037857
  0.296009,  0.014231
  0.296032, -0.009399
  0.296054, -0.033032
  0.296077, -0.056669
  0.296100, -0.080309
  0.296122, -0.103953
  0.296145, -0.127601
  0.296168, -0.151252
  0.296190, -0.174907
  0.296213, -0.198565
  0.296236, -0.222227
  0.296259, -0.245893
  0.296281, -0.269563
  0.296304, -0.293236
  0.296327, -0.316912
  0.296349, -0.340592
  0.296372, -0.364276
  0.296395, -0.387964
  0.296417, -0.411655
  0.296440, -0.435350
  0.296463, -0.459048
  0.296485, -0.482750
  0.296508, -0.506455
  0.296531, -0.530165
  0.296553, -0.553877
  0.296576, -0.577594
  0.296599, -0.585171
  0.296621, -0.561538
  0.296644, -0.537902
  0.296667, -0.514262
  0.296689, -0.490618
  0.296712, -0.466970
  0.296735, -0.443319
  0.296757, -0.419664
  0.296780, -0.396006
  0.296803, -0.372344
  0.296825, -0.348679
  0.296848, -0.325010
  0.296871, -0.301337
  0.296893, -0.277660
  0.296916, -0.253980
  0.296939, -0.230297
  0.296961, -0.206609
  0.296984, -0.182918
  0.297007, -0.159224
  0.297029, -0.135526
  0.297052, -0.111824
  0.297075, -0.088119
  0.297098, -0.064410
  0.297120, -0.040697
  0.297143, -0.016981
  0.297166,  0.006739
  0.297188,  0.030462
  0.297211,  0.054190
  0.297234,  0.077920
  0.297256,  0.101655
  0.297279,  0.125393
  0.297302,  0.149134
  0.297324,  0.172879
  0.297347,  0.196628
  0.297370,  0.220380
  0.297392,  0.244137
  0.297415,  0.267896
  0.297438,  0.291660
  0.297460,  0.315426
  0.297483,  0.339197
  0.297506,  0.362971
  0.297528,  0.386749
  0.297551,  0.410530
  0.297574,  0.434315
  0.297596,  0.458104
  0.297619,  0.481896
  0.297642,  0.505692
  0.297664,  0.529491
  0.297687,  0.553295
  0.297710,  0.577101
  0.297732,  0.590109
  0.297755,  0.566385
  0.297778,  0.542659
  0.297800,  0.518928
  0.297823,  0.495194
  0.297846,  0.471456
  0.297868,  0.447715
  0.297891,  0.423970
  0.297914,  0.400221
  0.297937,  0.376469
  0.297959,  0.352713
  0.297982,  0.328954
  0.298005,  0.305191
  0.298027,  0.281424
  0.298050,  0.257654
  0.298073,  0.233880
  0.298095,  0.210102
  0.298118,  0.186321
  0.298141,  0.162536
  0.298163,  0.138748
  0.298186,  0.114956
  0.298209,  0.091160
  0.298231,  0.067361
  0.298254,  0.043558
  0.298277,  0.019751
  0.298299, -0.004059
  0.298322, -0.027873
  0.298345, -0.051690
  0.298367, -0.075511
  0.298390, -0.099336
  0.298413, -0.123164
  0.298435, -0.146996
  0.298458, -0.170831
  0.298481, -0.194670
  0.298503, -0.218513
  0.298526, -0.242359
  0.298549, -0.266209
  0.298571, -0.290063
  0.298594, -0.313920
  0.298617, -0.337781
  0.298639, -0.361645
  0.298662, -0.385513
  0.298685, -0.409385
  0.298707, -0.433260
  0.298730, -0.457139
  0.298753, -0.481022
  0.298776, -0.504908
  0.298798, -0.528798
  0.298821, -0.552691
  0.298844, -0.576588
  0.298866, -0.595067
  0.298889, -0.571253
  0.298912, -0.547436
  0.298934, -0.523615
  0.298957, -0.499791
  0.298980, -0.475963
  0.299002, -0.452131
  0.299025, -0.428296
  0.299048, -0.404457
  0.299070, -0.380614
  0.299093, -0.356768
  0.299116, -0.332919
  0.299138, -0.309065
  0.299161, -0.285208
  0.299184, -0.261348
  0.299206, -0.237483
  0.299229, -0.213615
  0.299252, -0.189744
  0.299274, -0.165869
  0.299297, -0.141990
  0.299320, -0.118108
  0.299342, -0.094222
  0.299365, -0.070332
  0.299388, -0.046439
  0.299410, -0.022542
  0.299433,  0.001358
  0.299456,  0.025262
  0.299478,  0.049170
  0.299501,  0.073081
  0.299524,  0.096996
  0.299546,  0.120915
  0.299569,  0.144837
  0.299592,  0.168762
  0.299615,  0.192692
  0.299637,  0.216625
  0.299660,  0.240561
  0.299683,  0.264502
  0.299705,  0.288446
  0.299728,  0.312393
  0.299751,  0.336344
  0.299773,  0.360299
  0.299796,  0.384257
  0.299819,  0.408219
  0.299841,  0.432185
  0.299864,  0.456154
  0.299887,  0.480127
  0.299909,  0.504103
  0.299932,  0.528083
  0.299955,  0.552067
  0.299977,  0.576054
  0.300000,  0.600045
  0.300023,  0.576142
  0.300045,  0.552234
  0.300068,  0.528323
  0.300091,  0.504408
  0.300113,  0.480490
  0.300136,  0.456568
  0.300159,  0.432642
  0.300181,  0.408713
  0.300204,  0.384780
  0.300227,  0.360844
  0.300249,  0.336904
  0.300272,  0.312960
  0.300295,  0.289013
  0.300317,  0.265062
  0.300340,  0.241108
  0.300363,  0.217149
  0.300385,  0.193188
  0.300408,  0.169222
  0.300431,  0.145253
  0.300454,  0.121281
  0.300476,  0.097304
  0.300499,  0.073325
  0.300522,  0.049341
  0.300544,  0.025354
  0.300567,  0.001363
  0.300590, -0.022631
  0.300612, -0.046629
  0.300635, -0.070631
  0.300658, -0.094636
  0.300680, -0.118645
  0.300703, -0.142657
  0.300726, -0.166673
  0.300748, -0.190693
  0.300771, -0.214716
  0.300794, -0.238743
  0.300816, -0.262774
  0.300839, -0.286808
  0.300862, -0.310846
  0.300884, -0.334887
  0.300907, -0.358932
  0.300930, -0.382981
  0.300952, -0.407033
  0.300975, -0.431089
  0.300998, -0.455148
  0.301020, -0.479211
  0.301043, -0.503278
  0.301066, -0.527349
  0.301088, -0.551423
  0.301111, -0.575500
  0.301134, -0.599581
  0.301156, -0.581050
  0.301179, -0.557053
  0.301202, -0.533051
  0.301224, -0.509046
  0.301247, -0.485038
  0.301270, -0.461025
  0.301293, -0.437010
  0.301315, -0.412990
  0.301338, -0.388967
  0.301361, -0.364940
  0.301383, -0.340910
  0.301406, -0.316876
  0.301429, -0.292838
  0.301451, -0.268797
  0.301474, -0.244752
  0.301497, -0.220704
  0.301519, -0.196652
  0.301542, -0.172596
  0.301565, -0.148537
  0.301587, -0.124474
  0.301610, -0.100407
  0.301633, -0.076337
  0.301655, -0.052263
  0.301678, -0.028186
  0.301701, -0.004105
  0.301723,  0.019980
  0.301746,  0.044068
  0.301769,  0.068160
  0.301791,  0.092255
  0.301814,  0.116354
  0.301837,  0.140457
  0.301859,  0.164563
  0.301882,  0.188673
  0.301905,  0.212787
  0.301927,  0.236904
  0.301950,  0.261025
  0.301973,  0.285149
  0.301995,  0.309278
  0.302018,  0.333409
  0.302041,  0.357545
  0.302063,  0.381683
  0.302086,  0.405826
  0.302109,  0.429972
  0.302132,  0.454122
  0.302154,  0.478275
  0.302177,  0.502432
  0.302200,  0.526593
  0.302222,  0.550757
  0.302245,  0.574925
  0.302268,  0.599097
  0.302290,  0.585980
  0.302313,  0.561892
  0.302336,  0.537800
  0.302358,  0.513705
  0.302381,  0.489606
  0.302404,  0.465503
  0.302426,  0.441397
  0.302449,  0.417287
  0.302472,  0.393174
  0.302494,  0.369057
  0.302517,  0.344936
  0.302540,  0.320812
  0.302562,  0.296684
  0.302585,  0.272553
  0.302608,  0.248418
  0.302630,  0.224279
  0.302653,  0.200137
  0.302676,  0.175991
  0.302698,  0.151841
  0.302721,  0.127688
  0.302744,  0.103531
  0.302766,  0.079371
  0.302789,  0.055207
  0.302812,  0.031039
  0.302834,  0.006868
  0.302857, -0.017307
  0.302880, -0.041486
  0.302902, -0.065668
  0.302925, -0.089854
  0.302948, -0.114043
  0.302971, -0.138236
  0.302993, -0.162433
  0.303016, -0.186633
  0.303039, -0.210837
  0.303061, -0.235045
  0.303084, -0.259256
  0.303107, -0.283471
  0.303129, -0.307689
  0.303152, -0.331911
  0.303175, -0.356136
  0.303197, -0.380366
  0.303220, -0.404599
  0.303243, -0.428835
  0.303265, -0.453075
  0.303288, -0.477319
  0.303311, -0.501566
  0.303333, -0.525817
  0.303356, -0.550072
  0.303379, -0.574330
  0.303401, -0.598592
  0.303424, -0.590930
  0.303447, -0.566751
  0.303469, -0.542569
  0.303492, -0.518384
  0.303515, -0.494195
  0.303537, -0.470002
  0.303560, -0.445805
  0.303583, -0.421605
  0.303605, -0.397402
  0.303628, -0.373194
  0.303651, -0.348983
  0.303673, -0.324769
  0.303696, -0.300551
  0.303719, -0.276329
  0.303741, -0.252104
  0.303764, -0.227875
  0.303787, -0.203642
  0.303810, -0.179406
  0.303832, -0.155166
  0.303855, -0.130922
  0.303878, -0.106675
  0.303900, -0.082424
  0.303923, -0.058170
  0.303946, -0.033912
  0.303968, -0.009651
  0.303991,  0.014615
  0.304014,  0.038884
  0.304036,  0.063156
  0.304059,  0.087432
  0.304082,  0.111712
  0.304104,  0.135995
  0.304127,  0.160282
  0.304150,  0.184573
  0.304172,  0.208867
  0.304195,  0.233165
  0.304218,  0.257466
  0.304240,  0.281771
  0.304263,  0.306080
  0.304286,  0.330392
  0.304308,  0.354708
  0.304331,  0.379027
  0.304354,  0.403351
  0.304376,  0.427677
  0.304399,  0.452008
  0.304422,  0.476342
  0.304444,  0.500679
  0.304467,  0.525021
  0.304490,  0.549365
  0.304512,  0.573714
  0.304535,  0.598066
  0.304558,  0.595900
  0.304580,  0.571632
  0.304603,  0.547359
  0.304626,  0.523084
  0.304649,  0.498804
  0.304671,  0.474521
  0.304694,  0.450234
  0.304717,  0.425944
  0.304739,  0.401650
  0.304762,  0.377352
  0.304785,  0.353051
  0.304807,  0.328746
  0.304830,  0.304438
  0.304853,  0.280126
  0.304875,  0.255810
  0.304898,  0.231491
  0.304921,  0.207168
  0.304943,  0.182841
  0.304966,  0.158511
  0.304989,  0.134177
  0.305011,  0.109840
  0.305034,  0.085499
  0.305057,  0.061154
  0.305079,  0.036806
  0.305102,  0.012454
  0.305125, -0.011901
  0.305147, -0.036261
  0.305170, -0.060623
  0.305193, -0.084990
  0.305215, -0.109360
  0.305238, -0.133733
  0.305261, -0.158111
  0.305283, -0.182491
  0.305306, -0.206876
  0.305329, -0.231264
  0.305351, -0.255656
  0.305374, -0.280051
  0.305397, -0.304450
  0.305420, -0.328852
  0.305442, -0.353259
  0.305465, -0.377668
  0.305488, -0.402082
  0.305510, -0.426499
  0.305533, -0.450920
  0.305556, -0.475344
  0.305578, -0.499772
  0.305601, -0.524203
  0.305624, -0.548638
  0.305646, -0.573077
  0.305669, -0.597520
  0.305692, -0.600891
  0.305714, -0.576533
  0.305737, -0.552170
  0.305760, -0.527804
  0.305782, -0.503434
  0.305805, -0.479061
  0.305828, -0.454684
  0.305850, -0.430303
  0.305873, -0.405919
  0.305896, -0.381531
  0.305918, -0.357139
  0.305941, -0.332744
  0.305964, -0.308345
  0.305986, -0.283943
  0.306009, -0.259537
  0.306032, -0.235128
  0.306054, -0.210714
  0.306077, -0.186297
  0.306100, -0.161877
  0.306122, -0.137453
  0.306145, -0.113025
  0.306168, -0.088594
  0.306190, -0.064159
  0.306213, -0.039720
  0.306236, -0.015278
  0.306259,  0.009168
  0.306281,  0.033617
  0.306304,  0.058070
  0.306327,  0.082527
  0.306349,  0.106987
  0.306372,  0.131451
  0.306395,  0.155918
  0.306417,  0.180390
  0.306440,  0.204864
  0.306463,  0.229343
  0.306485,  0.253825
  0.306508,  0.278310
  0.306531,  0.302800
  0.306553,  0.327292
  0.306576,  0.351789
  0.306599,  0.376289
  0.306621,  0.400793
  0.306644,  0.425300
  0.306667,  0.449811
  0.306689,  0.474326
  0.306712,  0.498844
  0.306735,  0.523366
  0.306757,  0.547891
  0.306780,  0.572420
  0.306803,  0.596953
  0.306825,  0.605903
  0.306848,  0.581454
  0.306871,  0.557001
  0.306893,  0.532545
  0.306916,  0.508085
  0.306939,  0.483621
  0.306961,  0.459154
  0.306984,  0.434683
  0.307007,  0.410208
  0.307029,  0.385730
  0.307052,  0.361248
  0.307075,  0.336763
  0.307098,  0.312274
  0.307120,  0.287781
  0.307143,  0.263285
  0.307166,  0.238785
  0.307188,  0.214281
  0.307211,  0.189774
  0.307234,  0.165263
  0.307256,  0.140749
  0.307279,  0.116231
  0.307302,  0.091709
  0.307324,  0.067184
  0.307347,  0.042655
  0.307370,  0.018123
  0.307392, -0.006413
  0.307415, -0.030953
  0.307438, -0.055496
  0.307460, -0.080043
  0.307483, -0.104594
  0.307506, -0.129148
  0.307528, -0.153706
  0.307551, -0.178267
  0.307574, -0.202832
  0.307596, -0.227401
  0.307619, -0.251973
  0.307642, -0.276549
  0.307664, -0.301129
  0.307687, -0.325712
  0.307710, -0.350299
  0.307732, -0.374889
  0.307755, -0.399483
  0.307778, -0.424081
  0.307800, -0.448682
  0.307823, -0.473287
  0.307846, -0.497895
  0.307868, -0.522507
  0.307891, -0.547123
  0.307914, -0.571742
  0.307937, -0.596365
  0.307959, -0.610935
  0.307982, -0.586396
  0.308005, -0.561853
  0.308027, -0.537306
  0.308050, -0.512756
  0.308073, -0.488202
  0.308095, -0.463644
  0.308118, -0.439083
  0.308141, -0.414518
  0.308163, -0.389950
  0.308186, -0.365377
  0.308209, -0.340802
  0.308231, -0.316222
  0.308254, -0.291639
  0.308277, -0.267053
  0.308299, -0.242463
  0.308322, -0.217869
  0.308345, -0.193272
  0.308367, -0.168670
  0.308390, -0.144066
  0.308413, -0.119458
  0.308435, -0.094846
  0.308458, -0.070230
  0.308481, -0.045611
  0.308503, -0.020988
  0.308526,  0.003638
  0.308549,  0.028268
  0.308571,  0.052902
  0.308594,  0.077539
  0.308617,  0.102180
  0.308639,  0.126824
  0.308662,  0.151473
  0.308685,  0.176124
  0.308707,  0.200780
  0.308730,  0.225439
  0.308753,  0.250101
  0.308776,  0.274767
  0.308798,  0.299437
  0.308821,  0.324111
  0.308844,  0.348788
  0.308866,  0.373468
  0.308889,  0.398153
  0.308912,  0.422841
  0.308934,  0.447532
  0.308957,  0.472227
  0.308980,  0.496926
  0.309002,  0.521628
  0.309025,  0.546335
  0.309048,  0.571044
  0.309070,  0.595757
  0.309093,  0.615988
  0.309116,  0.591358
  0.309138,  0.566725
  0.309161,  0.542088
  0.309184,  0.517447
  0.309206,  0.492803
  0.309229,  0.468155
  0.309252,  0.443504
  0.309274,  0.418849
  0.309297,  0.394190
  0.309320,  0.369527
  0.309342,  0.344861
  0.309365,  0.320192
  0.309388,  0.295519
  0.309410,  0.270842
  0.309433,  0.246161
  0.309456,  0.221477
  0.309478,  0.196789
  0.309501,  0.172098
  0.309524,  0.147403
  0.309546,  0.122705
  0.309569,  0.098002
  0.309592,  0.073296
  0.309615,  0.048587
  0.309637,  0.023874
  0.309660, -0.000843
  0.309683, -0.025563
  0.309705, -0.050287
  0.309728, -0.075014
  0.309751, -0.099746
  0.309773, -0.124480
  0.309796, -0.149219
  0.309819, -0.173961
  0.309841, -0.198706
  0.309864, -0.223456
  0.309887, -0.248209
  0.309909, -0.272965
  0.309932, -0.297725
  0.309955, -0.322489
  0.309977, -0.347256
  0.310000, -0.372027
  0.310023, -0.396802
  0.310045, -0.421580
  0.310068, -0.446362
  0.310091, -0.471147
  0.310113, -0.495936
  0.310136, -0.520729
  0.310159, -0.545525
  0.310181, -0.570325
  0.310204, -0.595129
  0.310227, -0.619936
  0.310249, -0.596342
  0.310272, -0.571618
  0.310295, -0.546891
  0.310317, -0.522160
  0.310340, -0.497425
  0.310363, -0.472687
  0.310385, -0.447945
  0.310408, -0.423200
  0.310431, -0.398451
  0.310454, -0.373698
  0.310476, -0.348942
  0.310499, -0.324182
  0.310522, -0.299418
  0.310544, -0.274651
  0.310567, -0.249880
  0.310590, -0.225106
  0.310612, -0.200328
  0.310635, -0.175546
  0.310658, -0.150761
  0.310680, -0.125972
  0.310703, -0.101180
  0.310726, -0.076383
  0.310748, -0.051584
  0.310771, -0.026780
  0.310794, -0.001973
  0.310816,  0.022837
  0.310839,  0.047651
  0.310862,  0.072469
  0.310884,  0.097291
  0.310907,  0.122116
  0.310930,  0.146944
  0.310952,  0.171777
  0.310975,  0.196613
  0.310998,  0.221452
  0.311020,  0.246295
  0.311043,  0.271142
  0.311066,  0.295993
  0.311088,  0.320847
  0.311111,  0.345704
  0.311134,  0.370565
  0.311156,  0.395430
  0.311179,  0.420299
  0.311202,  0.445171
  0.311224,  0.470047
  0.311247,  0.494926
  0.311270,  0.519809
  0.311293,  0.544696
  0.311315,  0.569586
  0.311338,  0.594480
  0.311361,  0.619377
  0.311383,  0.601345
  0.311406,  0.576531
  0.311429,  0.551714
  0.311451,  0.526892
  0.311474,  0.502068
  0.311497,  0.477239
  0.311519,  0.452407
  0.311542,  0.427571
  0.311565,  0.402732
  0.311587,  0.377889
  0.311610,  0.353042
  0.311633,  0.328192
  0.311655,  0.303338
  0.311678,  0.278481
  0.311701,  0.253620
  0.311723,  0.228755
  0.311746,  0.203887
  0.311769,  0.179015
  0.311791,  0.154139
  0.311814,  0.129260
  0.311837,  0.104377
  0.311859,  0.079491
  0.311882,  0.054601
  0.311905,  0.029707
  0.311927,  0.004810
  0.311950, -0.020091
  0.311973, -0.044995
  0.311995, -0.069903
  0.312018, -0.094815
  0.312041, -0.119730
  0.312063, -0.144649
  0.312086, -0.169572
  0.312109, -0.194498
  0.312132, -0.219428
  0.312154, -0.244362
  0.312177, -0.269299
  0.312200, -0.294239
  0.312222, -0.319184
  0.312245, -0.344132
  0.312268, -0.369083
  0.312290, -0.394038
  0.312313, -0.418997
  0.312336, -0.443960
  0.312358, -0.468926
  0.312381, -0.493895
  0.312404, -0.518869
  0.312426, -0.543845
  0.312449, -0.568826
  0.312472, -0.593810
  0.312494, -0.618798
  0.312517, -0.606370
  0.312540, -0.581465
  0.312562, -0.556557
  0.312585, -0.531646
  0.312608, -0.506731
  0.312630, -0.481812
  0.312653, -0.456889
  0.312676, -0.431963
  0.312698, -0.407034
  0.312721, -0.382101
  0.312744, -0.357164
  0.312766, -0.332223
  0.312789, -0.307279
  0.312812, -0.282331
  0.312834, -0.257380
  0.312857, -0.232425
  0.312880, -0.207466
  0.312902, -0.182504
  0.312925, -0.157538
  0.312948, -0.132569
  0.312971, -0.107596
  0.312993, -0.082619
  0.313016, -0.057639
  0.313039, -0.032655
  0.313061, -0.007667
  0.313084,  0.017324
  0.313107,  0.042319
  0.313129,  0.067317
  0.313152,  0.092319
  0.313175,  0.117325
  0.313197,  0.142334
  0.313220,  0.167347
  0.313243,  0.192363
  0.313265,  0.217383
  0.313288,  0.242407
  0.313311,  0.267435
  0.313333,  0.292466
  0.313356,  0.317500
  0.313379,  0.342538
  0.313401,  0.367580
  0.313424,  0.392626
  0.313447,  0.417675
  0.313469,  0.442728
  0.313492,  0.467784
  0.313515,  0.492844
  0.313537,  0.517907
  0.313560,  0.542975
  0.313583,  0.568045
  0.313605,  0.593120
  0.313628,  0.618198
  0.313651,  0.611414
  0.313673,  0.586420
  0.313696,  0.561422
  0.313719,  0.536420
  0.313741,  0.511414
  0.313764,  0.486405
  0.313787,  0.461393
  0.313810,  0.436376
  0.313832,  0.411356
  0.313855,  0.386333
  0.313878,  0.361306
  0.313900,  0.336275
  0.313923,  0.311240
  0.313946,  0.286202
  0.313968,  0.261161
  0.313991,  0.236115
  0.314014,  0.211067
  0.314036,  0.186014
  0.314059,  0.160958
  0.314082,  0.135898
  0.314104,  0.110835
  0.314127,  0.085768
  0.314150,  0.060697
  0.314172,  0.035623
  0.314195,  0.010545
  0.314218, -0.014536
  0.314240, -0.039621
  0.314263, -0.064710
  0.314286, -0.089802
  0.314308, -0.114898
  0.314331, -0.139998
  0.314354, -0.165101
  0.314376, -0.190208
  0.314399, -0.215318
  0.314422, -0.240432
  0.314444, -0.265550
  0.314467, -0.290671
  0.314490, -0.315796
  0.314512, -0.340925
  0.314535, -0.366057
  0.314558, -0.391193
  0.314580, -0.416332
  0.314603, -0.441475
  0.314626, -0.466622
  0.314649, -0.491772
  0.314671, -0.516926
  0.314694, -0.542083
  0.314717, -0.567244
  0.314739, -0.592409
  0.314762, -0.617577
  0.314785, -0.616480
  0.314807, -0.591395
  0.314830, -0.566306
  0.314853, -0.541214
  0.314875, -0.516118
  0.314898, -0.491019
  0.314921, -0.465916
  0.314943, -0.440810
  0.314966, -0.415699
  0.314989, -0.390585
  0.315011, -0.365468
  0.315034, -0.340347
  0.315057, -0.315222
  0.315079, -0.290094
  0.315102, -0.264962
  0.315125, -0.239826
  0.315147, -0.214687
  0.315170, -0.189544
  0.315193, -0.164398
  0.315215, -0.139248
  0.315238, -0.114094
  0.315261, -0.088937
  0.315283, -0.063776
  0.315306, -0.038612
  0.315329, -0.013444
  0.315351,  0.011728
  0.315374,  0.036904
  0.315397,  0.062083
  0.315420,  0.087265
  0.315442,  0.112451
  0.315465,  0.137641
  0.315488,  0.162835
  0.315510,  0.188032
  0.315533,  0.213233
  0.315556,  0.238437
  0.315578,  0.263645
  0.315601,  0.288856
  0.315624,  0.314072
  0.315646,  0.339290
  0.315669,  0.364513
  0.315692,  0.389739
  0.315714,  0.414969
  0.315737,  0.440202
  0.315760,  0.465439
  0.315782,  0.490679
  0.315805,  0.515923
  0.315828,  0.541171
  0.315850,  0.566423
  0.315873,  0.591678
  0.315896,  0.616936
  0.315918,  0.621566
  0.315941,  0.596390
  0.315964,  0.571212
  0.315986,  0.546029
  0.316009,  0.520843
  0.316032,  0.495654
  0.316054,  0.470460
  0.316077,  0.445263
  0.316100,  0.420063
  0.316122,  0.394859
  0.316145,  0.369651
  0.316168,  0.344440
  0.316190,  0.319225
  0.316213,  0.294006
  0.316236,  0.268784
  0.316259,  0.243558
  0.316281,  0.218329
  0.316304,  0.193095
  0.316327,  0.167859
  0.316349,  0.142618
  0.316372,  0.117374
  0.316395,  0.092127
  0.316417,  0.066876
  0.316440,  0.041621
  0.316463,  0.016363
  0.316485, -0.008900
  0.316508, -0.034165
  0.316531, -0.059434
  0.316553, -0.084707
  0.316576, -0.109984
  0.316599, -0.135264
  0.316621, -0.160548
  0.316644, -0.185835
  0.316667, -0.211126
  0.316689, -0.236421
  0.316712, -0.261719
  0.316735, -0.287021
  0.316757, -0.312326
  0.316780, -0.337636
  0.316803, -0.362948
  0.316825, -0.388265
  0.316848, -0.413585
  0.316871, -0.438908
  0.316893, -0.464235
  0.316916, -0.489566
  0.316939, -0.514901
  0.316961, -0.540239
  0.316984, -0.565580
  0.317007, -0.590926
  0.317029, -0.616275
  0.317052, -0.626672
  0.317075, -0.601407
  0.317098, -0.576138
  0.317120, -0.550865
  0.317143, -0.525589
  0.317166, -0.500309
  0.317188, -0.475025
  0.317211, -0.449738
  0.317234, -0.424447
  0.317256, -0.399153
  0.317279, -0.373855
  0.317302, -0.348553
  0.317324, -0.323248
  0.317347, -0.297939
  0.317370, -0.272626
  0.317392, -0.247310
  0.317415, -0.221990
  0.317438, -0.196667
  0.317460, -0.171340
  0.317483, -0.146009
  0.317506, -0.120675
  0.317528, -0.095337
  0.317551, -0.069996
  0.317574, -0.044651
  0.317596, -0.019302
  0.317619,  0.006050
  0.317642,  0.031406
  0.317664,  0.056766
  0.317687,  0.082129
  0.317710,  0.107496
  0.317732,  0.132866
  0.317755,  0.158240
  0.317778,  0.183618
  0.317800,  0.208999
  0.317823,  0.234384
  0.317846,  0.259773
  0.317868,  0.285165
  0.317891,  0.310561
  0.317914,  0.335960
  0.317937,  0.361363
  0.317959,  0.386770
  0.317982,  0.412180
  0.318005,  0.437594
  0.318027,  0.463011
  0.318050,  0.488433
  0.318073,  0.513857
  0.318095,  0.539286
  0.318118,  0.564718
  0.318141,  0.590153
  0.318163,  0.615592
  0.318186,  0.631799
  0.318209,  0.606443
  0.318231,  0.581084
  0.318254,  0.555721
  0.318277,  0.530355
  0.318299,  0.504984
  0.318322,  0.479610
  0.318345,  0.454233
  0.318367,  0.428852
  0.318390,  0.403467
  0.318413,  0.378079
  0.318435,  0.352687
  0.318458,  0.327291
  0.318481,  0.301892
  0.318503,  0.276489
  0.318526,  0.251083
  0.318549,  0.225673
  0.318571,  0.200259
  0.318594,  0.174842
  0.318617,  0.149421
  0.318639,  0.123996
  0.318662,  0.098568
  0.318685,  0.073137
  0.318707,  0.047701
  0.318730,  0.022262
  0.318753, -0.003181
  0.318776, -0.028627
  0.318798, -0.054077
  0.318821, -0.079530
  0.318844, -0.104987
  0.318866, -0.130448
  0.318889, -0.155912
  0.318912, -0.181380
  0.318934, -0.206852
  0.318957, -0.232327
  0.318980, -0.257806
  0.319002, -0.283288
  0.319025, -0.308774
  0.319048, -0.334264
  0.319070, -0.359757
  0.319093, -0.385254
  0.319116, -0.410755
  0.319138, -0.436259
  0.319161, -0.461767
  0.319184, -0.487278
  0.319206, -0.512793
  0.319229, -0.538312
  0.319252, -0.563834
  0.319274, -0.589360
  0.319297, -0.614890
  0.319320, -0.636947
  0.319342, -0.611501
  0.319365, -0.586051
  0.319388, -0.560598
  0.319410, -0.535141
  0.319433, -0.509680
  0.319456, -0.484216
  0.319478, -0.458749
  0.319501, -0.433277
  0.319524, -0.407802
  0.319546, -0.382324
  0.319569, -0.356841
  0.319592, -0.331355
  0.319615, -0.305866
  0.319637, -0.280373
  0.319660, -0.254876
  0.319683, -0.229376
  0.319705, -0.203872
  0.319728, -0.178364
  0.319751, -0.152853
  0.319773, -0.127338
  0.319796, -0.101820
  0.319819, -0.076298
  0.319841, -0.050772
  0.319864, -0.025243
  0.319887,  0.000290
  0.319909,  0.025827
  0.319932,  0.051367
  0.319955,  0.076911
  0.319977,  0.102458
  0.320000,  0.128009
  0.320023,  0.153564
  0.320045,  0.179122
  0.320068,  0.204684
  0.320091,  0.230249
  0.320113,  0.255818
  0.320136,  0.281391
  0.320159,  0.306968
  0.320181,  0.332548
  0.320204,  0.358131
  0.320227,  0.383718
  0.320249,  0.409309
  0.320272,  0.434904
  0.320295,  0.460502
  0.320317,  0.486103
  0.320340,  0.511709
  0.320363,  0.537318
  0.320385,  0.562930
  0.320408,  0.588546
  0.320431,  0.614166
  0.320454,  0.639790
  0.320476,  0.616579
  0.320499,  0.591039
  0.320522,  0.565495
  0.320544,  0.539948
  0.320567,  0.514397
  0.320590,  0.488843
  0.320612,  0.463285
  0.320635,  0.437723
  0.320658,  0.412158
  0.320680,  0.386589
  0.320703,  0.361016
  0.320726,  0.335440
  0.320748,  0.309860
  0.320771,  0.284277
  0.320794,  0.258690
  0.320816,  0.233099
  0.320839,  0.207505
  0.320862,  0.181907
  0.320884,  0.156306
  0.320907,  0.130701
  0.320930,  0.105092
  0.320952,  0.079480
  0.320975,  0.053864
  0.320998,  0.028244
  0.321020,  0.002621
  0.321043, -0.023006
  0.321066, -0.048637
  0.321088, -0.074271
  0.321111, -0.099908
  0.321134, -0.125550
  0.321156, -0.151195
  0.321179, -0.176843
  0.321202, -0.202495
  0.321224, -0.228151
  0.321247, -0.253810
  0.321270, -0.279473
  0.321293, -0.305140
  0.321315, -0.330810
  0.321338, -0.356484
  0.321361, -0.382162
  0.321383, -0.407843
  0.321406, -0.433528
  0.321429, -0.459216
  0.321451, -0.484908
  0.321474, -0.510604
  0.321497, -0.536303
  0.321519, -0.562006
  0.321542, -0.587712
  0.321565, -0.613422
  0.321587, -0.639136
  0.321610, -0.621677
  0.321633, -0.596047
  0.321655, -0.570413
  0.321678, -0.544776
  0.321701, -0.519135
  0.321723, -0.493490
  0.321746, -0.467841
  0.321769, -0.442190
  0.321791, -0.416534
  0.321814, -0.390875
  0.321837, -0.365212
  0.321859, -0.339545
  0.321882, -0.313875
  0.321905, -0.288202
  0.321927, -0.262524
  0.321950, -0.236843
  0.321973, -0.211159
  0.321995, -0.185471
  0.322018, -0.159779
  0.322041, -0.134084
  0.322063, -0.108385
  0.322086, -0.082682
  0.322109, -0.056976
  0.322132, -0.031266
  0.322154, -0.005552
  0.322177,  0.020165
  0.322200,  0.045886
  0.322222,  0.071610
  0.322245,  0.097338
  0.322268,  0.123070
  0.322290,  0.148805
  0.322313,  0.174544
  0.322336,  0.200286
  0.322358,  0.226032
  0.322381,  0.251782
  0.322404,  0.277535
  0.322426,  0.303292
  0.322449,  0.329053
  0.322472,  0.354817
  0.322494,  0.380585
  0.322517,  0.406356
  0.322540,  0.432131
  0.322562,  0.457910
  0.322585,  0.483692
  0.322608,  0.509478
  0.322630,  0.535268
  0.322653,  0.561061
  0.322676,  0.586857
  0.322698,  0.612658
  0.322721,  0.638462
  0.322744,  0.626796
  0.322766,  0.601076
  0.322789,  0.575352
  0.322812,  0.549624
  0.322834,  0.523892
  0.322857,  0.498157
  0.322880,  0.472419
  0.322902,  0.446677
  0.322925,  0.420931
  0.322948,  0.395181
  0.322971,  0.369428
  0.322993,  0.343671
  0.323016,  0.317911
  0.323039,  0.292147
  0.323061,  0.266379
  0.323084,  0.240608
  0.323107,  0.214833
  0.323129,  0.189055
  0.323152,  0.163273
  0.323175,  0.137487
  0.323197,  0.111698
  0.323220,  0.085905
  0.323243,  0.060108
  0.323265,  0.034308
  0.323288,  0.008504
  0.323311, -0.017303
  0.323333, -0.043114
  0.323356, -0.068929
  0.323379, -0.094747
  0.323401, -0.120569
  0.323424, -0.146394
  0.323447, -0.172224
  0.323469, -0.198056
  0.323492, -0.223893
  0.323515, -0.249733
  0.323537, -0.275576
  0.323560, -0.301424
  0.323583, -0.327274
  0.323605, -0.353129
  0.323628, -0.378987
  0.323651, -0.404849
  0.323673, -0.430714
  0.323696, -0.456583
  0.323719, -0.482456
  0.323741, -0.508332
  0.323764, -0.534212
  0.323787, -0.560095
  0.323810, -0.585982
  0.323832, -0.611873
  0.323855, -0.637767
  0.323878, -0.631936
  0.323900, -0.606125
  0.323923, -0.580311
  0.323946, -0.554493
  0.323968, -0.528671
  0.323991, -0.502846
  0.324014, -0.477017
  0.324036, -0.451184
  0.324059, -0.425348
  0.324082, -0.399508
  0.324104, -0.373665
  0.324127, -0.347818
  0.324150, -0.321967
  0.324172, -0.296113
  0.324195, -0.270255
  0.324218, -0.244393
  0.324240, -0.218528
  0.324263, -0.192660
  0.324286, -0.166787
  0.324308, -0.140911
  0.324331, -0.115032
  0.324354, -0.089148
  0.324376, -0.063262
  0.324399, -0.037371
  0.324422, -0.011477
  0.324444,  0.014421
  0.324467,  0.040322
  0.324490,  0.066227
  0.324512,  0.092136
  0.324535,  0.118048
  0.324558,  0.143964
  0.324580,  0.169883
  0.324603,  0.195806
  0.324626,  0.221733
  0.324649,  0.247663
  0.324671,  0.273597
  0.324694,  0.299534
  0.324717,  0.325476
  0.324739,  0.351420
  0.324762,  0.377369
  0.324785,  0.403321
  0.324807,  0.429276
  0.324830,  0.455236
  0.324853,  0.481198
  0.324875,  0.507165
  0.324898,  0.533135
  0.324921,  0.559109
  0.324943,  0.585086
  0.324966,  0.611067
  0.324989,  0.637052
  0.325011,  0.637096
  0.325034,  0.611195
  0.325057,  0.585290
  0.325079,  0.559382
  0.325102,  0.533470
  0.325125,  0.507554
  0.325147,  0.481635
  0.325170,  0.455712
  0.325193,  0.429786
  0.325215,  0.403856
  0.325238,  0.377922
  0.325261,  0.351985
  0.325283,  0.326044
  0.325306,  0.300099
  0.325329,  0.274151
  0.325351,  0.248199
  0.325374,  0.222244
  0.325397,  0.196285
  0.325420,  0.170322
  0.325442,  0.144356
  0.325465,  0.118386
  0.325488,  0.092412
  0.325510,  0.066435
  0.325533,  0.040455
  0.325556,  0.014470
  0.325578, -0.011518
  0.325601, -0.037509
  0.325624, -0.063505
  0.325646, -0.089504
  0.325669, -0.115506
  0.325692, -0.141512
  0.325714, -0.167522
  0.325737, -0.193535
  0.325760, -0.219552
  0.325782, -0.245573
  0.325805, -0.271597
  0.325828, -0.297625
  0.325850, -0.323656
  0.325873, -0.349691
  0.325896, -0.375730
  0.325918, -0.401772
  0.325941, -0.427818
  0.325964, -0.453868
  0.325986, -0.479921
  0.326009, -0.505978
  0.326032, -0.532038
  0.326054, -0.558102
  0.326077, -0.584170
  0.326100, -0.610241
  0.326122, -0.636316
  0.326145, -0.642277
  0.326168, -0.616285
  0.326190, -0.590290
  0.326213, -0.564292
  0.326236, -0.538290
  0.326259, -0.512284
  0.326281, -0.486274
  0.326304, -0.460261
  0.326327, -0.434244
  0.326349, -0.408224
  0.326372, -0.382200
  0.326395, -0.356172
  0.326417, -0.330141
  0.326440, -0.304106
  0.326463, -0.278068
  0.326485, -0.252026
  0.326508, -0.225980
  0.326531, -0.199931
  0.326553, -0.173878
  0.326576, -0.147821
  0.326599, -0.121761
  0.326621, -0.095697
  0.326644, -0.069630
  0.326667, -0.043559
  0.326689, -0.017484
  0.326712,  0.008594
  0.326735,  0.034676
  0.326757,  0.060762
  0.326780,  0.086851
  0.326803,  0.112944
  0.326825,  0.139040
  0.326848,  0.165140
  0.326871,  0.191244
  0.326893,  0.217351
  0.326916,  0.243462
  0.326939,  0.269576
  0.326961,  0.295694
  0.326984,  0.321816
  0.327007,  0.347942
  0.327029,  0.374071
  0.327052,  0.400203
  0.327075,  0.426339
  0.327098,  0.452479
  0.327120,  0.478623
  0.327143,  0.504770
  0.327166,  0.530920
  0.327188,  0.557075
  0.327211,  0.583233
  0.327234,  0.609394
  0.327256,  0.635559
  0.327279,  0.647478
  0.327302,  0.621397
  0.327324,  0.595311
  0.327347,  0.569222
  0.327370,  0.543130
  0.327392,  0.517034
  0.327415,  0.490934
  0.327438,  0.464830
  0.327460,  0.438723
  0.327483,  0.412613
  0.327506,  0.386498
  0.327528,  0.360380
  0.327551,  0.334259
  0.327574,  0.308134
  0.327596,  0.282005
  0.327619,  0.255873
  0.327642,  0.229737
  0.327664,  0.203597
  0.327687,  0.177454
  0.327710,  0.151307
  0.327732,  0.125156
  0.327755,  0.099002
  0.327778,  0.072845
  0.327800,  0.046683
  0.327823,  0.020518
  0.327846, -0.005650
  0.327868, -0.031823
  0.327891, -0.057998
  0.327914, -0.084178
  0.327937, -0.110361
  0.327959, -0.136548
  0.327982, -0.162738
  0.328005, -0.188932
  0.328027, -0.215129
  0.328050, -0.241330
  0.328073, -0.267535
  0.328095, -0.293744
  0.328118, -0.319956
  0.328141, -0.346171
  0.328163, -0.372391
  0.328186, -0.398613
  0.328209, -0.424840
  0.328231, -0.451070
  0.328254, -0.477304
  0.328277, -0.503541
  0.328299, -0.529782
  0.328322, -0.556027
  0.328345, -0.582275
  0.328367, -0.608527
  0.328390, -0.634782
  0.328413, -0.652700
  0.328435, -0.626528
  0.328458, -0.600353
  0.328481, -0.574173
  0.328503, -0.547990
  0.328526, -0.521804
  0.328549, -0.495614
  0.328571, -0.469420
  0.328594, -0.443223
  0.328617, -0.417022
  0.328639, -0.390817
  0.328662, -0.364609
  0.328685, -0.338397
  0.328707, -0.312182
  0.328730, -0.285963
  0.328753, -0.259740
  0.328776, -0.233514
  0.328798, -0.207284
  0.328821, -0.181050
  0.328844, -0.154813
  0.328866, -0.128572
  0.328889, -0.102328
  0.328912, -0.076080
  0.328934, -0.049828
  0.328957, -0.023573
  0.328980,  0.002686
  0.329002,  0.028948
  0.329025,  0.055214
  0.329048,  0.081484
  0.329070,  0.107757
  0.329093,  0.134034
  0.329116,  0.160315
  0.329138,  0.186599
  0.329161,  0.212887
  0.329184,  0.239178
  0.329206,  0.265474
  0.329229,  0.291772
  0.329252,  0.318075
  0.329274,  0.344380
  0.329297,  0.370690
  0.329320,  0.397003
  0.329342,  0.423320
  0.329365,  0.449640
  0.329388,  0.475964
  0.329410,  0.502292
  0.329433,  0.528623
  0.329456,  0.554958
  0.329478,  0.581297
  0.329501,  0.607639
  0.329524,  0.633985
  0.329546,  0.657943
  0.329569,  0.631680
  0.329592,  0.605414
  0.329615,  0.579145
  0.329637,  0.552872
  0.329660,  0.526595
  0.329683,  0.500315
  0.329705,  0.474031
  0.329728,  0.447743
  0.329751,  0.421452
  0.329773,  0.395157
  0.329796,  0.368858
  0.329819,  0.342556
  0.329841,  0.316251
  0.329864,  0.289941
  0.329887,  0.263628
  0.329909,  0.237312
  0.329932,  0.210991
  0.329955,  0.184668
  0.329977,  0.158340
  0.330000,  0.132009
  0.330023,  0.105674
  0.330045,  0.079336
  0.330068,  0.052994
  0.330091,  0.026649
  0.330113,  0.000299
  0.330136, -0.026053
  0.330159, -0.052410
  0.330181, -0.078770
  0.330204, -0.105133
  0.330227, -0.131501
  0.330249, -0.157872
  0.330272, -0.184246
  0.330295, -0.210624
  0.330317, -0.237006
  0.330340, -0.263391
  0.330363, -0.289780
  0.330385, -0.316173
  0.330408, -0.342569
  0.330431, -0.368969
  0.330454, -0.395372
  0.330476, -0.421780
  0.330499, -0.448190
  0.330522, -0.474605
  0.330544, -0.501022
  0.330567, -0.527444
  0.330590, -0.553869
  0.330612, -0.580298
  0.330635, -0.606730
  0.330658, -0.633166
  0.330680, -0.659606
  0.330703, -0.636853
  0.330726, -0.610497
  0.330748, -0.584137
  0.330771, -0.557774
  0.330794, -0.531407
  0.330816, -0.505036
  0.330839, -0.478662
  0.330862, -0.452284
  0.330884, -0.425902
  0.330907, -0.399517
  0.330930, -0.373128
  0.330952, -0.346736
  0.330975, -0.320340
  0.330998, -0.293940
  0.331020, -0.267537
  0.331043, -0.241130
  0.331066, -0.214719
  0.331088, -0.188305
  0.331111, -0.161888
  0.331134, -0.135466
  0.331156, -0.109041
  0.331179, -0.082613
  0.331202, -0.056180
  0.331224, -0.029745
  0.331247, -0.003305
  0.331270,  0.023138
  0.331293,  0.049585
  0.331315,  0.076035
  0.331338,  0.102489
  0.331361,  0.128946
  0.331383,  0.155408
  0.331406,  0.181872
  0.331429,  0.208341
  0.331451,  0.234813
  0.331474,  0.261288
  0.331497,  0.287768
  0.331519,  0.314251
  0.331542,  0.340737
  0.331565,  0.367227
  0.331587,  0.393721
  0.331610,  0.420218
  0.331633,  0.446719
  0.331655,  0.473224
  0.331678,  0.499732
  0.331701,  0.526244
  0.331723,  0.552760
  0.331746,  0.579279
  0.331769,  0.605801
  0.331791,  0.632328
  0.331814,  0.658858
  0.331837,  0.642046
  0.331859,  0.615600
  0.331882,  0.589150
  0.331905,  0.562696
  0.331927,  0.536239
  0.331950,  0.509778
  0.331973,  0.483313
  0.331995,  0.456845
  0.332018,  0.430373
  0.332041,  0.403898
  0.332063,  0.377419
  0.332086,  0.350936
  0.332109,  0.324450
  0.332132,  0.297960
  0.332154,  0.271466
  0.332177,  0.244969
  0.332200,  0.218468
  0.332222,  0.191964
  0.332245,  0.165456
  0.332268,  0.138944
  0.332290,  0.112429
  0.332313,  0.085910
  0.332336,  0.059387
  0.332358,  0.032861
  0.332381,  0.006331
  0.332404, -0.020202
  0.332426, -0.046739
  0.332449, -0.073279
  0.332472, -0.099824
  0.332494, -0.126372
  0.332517, -0.152923
  0.332540, -0.179478
  0.332562, -0.206037
  0.332585, -0.232599
  0.332608, -0.259165
  0.332630, -0.285735
  0.332653, -0.312308
  0.332676, -0.338885
  0.332698, -0.365465
  0.332721, -0.392049
  0.332744, -0.418637
  0.332766, -0.445228
  0.332789, -0.471823
  0.332812, -0.498422
  0.332834, -0.525024
  0.332857, -0.551629
  0.332880, -0.578239
  0.332902, -0.604852
  0.332925, -0.631468
  0.332948, -0.658089
  0.332971, -0.647260
  0.332993, -0.620723
  0.333016, -0.594183
  0.333039, -0.567639
  0.333061, -0.541091
  0.333084, -0.514540
  0.333107, -0.487985
  0.333129, -0.461427
  0.333152, -0.434865
  0.333175, -0.408299
  0.333197, -0.381730
  0.333220, -0.355157
  0.333243, -0.328580
  0.333265, -0.302000
  0.333288, -0.275416
  0.333311, -0.248828
  0.333333, -0.222237
  0.333356, -0.195643
  0.333379, -0.169044
  0.333401, -0.142442
  0.333424, -0.115837
  0.333447, -0.089228
  0.333469, -0.062615
  0.333492, -0.035998
  0.333515, -0.009378
  0.333537,  0.017245
  0.333560,  0.043873
  0.333583,  0.070503
  0.333605,  0.097138
  0.333628,  0.123776
  0.333651,  0.150418
  0.333673,  0.177063
  0.333696,  0.203712
  0.333719,  0.230365
  0.333741,  0.257021
  0.333764,  0.283681
  0.333787,  0.310344
  0.333810,  0.337012
  0.333832,  0.363682
  0.333855,  0.390357
  0.333878,  0.417035
  0.333900,  0.443716
  0.333923,  0.470401
  0.333946,  0.497090
  0.333968,  0.523783
  0.333991,  0.550479
  0.334014,  0.577178
  0.334036,  0.603882
  0.334059,  0.630589
  0.334082,  0.657299
  0.334104,  0.652495
  0.334127,  0.625868
  0.334150,  0.599237
  0.334172,  0.572603
  0.334195,  0.545965
  0.334218,  0.519323
  0.334240,  0.492678
  0.334263,  0.466029
  0.334286,  0.439377
  0.334308,  0.412721
  0.334331,  0.386061
  0.334354,  0.359398
  0.334376,  0.332731
  0.334399,  0.306060
  0.334422,  0.279386
  0.334444,  0.252708
  0.334467,  0.226027
  0.334490,  0.199342
  0.334512,  0.172654
  0.334535,  0.145961
  0.334558,  0.119265
  0.334580,  0.092566
  0.334603,  0.065863
  0.334626,  0.039156
  0.334649,  0.012446
  0.334671, -0.014268
  0.334694, -0.040986
  0.334717, -0.067707
  0.334739, -0.094432
  0.334762, -0.121160
  0.334785, -0.147892
  0.334807, -0.174628
  0.334830, -0.201367
  0.334853, -0.228110
  0.334875, -0.254857
  0.334898, -0.281607
  0.334921, -0.308361
  0.334943, -0.335118
  0.334966, -0.361879
  0.334989, -0.388644
  0.335011, -0.415412
  0.335034, -0.442184
  0.335057, -0.468959
  0.335079, -0.495738
  0.335102, -0.522521
  0.335125, -0.549307
  0.335147, -0.576097
  0.335170, -0.602891
  0.335193, -0.629688
  0.335215, -0.656489
  0.335238, -0.657750
  0.335261, -0.631032
  0.335283, -0.604311
  0.335306, -0.577587
  0.335329, -0.550859
  0.335351, -0.524127
  0.335374, -0.497391
  0.335397, -0.470652
  0.335420, -0.443909
  0.335442, -0.417163
  0.335465, -0.390413
  0.335488, -0.363660
  0.335510, -0.336902
  0.335533, -0.310142
  0.335556, -0.283377
  0.335578, -0.256609
  0.335601, -0.229837
  0.335624, -0.203062
  0.335646, -0.176283
  0.335669, -0.149501
  0.335692, -0.122715
  0.335714, -0.095925
  0.335737, -0.069131
  0.335760, -0.042334
  0.335782, -0.015534
  0.335805,  0.011270
  0.335828,  0.038078
  0.335850,  0.064890
  0.335873,  0.091705
  0.335896,  0.118524
  0.335918,  0.145346
  0.335941,  0.172172
  0.335964,  0.199001
  0.335986,  0.225835
  0.336009,  0.252671
  0.336032,  0.279512
  0.336054,  0.306356
  0.336077,  0.333204
  0.336100,  0.360055
  0.336122,  0.386910
  0.336145,  0.413768
  0.336168,  0.440631
  0.336190,  0.467496
  0.336213,  0.494366
  0.336236,  0.521239
  0.336259,  0.548115
  0.336281,  0.574996
  0.336304,  0.601880
  0.336327,  0.628767
  0.336349,  0.655658
  0.336372,  0.663025
  0.336395,  0.636218
  0.336417,  0.609406
  0.336440,  0.582591
  0.336463,  0.555773
  0.336485,  0.528951
  0.336508,  0.502125
  0.336531,  0.475296
  0.336553,  0.448463
  0.336576,  0.421626
  0.336599,  0.394786
  0.336621,  0.367942
  0.336644,  0.341094
  0.336667,  0.314243
  0.336689,  0.287389
  0.336712,  0.260530
  0.336735,  0.233668
  0.336757,  0.206803
  0.336780,  0.179934
  0.336803,  0.153061
  0.336825,  0.126184
  0.336848,  0.099304
  0.336871,  0.072421
  0.336893,  0.045533
  0.336916,  0.018642
  0.336939, -0.008252
  0.336961, -0.035150
  0.336984, -0.062052
  0.337007, -0.088957
  0.337029, -0.115866
  0.337052, -0.142779
  0.337075, -0.169695
  0.337098, -0.196615
  0.337120, -0.223539
  0.337143, -0.250466
  0.337166, -0.277397
  0.337188, -0.304331
  0.337211, -0.331269
  0.337234, -0.358210
  0.337256, -0.385156
  0.337279, -0.412105
  0.337302, -0.439057
  0.337324, -0.466013
  0.337347, -0.492973
  0.337370, -0.519936
  0.337392, -0.546903
  0.337415, -0.573874
  0.337438, -0.600848
  0.337460, -0.627826
  0.337483, -0.654807
  0.337506, -0.668321
  0.337528, -0.641423
  0.337551, -0.614522
  0.337574, -0.587617
  0.337596, -0.560708
  0.337619, -0.533795
  0.337642, -0.506879
  0.337664, -0.479960
  0.337687, -0.453036
  0.337710, -0.426110
  0.337732, -0.399179
  0.337755, -0.372245
  0.337778, -0.345307
  0.337800, -0.318366
  0.337823, -0.291421
  0.337846, -0.264472
  0.337868, -0.237520
  0.337891, -0.210564
  0.337914, -0.183605
  0.337937, -0.156641
  0.337959, -0.129675
  0.337982, -0.102704
  0.338005, -0.075730
  0.338027, -0.048753
  0.338050, -0.021772
  0.338073,  0.005213
  0.338095,  0.032202
  0.338118,  0.059194
  0.338141,  0.086189
  0.338163,  0.113189
  0.338186,  0.140192
  0.338209,  0.167198
  0.338231,  0.194208
  0.338254,  0.221222
  0.338277,  0.248240
  0.338299,  0.275261
  0.338322,  0.302285
  0.338345,  0.329314
  0.338367,  0.356345
  0.338390,  0.383381
  0.338413,  0.410420
  0.338435,  0.437463
  0.338458,  0.464509
  0.338481,  0.491559
  0.338503,  0.518613
  0.338526,  0.545670
  0.338549,  0.572731
  0.338571,  0.599795
  0.338594,  0.626863
  0.338617,  0.653935
  0.338639,  0.673638
  0.338662,  0.646650
  0.338685,  0.619658
  0.338707,  0.592663
  0.338730,  0.565663
  0.338753,  0.538661
  0.338776,  0.511654
  0.338798,  0.484644
  0.338821,  0.457631
  0.338844,  0.430614
  0.338866,  0.403593
  0.338889,  0.376568
  0.338912,  0.349540
  0.338934,  0.322509
  0.338957,  0.295473
  0.338980,  0.268434
  0.339002,  0.241392
  0.339025,  0.214346
  0.339048,  0.187296
  0.339070,  0.160243
  0.339093,  0.133186
  0.339116,  0.106125
  0.339138,  0.079061
  0.339161,  0.051993
  0.339184,  0.024921
  0.339206, -0.002154
  0.339229, -0.029233
  0.339252, -0.056315
  0.339274, -0.083401
  0.339297, -0.110491
  0.339320, -0.137584
  0.339342, -0.164681
  0.339365, -0.191781
  0.339388, -0.218885
  0.339410, -0.245993
  0.339433, -0.273104
  0.339456, -0.300219
  0.339478, -0.327338
  0.339501, -0.354460
  0.339524, -0.381586
  0.339546, -0.408715
  0.339569, -0.435848
  0.339592, -0.462985
  0.339615, -0.490125
  0.339637, -0.517269
  0.339660, -0.544416
  0.339683, -0.571568
  0.339705, -0.598722
  0.339728, -0.625881
  0.339751, -0.653043
  0.339773, -0.678975
  0.339796, -0.651897
  0.339819, -0.624815
  0.339841, -0.597729
  0.339864, -0.570640
  0.339887, -0.543547
  0.339909, -0.516450
  0.339932, -0.489350
  0.339955, -0.462246
  0.339977, -0.435138
  0.340000, -0.408027
  0.340023, -0.380912
  0.340045, -0.353794
  0.340068, -0.326672
  0.340091, -0.299547
  0.340113, -0.272417
  0.340136, -0.245285
  0.340159, -0.218148
  0.340181, -0.191008
  0.340204, -0.163864
  0.340227, -0.136717
  0.340249, -0.109566
  0.340272, -0.082412
  0.340295, -0.055253
  0.340317, -0.028092
  0.340340, -0.000926
  0.340363,  0.026243
  0.340385,  0.053416
  0.340408,  0.080592
  0.340431,  0.107772
  0.340454,  0.134955
  0.340476,  0.162142
  0.340499,  0.189333
  0.340522,  0.216527
  0.340544,  0.243725
  0.340567,  0.270927
  0.340590,  0.298132
  0.340612,  0.325341
  0.340635,  0.352554
  0.340658,  0.379770
  0.340680,  0.406989
  0.340703,  0.434213
  0.340726,  0.461440
  0.340748,  0.488670
  0.340771,  0.515904
  0.340794,  0.543142
  0.340816,  0.570384
  0.340839,  0.597629
  0.340862,  0.624877
  0.340884,  0.652130
  0.340907,  0.679386
  0.340930,  0.657164
  0.340952,  0.629992
  0.340975,  0.602816
  0.340998,  0.575636
  0.341020,  0.548453
  0.341043,  0.521266
  0.341066,  0.494075
  0.341088,  0.466881
  0.341111,  0.439684
  0.341134,  0.412482
  0.341156,  0.385277
  0.341179,  0.358068
  0.341202,  0.330856
  0.341224,  0.303640
  0.341247,  0.276421
  0.341270,  0.249198
  0.341293,  0.221971
  0.341315,  0.194741
  0.341338,  0.167507
  0.341361,  0.140269
  0.341383,  0.113028
  0.341406,  0.085783
  0.341429,  0.058534
  0.341451,  0.031282
  0.341474,  0.004027
  0.341497, -0.023233
  0.341519, -0.050496
  0.341542, -0.077762
  0.341565, -0.105032
  0.341587, -0.132306
  0.341610, -0.159584
  0.341633, -0.186865
  0.341655, -0.214149
  0.341678, -0.241437
  0.341701, -0.268729
  0.341723, -0.296025
  0.341746, -0.323324
  0.341769, -0.350627
  0.341791, -0.377933
  0.341814, -0.405243
  0.341837, -0.432557
  0.341859, -0.459874
  0.341882, -0.487195
  0.341905, -0.514519
  0.341927, -0.541847
  0.341950, -0.569179
  0.341973, -0.596515
  0.341995, -0.623853
  0.342018, -0.651196
  0.342041, -0.678542
  0.342063, -0.662453
  0.342086, -0.635190
  0.342109, -0.607923
  0.342132, -0.580654
  0.342154, -0.553380
  0.342177, -0.526103
  0.342200, -0.498822
  0.342222, -0.471537
  0.342245, -0.444249
  0.342268, -0.416958
  0.342290, -0.389662
  0.342313, -0.362363
  0.342336, -0.335061
  0.342358, -0.307755
  0.342381, -0.280445
  0.342404, -0.253131
  0.342426, -0.225814
  0.342449, -0.198494
  0.342472, -0.171170
  0.342494, -0.143842
  0.342517, -0.116510
  0.342540, -0.089175
  0.342562, -0.061836
  0.342585, -0.034494
  0.342608, -0.007148
  0.342630,  0.020202
  0.342653,  0.047555
  0.342676,  0.074912
  0.342698,  0.102272
  0.342721,  0.129636
  0.342744,  0.157004
  0.342766,  0.184375
  0.342789,  0.211750
  0.342812,  0.239129
  0.342834,  0.266511
  0.342857,  0.293897
  0.342880,  0.321286
  0.342902,  0.348679
  0.342925,  0.376076
  0.342948,  0.403476
  0.342971,  0.430880
  0.342993,  0.458288
  0.343016,  0.485699
  0.343039,  0.513114
  0.343061,  0.540532
  0.343084,  0.567954
  0.343107,  0.595380
  0.343129,  0.622809
  0.343152,  0.650242
  0.343175,  0.677678
  0.343197,  0.667761
  0.343220,  0.640408
  0.343243,  0.613052
  0.343265,  0.585691
  0.343288,  0.558327
  0.343311,  0.530960
  0.343333,  0.503589
  0.343356,  0.476214
  0.343379,  0.448836
  0.343401,  0.421454
  0.343424,  0.394068
  0.343447,  0.366679
  0.343469,  0.339286
  0.343492,  0.311890
  0.343515,  0.284489
  0.343537,  0.257086
  0.343560,  0.229678
  0.343583,  0.202268
  0.343605,  0.174853
  0.343628,  0.147435
  0.343651,  0.120013
  0.343673,  0.092588
  0.343696,  0.065158
  0.343719,  0.037726
  0.343741,  0.010290
  0.343764, -0.017150
  0.343787, -0.044594
  0.343810, -0.072041
  0.343832, -0.099492
  0.343855, -0.126946
  0.343878, -0.154404
  0.343900, -0.181866
  0.343923, -0.209331
  0.343946, -0.236800
  0.343968, -0.264272
  0.343991, -0.291748
  0.344014, -0.319228
  0.344036, -0.346712
  0.344059, -0.374199
  0.344082, -0.401689
  0.344104, -0.429183
  0.344127, -0.456681
  0.344150, -0.484183
  0.344172, -0.511688
  0.344195, -0.539196
  0.344218, -0.566709
  0.344240, -0.594225
  0.344263, -0.621744
  0.344286, -0.649267
  0.344308, -0.676794
  0.344331, -0.673091
  0.344354, -0.645647
  0.344376, -0.618200
  0.344399, -0.590750
  0.344422, -0.563296
  0.344444, -0.535838
  0.344467, -0.508376
  0.344490, -0.480911
  0.344512, -0.453443
  0.344535, -0.425970
  0.344558, -0.398494
  0.344580, -0.371015
  0.344603, -0.343532
  0.344626, -0.316045
  0.344649, -0.288555
  0.344671, -0.261061
  0.344694, -0.233563
  0.344717, -0.206062
  0.344739, -0.178557
  0.344762, -0.151048
  0.344785, -0.123536
  0.344807, -0.096021
  0.344830, -0.068501
  0.344853, -0.040978
  0.344875, -0.013452
  0.344898,  0.014078
  0.344921,  0.041612
  0.344943,  0.069150
  0.344966,  0.096691
  0.344989,  0.124235
  0.345011,  0.151784
  0.345034,  0.179336
  0.345057,  0.206891
  0.345079,  0.234450
  0.345102,  0.262013
  0.345125,  0.289579
  0.345147,  0.317149
  0.345170,  0.344723
  0.345193,  0.372300
  0.345215,  0.399881
  0.345238,  0.427466
  0.345261,  0.455054
  0.345283,  0.482646
  0.345306,  0.510241
  0.345329,  0.537840
  0.345351,  0.565442
  0.345374,  0.593049
  0.345397,  0.620659
  0.345420,  0.648272
  0.345442,  0.675889
  0.345465,  0.678440
  0.345488,  0.650907
  0.345510,  0.623370
  0.345533,  0.595829
  0.345556,  0.568284
  0.345578,  0.540736
  0.345601,  0.513184
  0.345624,  0.485629
  0.345646,  0.458070
  0.345669,  0.430508
  0.345692,  0.402941
  0.345714,  0.375372
  0.345737,  0.347798
  0.345760,  0.320221
  0.345782,  0.292640
  0.345805,  0.265056
  0.345828,  0.237468
  0.345850,  0.209877
  0.345873,  0.182282
  0.345896,  0.154683
  0.345918,  0.127080
  0.345941,  0.099474
  0.345964,  0.071865
  0.345986,  0.044252
  0.346009,  0.016635
  0.346032, -0.010986
  0.346054, -0.038610
  0.346077, -0.066238
  0.346100, -0.093869
  0.346122, -0.121504
  0.346145, -0.149143
  0.346168, -0.176785
  0.346190, -0.204431
  0.346213, -0.232080
  0.346236, -0.259733
  0.346259, -0.287390
  0.346281, -0.315050
  0.346304, -0.342714
  0.346327, -0.370382
  0.346349, -0.398053
  0.346372, -0.425728
  0.346395, -0.453406
  0.346417, -0.481088
  0.346440, -0.508774
  0.346463, -0.536463
  0.346485, -0.564156
  0.346508, -0.591852
  0.346531, -0.619552
  0.346553, -0.647256
  0.346576, -0.674964
  0.346599, -0.683811
  0.346621, -0.656187
  0.346644, -0.628559
  0.346667, -0.600928
  0.346689, -0.573293
  0.346712, -0.545655
  0.346735, -0.518013
  0.346757, -0.490367
  0.346780, -0.462718
  0.346803, -0.435065
  0.346825, -0.407409
  0.346848, -0.379749
  0.346871, -0.352085
  0.346893, -0.324418
  0.346916, -0.296747
  0.346939, -0.269072
  0.346961, -0.241394
  0.346984, -0.213712
  0.347007, -0.186027
  0.347029, -0.158338
  0.347052, -0.130645
  0.347075, -0.102949
  0.347098, -0.075249
  0.347120, -0.047545
  0.347143, -0.019838
  0.347166,  0.007873
  0.347188,  0.035587
  0.347211,  0.063305
  0.347234,  0.091027
  0.347256,  0.118752
  0.347279,  0.146481
  0.347302,  0.174213
  0.347324,  0.201950
  0.347347,  0.229689
  0.347370,  0.257433
  0.347392,  0.285180
  0.347415,  0.312930
  0.347438,  0.340684
  0.347460,  0.368442
  0.347483,  0.396204
  0.347506,  0.423969
  0.347528,  0.451738
  0.347551,  0.479510
  0.347574,  0.507286
  0.347596,  0.535065
  0.347619,  0.562849
  0.347642,  0.590635
  0.347664,  0.618426
  0.347687,  0.646220
  0.347710,  0.674017
  0.347732,  0.689202
  0.347755,  0.661488
  0.347778,  0.633770
  0.347800,  0.606048
  0.347823,  0.578323
  0.347846,  0.550595
  0.347868,  0.522862
  0.347891,  0.495126
  0.347914,  0.467387
  0.347937,  0.439644
  0.347959,  0.411897
  0.347982,  0.384147
  0.348005,  0.356392
  0.348027,  0.328635
  0.348050,  0.300874
  0.348073,  0.273109
  0.348095,  0.245340
  0.348118,  0.217568
  0.348141,  0.189792
  0.348163,  0.162013
  0.348186,  0.134230
  0.348209,  0.106443
  0.348231,  0.078653
  0.348254,  0.050859
  0.348277,  0.023062
  0.348299, -0.004739
  0.348322, -0.032544
  0.348345, -0.060352
  0.348367, -0.088164
  0.348390, -0.115980
  0.348413, -0.143799
  0.348435, -0.171622
  0.348458, -0.199448
  0.348481, -0.227278
  0.348503, -0.255112
  0.348526, -0.282949
  0.348549, -0.310790
  0.348571, -0.338634
  0.348594, -0.366482
  0.348617, -0.394334
  0.348639, -0.422190
  0.348662, -0.450049
  0.348685, -0.477911
  0.348707, -0.505777
  0.348730, -0.533647
  0.348753, -0.561521
  0.348776, -0.589398
  0.348798, -0.617278
  0.348821, -0.645163
  0.348844, -0.673051
  0.348866, -0.694613
  0.348889, -0.666809
  0.348912, -0.639001
  0.348934, -0.611189
  0.348957, -0.583374
  0.348980, -0.555555
  0.349002, -0.527732
  0.349025, -0.499906
  0.349048, -0.472076
  0.349070, -0.444243
  0.349093, -0.416406
  0.349116, -0.388565
  0.349138, -0.360721
  0.349161, -0.332873
  0.349184, -0.305021
  0.349206, -0.277166
  0.349229, -0.249307
  0.349252, -0.221445
  0.349274, -0.193579
  0.349297, -0.165709
  0.349320, -0.137836
  0.349342, -0.109959
  0.349365, -0.082078
  0.349388, -0.054194
  0.349410, -0.026307
  0.349433,  0.001585
  0.349456,  0.029480
  0.349478,  0.057378
  0.349501,  0.085281
  0.349524,  0.113186
  0.349546,  0.141096
  0.349569,  0.169009
  0.349592,  0.196926
  0.349615,  0.224846
  0.349637,  0.252770
  0.349660,  0.280698
  0.349683,  0.308629
  0.349705,  0.336564
  0.349728,  0.364502
  0.349751,  0.392444
  0.349773,  0.420390
  0.349796,  0.448339
  0.349819,  0.476292
  0.349841,  0.504248
  0.349864,  0.532208
  0.349887,  0.560172
  0.349909,  0.588140
  0.349932,  0.616111
  0.349955,  0.644085
  0.349977,  0.672063
  0.350000,  0.700045
  0.350023,  0.672151
  0.350045,  0.644252
  0.350068,  0.616350
  0.350091,  0.588445
  0.350113,  0.560535
  0.350136,  0.532622
  0.350159,  0.504706
  0.350181,  0.476786
  0.350204,  0.448862
  0.350227,  0.420935
  0.350249,  0.393004
  0.350272,  0.365069
  0.350295,  0.337131
  0.350317,  0.309189
  0.350340,  0.281244
  0.350363,  0.253295
  0.350385,  0.225342
  0.350408,  0.197386
  0.350431,  0.169426
  0.350454,  0.141462
  0.350476,  0.113495
  0.350499,  0.085524
  0.350522,  0.057550
  0.350544,  0.029572
  0.350567,  0.001590
  0.350590, -0.026395
  0.350612, -0.054384
  0.350635, -0.082377
  0.350658, -0.110373
  0.350680, -0.138373
  0.350703, -0.166376
  0.350726, -0.194383
  0.350748, -0.222394
  0.350771, -0.250408
  0.350794, -0.278426
  0.350816, -0.306447
  0.350839, -0.334472
  0.350862, -0.362501
  0.350884, -0.390533
  0.350907, -0.418569
  0.350930, -0.446609
  0.350952, -0.474652
  0.350975, -0.502699
  0.350998, -0.530749
  0.351020, -0.558803
  0.351043, -0.586861
  0.351066, -0.614922
  0.351088, -0.642987
  0.351111, -0.671056
  0.351134, -0.699128
  0.351156, -0.677513
  0.351179, -0.649524
  0.351202, -0.621532
  0.351224, -0.593536
  0.351247, -0.565536
  0.351270, -0.537533
  0.351293, -0.509527
  0.351315, -0.481516
  0.351338, -0.453502
  0.351361, -0.425484
  0.351383, -0.397463
  0.351406, -0.369438
  0.351429, -0.341410
  0.351451, -0.313378
  0.351474, -0.285342
  0.351497, -0.257303
  0.351519, -0.229260
  0.351542, -0.201213
  0.351565, -0.173163
  0.351587, -0.145109
  0.351610, -0.117051
  0.351633, -0.088990
  0.351655, -0.060926
  0.351678, -0.032857
  0.351701, -0.004785
  0.351723,  0.023290
  0.351746,  0.051369
  0.351769,  0.079452
  0.351791,  0.107539
  0.351814,  0.135629
  0.351837,  0.163722
  0.351859,  0.191820
  0.351882,  0.219921
  0.351905,  0.248025
  0.351927,  0.276133
  0.351950,  0.304245
  0.351973,  0.332360
  0.351995,  0.360479
  0.352018,  0.388602
  0.352041,  0.416728
  0.352063,  0.444858
  0.352086,  0.472992
  0.352109,  0.501129
  0.352132,  0.529269
  0.352154,  0.557414
  0.352177,  0.585562
  0.352200,  0.613713
  0.352222,  0.641868
  0.352245,  0.670027
  0.352268,  0.698190
  0.352290,  0.682896
  0.352313,  0.654817
  0.352336,  0.626734
  0.352358,  0.598648
  0.352381,  0.570558
  0.352404,  0.542465
  0.352426,  0.514368
  0.352449,  0.486267
  0.352472,  0.458163
  0.352494,  0.430055
  0.352517,  0.401943
  0.352540,  0.373828
  0.352562,  0.345709
  0.352585,  0.317587
  0.352608,  0.289461
  0.352630,  0.261331
  0.352653,  0.233198
  0.352676,  0.205061
  0.352698,  0.176920
  0.352721,  0.148776
  0.352744,  0.120629
  0.352766,  0.092477
  0.352789,  0.064322
  0.352812,  0.036164
  0.352834,  0.008001
  0.352857, -0.020165
  0.352880, -0.048334
  0.352902, -0.076507
  0.352925, -0.104684
  0.352948, -0.132864
  0.352971, -0.161048
  0.352993, -0.189236
  0.353016, -0.217427
  0.353039, -0.245622
  0.353061, -0.273820
  0.353084, -0.302022
  0.353107, -0.330228
  0.353129, -0.358437
  0.353152, -0.386650
  0.353175, -0.414867
  0.353197, -0.443087
  0.353220, -0.471311
  0.353243, -0.499538
  0.353265, -0.527769
  0.353288, -0.556004
  0.353311, -0.584242
  0.353333, -0.612484
  0.353356, -0.640729
  0.353379, -0.668978
  0.353401, -0.697231
  0.353424, -0.688299
  0.353447, -0.660130
  0.353469, -0.631957
  0.353492, -0.603781
  0.353515, -0.575601
  0.353537, -0.547417
  0.353560, -0.519229
  0.353583, -0.491038
  0.353605, -0.462844
  0.353628, -0.434646
  0.353651, -0.406444
  0.353673, -0.378238
  0.353696, -0.350029
  0.353719, -0.321817
  0.353741, -0.293600
  0.353764, -0.265380
  0.353787, -0.237157
  0.353810, -0.208929
  0.353832, -0.180699
  0.353855, -0.152464
  0.353878, -0.124226
  0.353900, -0.095985
  0.353923, -0.067739
  0.353946, -0.039490
  0.353968, -0.011238
  0.353991,  0.017018
  0.354014,  0.045278
  0.354036,  0.073541
  0.354059,  0.101809
  0.354082,  0.130079
  0.354104,  0.158353
  0.354127,  0.186631
  0.354150,  0.214913
  0.354172,  0.243198
  0.354195,  0.271487
  0.354218,  0.299779
  0.354240,  0.328075
  0.354263,  0.356374
  0.354286,  0.384678
  0.354308,  0.412985
  0.354331,  0.441295
  0.354354,  0.469609
  0.354376,  0.497927
  0.354399,  0.526248
  0.354422,  0.554573
  0.354444,  0.582901
  0.354467,  0.611234
  0.354490,  0.639569
  0.354512,  0.667909
  0.354535,  0.696252
  0.354558,  0.693723
  0.354580,  0.665464
  0.354603,  0.637201
  0.354626,  0.608934
  0.354649,  0.580664
  0.354671,  0.552389
  0.354694,  0.524112
  0.354717,  0.495831
  0.354739,  0.467546
  0.354762,  0.439257
  0.354785,  0.410965
  0.354807,  0.382669
  0.354830,  0.354370
  0.354853,  0.326067
  0.354875,  0.297760
  0.354898,  0.269450
  0.354921,  0.241136
  0.354943,  0.212819
  0.354966,  0.184498
  0.354989,  0.156173
  0.355011,  0.127844
  0.355034,  0.099512
  0.355057,  0.071177
  0.355079,  0.042838
  0.355102,  0.014495
  0.355125, -0.013852
  0.355147, -0.042202
  0.355170, -0.070555
  0.355193, -0.098913
  0.355215, -0.127274
  0.355238, -0.155638
  0.355261, -0.184006
  0.355283, -0.212378
  0.355306, -0.240753
  0.355329, -0.269132
  0.355351, -0.297515
  0.355374, -0.325901
  0.355397, -0.354291
  0.355420, -0.382685
  0.355442, -0.411082
  0.355465, -0.439483
  0.355488, -0.467887
  0.355510, -0.496295
  0.355533, -0.524706
  0.355556, -0.553122
  0.355578, -0.581541
  0.355601, -0.609963
  0.355624, -0.638389
  0.355646, -0.666819
  0.355669, -0.695252
  0.355692, -0.699168
  0.355714, -0.670818
  0.355737, -0.642465
  0.355760, -0.614108
  0.355782, -0.585747
  0.355805, -0.557383
  0.355828, -0.529015
  0.355850, -0.500643
  0.355873, -0.472268
  0.355896, -0.443889
  0.355918, -0.415507
  0.355941, -0.387121
  0.355964, -0.358731
  0.355986, -0.330338
  0.356009, -0.301941
  0.356032, -0.273540
  0.356054, -0.245136
  0.356077, -0.216728
  0.356100, -0.188317
  0.356122, -0.159902
  0.356145, -0.131483
  0.356168, -0.103061
  0.356190, -0.074635
  0.356213, -0.046206
  0.356236, -0.017773
  0.356259,  0.010664
  0.356281,  0.039105
  0.356304,  0.067549
  0.356327,  0.095996
  0.356349,  0.124447
  0.356372,  0.152902
  0.356395,  0.181361
  0.356417,  0.209823
  0.356440,  0.238288
  0.356463,  0.266758
  0.356485,  0.295231
  0.356508,  0.323707
  0.356531,  0.352187
  0.356553,  0.380671
  0.356576,  0.409159
  0.356599,  0.437650
  0.356621,  0.466144
  0.356644,  0.494642
  0.356667,  0.523144
  0.356689,  0.551650
  0.356712,  0.580159
  0.356735,  0.608672
  0.356757,  0.637188
  0.356780,  0.665708
  0.356803,  0.694232
  0.356825,  0.704633
  0.356848,  0.676193
  0.356871,  0.647749
  0.356893,  0.619302
  0.356916,  0.590851
  0.356939,  0.562396
  0.356961,  0.533938
  0.356984,  0.505476
  0.357007,  0.477011
  0.357029,  0.448542
  0.357052,  0.420069
  0.357075,  0.391593
  0.357098,  0.363113
  0.357120,  0.334629
  0.357143,  0.306142
  0.357166,  0.277651
  0.357188,  0.249157
  0.357211,  0.220659
  0.357234,  0.192157
  0.357256,  0.163652
  0.357279,  0.135143
  0.357302,  0.106630
  0.357324,  0.078114
  0.357347,  0.049594
  0.357370,  0.021071
  0.357392, -0.007456
  0.357415, -0.035987
  0.357438, -0.064521
  0.357460, -0.093059
  0.357483, -0.121601
  0.357506, -0.150146
  0.357528, -0.178694
  0.357551, -0.207247
  0.357574, -0.235803
  0.357596, -0.264362
  0.357619, -0.292926
  0.357642, -0.321492
  0.357664, -0.350063
  0.357687, -0.378637
  0.357710, -0.407215
  0.357732, -0.435796
  0.357755, -0.464381
  0.357778, -0.492970
  0.357800, -0.521562
  0.357823, -0.550157
  0.357846, -0.578757
  0.357868, -0.607360
  0.357891, -0.635967
  0.357914, -0.664577
  0.357937, -0.693191
  0.357959, -0.710119
  0.357982, -0.681589
  0.358005, -0.653055
  0.358027, -0.624517
  0.358050, -0.595976
  0.358073, -0.567431
  0.358095, -0.538882
  0.358118, -0.510330
  0.358141, -0.481774
  0.358163, -0.453215
  0.358186, -0.424652
  0.358209, -0.396085
  0.358231, -0.367515
  0.358254, -0.338941
  0.358277, -0.310364
  0.358299, -0.281782
  0.358322, -0.253198
  0.358345, -0.224609
  0.358367, -0.196017
  0.358390, -0.167422
  0.358413, -0.138823
  0.358435, -0.110220
  0.358458, -0.081613
  0.358481, -0.053003
  0.358503, -0.024390
  0.358526,  0.004228
  0.358549,  0.032849
  0.358571,  0.061473
  0.358594,  0.090101
  0.358617,  0.118733
  0.358639,  0.147369
  0.358662,  0.176008
  0.358685,  0.204650
  0.358707,  0.233297
  0.358730,  0.261947
  0.358753,  0.290600
  0.358776,  0.319257
  0.358798,  0.347918
  0.358821,  0.376582
  0.358844,  0.405250
  0.358866,  0.433922
  0.358889,  0.462597
  0.358912,  0.491276
  0.358934,  0.519958
  0.358957,  0.548645
  0.358980,  0.577334
  0.359002,  0.606028
  0.359025,  0.634725
  0.359048,  0.663425
  0.359070,  0.692129
  0.359093,  0.715625
  0.359116,  0.687005
  0.359138,  0.658380
  0.359161,  0.629752
  0.359184,  0.601121
  0.359206,  0.572486
  0.359229,  0.543847
  0.359252,  0.515204
  0.359274,  0.486558
  0.359297,  0.457909
  0.359320,  0.429255
  0.359342,  0.400598
  0.359365,  0.371938
  0.359388,  0.343274
  0.359410,  0.314606
  0.359433,  0.285934
  0.359456,  0.257259
  0.359478,  0.228581
  0.359501,  0.199898
  0.359524,  0.171213
  0.359546,  0.142523
  0.359569,  0.113830
  0.359592,  0.085133
  0.359615,  0.056433
  0.359637,  0.027729
  0.359660, -0.000979
  0.359683, -0.029690
  0.359705, -0.058405
  0.359728, -0.087123
  0.359751, -0.115845
  0.359773, -0.144571
  0.359796, -0.173300
  0.359819, -0.202033
  0.359841, -0.230770
  0.359864, -0.259510
  0.359887, -0.288254
  0.359909, -0.317001
  0.359932, -0.345752
  0.359955, -0.374507
  0.359977, -0.403265
  0.360000, -0.432027
  0.360023, -0.460793
  0.360045, -0.489562
  0.360068, -0.518335
  0.360091, -0.547111
  0.360113, -0.575891
  0.360136, -0.604675
  0.360159, -0.633462
  0.360181, -0.662253
  0.360204, -0.691047
  0.360227, -0.719845
  0.360249, -0.692441
  0.360272, -0.663727
  0.360295, -0.635008
  0.360317, -0.606287
  0.360340, -0.577561
  0.360363, -0.548832
  0.360385, -0.520099
  0.360408, -0.491363
  0.360431, -0.462623
  0.360454, -0.433879
  0.360476, -0.405132
  0.360499, -0.376381
  0.360522, -0.347627
  0.360544, -0.318869
  0.360567, -0.290107
  0.360590, -0.261342
  0.360612, -0.232573
  0.360635, -0.203800
  0.360658, -0.175024
  0.360680, -0.146244
  0.360703, -0.117461
  0.360726, -0.088674
  0.360748, -0.059883
  0.360771, -0.031089
  0.360794, -0.002291
  0.360816,  0.026511
  0.360839,  0.055316
  0.360862,  0.084125
  0.360884,  0.112937
  0.360907,  0.141753
  0.360930,  0.170573
  0.360952,  0.199396
  0.360975,  0.228223
  0.360998,  0.257053
  0.361020,  0.285887
  0.361043,  0.314725
  0.361066,  0.343566
  0.361088,  0.372411
  0.361111,  0.401260
  0.361134,  0.430112
  0.361156,  0.458968
  0.361179,  0.487827
  0.361202,  0.516690
  0.361224,  0.545557
  0.361247,  0.574427
  0.361270,  0.603301
  0.361293,  0.632179
  0.361315,  0.661060
  0.361338,  0.689945
  0.361361,  0.718833
  0.361383,  0.697899
  0.361406,  0.669094
  0.361429,  0.640285
  0.361451,  0.611473
  0.361474,  0.582657
  0.361497,  0.553838
  0.361519,  0.525015
  0.361542,  0.496188
  0.361565,  0.467358
  0.361587,  0.438524
  0.361610,  0.409686
  0.361633,  0.380845
  0.361655,  0.352000
  0.361678,  0.323152
  0.361701,  0.294300
  0.361723,  0.265444
  0.361746,  0.236585
  0.361769,  0.207722
  0.361791,  0.178856
  0.361814,  0.149986
  0.361837,  0.121112
  0.361859,  0.092235
  0.361882,  0.063354
  0.361905,  0.034469
  0.361927,  0.005581
  0.361950, -0.023311
  0.361973, -0.052206
  0.361995, -0.081105
  0.362018, -0.110008
  0.362041, -0.138914
  0.362063, -0.167824
  0.362086, -0.196738
  0.362109, -0.225655
  0.362132, -0.254576
  0.362154, -0.283500
  0.362177, -0.312428
  0.362200, -0.341360
  0.362222, -0.370295
  0.362245, -0.399234
  0.362268, -0.428176
  0.362290, -0.457122
  0.362313, -0.486072
  0.362336, -0.515025
  0.362358, -0.543982
  0.362381, -0.572943
  0.362404, -0.601907
  0.362426, -0.630875
  0.362449, -0.659846
  0.362472, -0.688821
  0.362494, -0.717800
  0.362517, -0.703376
  0.362540, -0.674481
  0.362562, -0.645582
  0.362585, -0.616680
  0.362608, -0.587774
  0.362630, -0.558864
  0.362653, -0.529951
  0.362676, -0.501034
  0.362698, -0.472113
  0.362721, -0.443189
  0.362744, -0.414261
  0.362766, -0.385330
  0.362789, -0.356395
  0.362812, -0.327456
  0.362834, -0.298514
  0.362857, -0.269568
  0.362880, -0.240618
  0.362902, -0.211665
  0.362925, -0.182708
  0.362948, -0.153748
  0.362971, -0.124784
  0.362993, -0.095816
  0.363016, -0.066845
  0.363039, -0.037870
  0.363061, -0.008892
  0.363084,  0.020090
  0.363107,  0.049076
  0.363129,  0.078065
  0.363152,  0.107058
  0.363175,  0.136055
  0.363197,  0.165055
  0.363220,  0.194059
  0.363243,  0.223066
  0.363265,  0.252077
  0.363288,  0.281092
  0.363311,  0.310110
  0.363333,  0.339132
  0.363356,  0.368158
  0.363379,  0.397187
  0.363401,  0.426220
  0.363424,  0.455256
  0.363447,  0.484296
  0.363469,  0.513340
  0.363492,  0.542387
  0.363515,  0.571438
  0.363537,  0.600492
  0.363560,  0.629551
  0.363583,  0.658612
  0.363605,  0.687678
  0.363628,  0.716747
  0.363651,  0.708875
  0.363673,  0.679889
  0.363696,  0.650900
  0.363719,  0.621907
  0.363741,  0.592911
  0.363764,  0.563911
  0.363787,  0.534907
  0.363810,  0.505900
  0.363832,  0.476889
  0.363855,  0.447875
  0.363878,  0.418857
  0.363900,  0.389835
  0.363923,  0.360810
  0.363946,  0.331781
  0.363968,  0.302748
  0.363991,  0.273712
  0.364014,  0.244672
  0.364036,  0.215629
  0.364059,  0.186582
  0.364082,  0.157531
  0.364104,  0.128477
  0.364127,  0.099419
  0.364150,  0.070357
  0.364172,  0.041292
  0.364195,  0.012223
  0.364218, -0.016849
  0.364240, -0.045925
  0.364263, -0.075005
  0.364286, -0.104088
  0.364308, -0.133175
  0.364331, -0.162265
  0.364354, -0.191360
  0.364376, -0.220457
  0.364399, -0.249559
  0.364422, -0.278664
  0.364444, -0.307772
  0.364467, -0.336884
  0.364490, -0.366000
  0.364512, -0.395120
  0.364535, -0.424243
  0.364558, -0.453369
  0.364580, -0.482500
  0.364603, -0.511634
  0.364626, -0.540771
  0.364649, -0.569912
  0.364671, -0.599057
  0.364694, -0.628206
  0.364717, -0.657358
  0.364739, -0.686513
  0.364762, -0.715673
  0.364785, -0.714394
  0.364807, -0.685318
  0.364830, -0.656238
  0.364853, -0.627155
  0.364875, -0.598069
  0.364898, -0.568978
  0.364921, -0.539884
  0.364943, -0.510787
  0.364966, -0.481686
  0.364989, -0.452581
  0.365011, -0.423473
  0.365034, -0.394361
  0.365057, -0.365245
  0.365079, -0.336126
  0.365102, -0.307003
  0.365125, -0.277876
  0.365147, -0.248746
  0.365170, -0.219613
  0.365193, -0.190475
  0.365215, -0.161334
  0.365238, -0.132190
  0.365261, -0.103041
  0.365283, -0.073890
  0.365306, -0.044734
  0.365329, -0.015575
  0.365351,  0.013588
  0.365374,  0.042754
  0.365397,  0.071924
  0.365420,  0.101097
  0.365442,  0.130275
  0.365465,  0.159455
  0.365488,  0.188640
  0.365510,  0.217828
  0.365533,  0.247019
  0.365556,  0.276215
  0.365578,  0.305414
  0.365601,  0.334616
  0.365624,  0.363822
  0.365646,  0.393032
  0.365669,  0.422245
  0.365692,  0.451462
  0.365714,  0.480683
  0.365737,  0.509907
  0.365760,  0.539135
  0.365782,  0.568366
  0.365805,  0.597601
  0.365828,  0.626840
  0.365850,  0.656082
  0.365873,  0.685328
  0.365896,  0.714578
  0.365918,  0.719933
  0.365941,  0.690767
  0.365964,  0.661597
  0.365986,  0.632424
  0.366009,  0.603247
  0.366032,  0.574066
  0.366054,  0.544882
  0.366077,  0.515694
  0.366100,  0.486503
  0.366122,  0.457308
  0.366145,  0.428109
  0.366168,  0.398907
  0.366190,  0.369701
  0.366213,  0.340491
  0.366236,  0.311278
  0.366259,  0.282061
  0.366281,  0.252841
  0.366304,  0.223617
  0.366327,  0.194389
  0.366349,  0.165158
  0.366372,  0.135923
  0.366395,  0.106685
  0.366417,  0.077443
  0.366440,  0.048197
  0.366463,  0.018948
  0.366485, -0.010305
  0.366508, -0.039562
  0.366531, -0.068822
  0.366553, -0.098086
  0.366576, -0.127354
  0.366599, -0.156625
  0.366621, -0.185899
  0.366644, -0.215178
  0.366667, -0.244460
  0.366689, -0.273745
  0.366712, -0.303034
  0.366735, -0.332327
  0.366757, -0.361624
  0.366780, -0.390924
  0.366803, -0.420227
  0.366825, -0.449534
  0.366848, -0.478845
  0.366871, -0.508160
  0.366893, -0.537478
  0.366916, -0.566800
  0.366939, -0.596125
  0.366961, -0.625454
  0.366984, -0.654787
  0.367007, -0.684123
  0.367029, -0.713463
  0.367052, -0.725493
  0.367075, -0.696237
  0.367098, -0.666977
  0.367120, -0.637713
  0.367143, -0.608446
  0.367166, -0.579175
  0.367188, -0.549900
  0.367211, -0.520622
  0.367234, -0.491341
  0.367256, -0.462055
  0.367279, -0.432766
  0.367302, -0.403474
  0.367324, -0.374177
  0.367347, -0.344878
  0.367370, -0.315574
  0.367392, -0.286267
  0.367415, -0.256956
  0.367438, -0.227642
  0.367460, -0.198324
  0.367483, -0.169003
  0.367506, -0.139677
  0.367528, -0.110349
  0.367551, -0.081016
  0.367574, -0.051680
  0.367596, -0.022341
  0.367619,  0.007003
  0.367642,  0.036350
  0.367664,  0.065700
  0.367687,  0.095054
  0.367710,  0.124412
  0.367732,  0.153773
  0.367755,  0.183138
  0.367778,  0.212507
  0.367800,  0.241879
  0.367823,  0.271255
  0.367846,  0.300634
  0.367868,  0.330018
  0.367891,  0.359404
  0.367914,  0.388795
  0.367937,  0.418189
  0.367959,  0.447586
  0.367982,  0.476987
  0.368005,  0.506392
  0.368027,  0.535801
  0.368050,  0.565213
  0.368073,  0.594628
  0.368095,  0.624048
  0.368118,  0.653470
  0.368141,  0.682897
  0.368163,  0.712327
  0.368186,  0.731074
  0.368209,  0.701727
  0.368231,  0.672377
  0.368254,  0.643023
  0.368277,  0.613665
  0.368299,  0.584304
  0.368322,  0.554939
  0.368345,  0.525571
  0.368367,  0.496199
  0.368390,  0.466823
  0.368413,  0.437444
  0.368435,  0.408061
  0.368458,  0.378675
  0.368481,  0.349284
  0.368503,  0.319891
  0.368526,  0.290493
  0.368549,  0.261092
  0.368571,  0.231688
  0.368594,  0.202280
  0.368617,  0.172868
  0.368639,  0.143452
  0.368662,  0.114033
  0.368685,  0.084610
  0.368707,  0.055184
  0.368730,  0.025754
  0.368753, -0.003679
  0.368776, -0.033117
  0.368798, -0.062557
  0.368821, -0.092002
  0.368844, -0.121450
  0.368866, -0.150901
  0.368889, -0.180357
  0.368912, -0.209816
  0.368934, -0.239278
  0.368957, -0.268744
  0.368980, -0.298214
  0.369002, -0.327687
  0.369025, -0.357164
  0.369048, -0.386645
  0.369070, -0.416129
  0.369093, -0.445617
  0.369116, -0.475109
  0.369138, -0.504604
  0.369161, -0.534102
  0.369184, -0.563605
  0.369206, -0.593111
  0.369229, -0.622620
  0.369252, -0.652134
  0.369274, -0.681650
  0.369297, -0.711171
  0.369320, -0.736675
  0.369342, -0.707238
  0.369365, -0.677797
  0.369388, -0.648353
  0.369410, -0.618905
  0.369433, -0.589454
  0.369456, -0.559999
  0.369478, -0.530540
  0.369501, -0.501078
  0.369524, -0.471612
  0.369546, -0.442142
  0.369569, -0.412669
  0.369592, -0.383192
  0.369615, -0.353712
  0.369637, -0.324228
  0.369660, -0.294740
  0.369683, -0.265249
  0.369705, -0.235754
  0.369728, -0.206255
  0.369751, -0.176753
  0.369773, -0.147248
  0.369796, -0.117738
  0.369819, -0.088225
  0.369841, -0.058709
  0.369864, -0.029188
  0.369887,  0.000336
  0.369909,  0.029863
  0.369932,  0.059394
  0.369955,  0.088929
  0.369977,  0.118467
  0.370000,  0.148009
  0.370023,  0.177555
  0.370045,  0.207104
  0.370068,  0.236657
  0.370091,  0.266213
  0.370113,  0.295773
  0.370136,  0.325337
  0.370159,  0.354904
  0.370181,  0.384475
  0.370204,  0.414050
  0.370227,  0.443628
  0.370249,  0.473209
  0.370272,  0.502795
  0.370295,  0.532384
  0.370317,  0.561976
  0.370340,  0.591573
  0.370363,  0.621173
  0.370385,  0.650776
  0.370408,  0.680383
  0.370431,  0.709994
  0.370454,  0.739608
  0.370476,  0.712769
  0.370499,  0.683238
  0.370522,  0.653704
  0.370544,  0.624166
  0.370567,  0.594624
  0.370590,  0.565079
  0.370612,  0.535530
  0.370635,  0.505977
  0.370658,  0.476421
  0.370680,  0.446861
  0.370703,  0.417298
  0.370726,  0.387730
  0.370748,  0.358160
  0.370771,  0.328585
  0.370794,  0.299007
  0.370816,  0.269426
  0.370839,  0.239841
  0.370862,  0.210252
  0.370884,  0.180659
  0.370907,  0.151063
  0.370930,  0.121464
  0.370952,  0.091860
  0.370975,  0.062254
  0.370998,  0.032643
  0.371020,  0.003029
  0.371043, -0.026589
  0.371066, -0.056210
  0.371088, -0.085835
  0.371111, -0.115464
  0.371134, -0.145096
  0.371156, -0.174732
  0.371179, -0.204371
  0.371202, -0.234015
  0.371224, -0.263661
  0.371247, -0.293312
  0.371270, -0.322966
  0.371293, -0.352623
  0.371315, -0.382284
  0.371338, -0.411949
  0.371361, -0.441618
  0.371383, -0.471290
  0.371406, -0.500965
  0.371429, -0.530645
  0.371451, -0.560328
  0.371474, -0.590014
  0.371497, -0.619704
  0.371519, -0.649398
  0.371542, -0.679095
  0.371565, -0.708796
  0.371587, -0.738501
  0.371610, -0.718321
  0.371633, -0.688700
  0.371655, -0.659075
  0.371678, -0.629447
  0.371701, -0.599815
  0.371723, -0.570179
  0.371746, -0.540540
  0.371769, -0.510897
  0.371791, -0.481250
  0.371814, -0.451600
  0.371837, -0.421947
  0.371859, -0.392289
  0.371882, -0.362628
  0.371905, -0.332964
  0.371927, -0.303295
  0.371950, -0.273624
  0.371973, -0.243948
  0.371995, -0.214269
  0.372018, -0.184586
  0.372041, -0.154900
  0.372063, -0.125210
  0.372086, -0.095516
  0.372109, -0.065819
  0.372132, -0.036118
  0.372154, -0.006414
  0.372177,  0.023294
  0.372200,  0.053006
  0.372222,  0.082721
  0.372245,  0.112440
  0.372268,  0.142163
  0.372290,  0.171889
  0.372313,  0.201618
  0.372336,  0.231352
  0.372358,  0.261089
  0.372381,  0.290830
  0.372404,  0.320574
  0.372426,  0.350322
  0.372449,  0.380073
  0.372472,  0.409828
  0.372494,  0.439587
  0.372517,  0.469349
  0.372540,  0.499115
  0.372562,  0.528885
  0.372585,  0.558658
  0.372608,  0.588435
  0.372630,  0.618215
  0.372653,  0.647999
  0.372676,  0.677787
  0.372698,  0.707578
  0.372721,  0.737373
  0.372744,  0.723894
  0.372766,  0.694182
  0.372789,  0.664467
  0.372812,  0.634749
  0.372834,  0.605026
  0.372857,  0.575300
  0.372880,  0.545571
  0.372902,  0.515838
  0.372925,  0.486101
  0.372948,  0.456360
  0.372971,  0.426616
  0.372993,  0.396869
  0.373016,  0.367117
  0.373039,  0.337362
  0.373061,  0.307604
  0.373084,  0.277842
  0.373107,  0.248076
  0.373129,  0.218307
  0.373152,  0.188534
  0.373175,  0.158757
  0.373197,  0.128977
  0.373220,  0.099193
  0.373243,  0.069405
  0.373265,  0.039614
  0.373288,  0.009820
  0.373311, -0.019979
  0.373333, -0.049781
  0.373356, -0.079586
  0.373379, -0.109396
  0.373401, -0.139208
  0.373424, -0.169025
  0.373447, -0.198845
  0.373469, -0.228669
  0.373492, -0.258496
  0.373515, -0.288327
  0.373537, -0.318161
  0.373560, -0.348000
  0.373583, -0.377841
  0.373605, -0.407687
  0.373628, -0.437536
  0.373651, -0.467388
  0.373673, -0.497245
  0.373696, -0.527105
  0.373719, -0.556968
  0.373741, -0.586835
  0.373764, -0.616706
  0.373787, -0.646580
  0.373810, -0.676458
  0.373832, -0.706340
  0.373855, -0.736225
  0.373878, -0.729487
  0.373900, -0.699685
  0.373923, -0.669880
  0.373946, -0.640071
  0.373968, -0.610258
  0.373991, -0.580442
  0.374014, -0.550622
  0.374036, -0.520799
  0.374059, -0.490972
  0.374082, -0.461141
  0.374104, -0.431306
  0.374127, -0.401469
  0.374150, -0.371627
  0.374172, -0.341782
  0.374195, -0.311933
  0.374218, -0.282080
  0.374240, -0.252224
  0.374263, -0.222365
  0.374286, -0.192501
  0.374308, -0.162635
  0.374331, -0.132764
  0.374354, -0.102890
  0.374376, -0.073012
  0.374399, -0.043131
  0.374422, -0.013246
  0.374444,  0.016643
  0.374467,  0.046535
  0.374490,  0.076431
  0.374512,  0.106331
  0.374535,  0.136234
  0.374558,  0.166140
  0.374580,  0.196051
  0.374603,  0.225965
  0.374626,  0.255882
  0.374649,  0.285804
  0.374671,  0.315728
  0.374694,  0.345657
  0.374717,  0.375589
  0.374739,  0.405525
  0.374762,  0.435464
  0.374785,  0.465407
  0.374807,  0.495353
  0.374830,  0.525304
  0.374853,  0.555257
  0.374875,  0.585215
  0.374898,  0.615176
  0.374921,  0.645141
  0.374943,  0.675109
  0.374966,  0.705081
  0.374989,  0.735056
  0.375011,  0.735101
  0.375034,  0.705209
  0.375057,  0.675313
  0.375079,  0.645414
  0.375102,  0.615511
  0.375125,  0.585604
  0.375147,  0.555694
  0.375170,  0.525780
  0.375193,  0.495863
  0.375215,  0.465942
  0.375238,  0.436017
  0.375261,  0.406089
  0.375283,  0.376157
  0.375306,  0.346222
  0.375329,  0.316283
  0.375351,  0.286340
  0.375374,  0.256393
  0.375397,  0.226444
  0.375420,  0.196490
  0.375442,  0.166533
  0.375465,  0.136572
  0.375488,  0.106607
  0.375510,  0.076639
  0.375533,  0.046668
  0.375556,  0.016692
  0.375578, -0.013287
  0.375601, -0.043269
  0.375624, -0.073255
  0.375646, -0.103245
  0.375669, -0.133238
  0.375692, -0.163236
  0.375714, -0.193236
  0.375737, -0.223240
  0.375760, -0.253248
  0.375782, -0.283260
  0.375805, -0.313275
  0.375828, -0.343294
  0.375850, -0.373316
  0.375873, -0.403342
  0.375896, -0.433372
  0.375918, -0.463405
  0.375941, -0.493442
  0.375964, -0.523482
  0.375986, -0.553526
  0.376009, -0.583574
  0.376032, -0.613625
  0.376054, -0.643680
  0.376077, -0.673739
  0.376100, -0.703801
  0.376122, -0.733867
  0.376145, -0.740735
  0.376168, -0.710753
  0.376190, -0.680767
  0.376213, -0.650777
  0.376236, -0.620784
  0.376259, -0.590787
  0.376281, -0.560787
  0.376304, -0.530783
  0.376327, -0.500775
  0.376349, -0.470764
  0.376372, -0.440749
  0.376395, -0.410730
  0.376417, -0.380708
  0.376440, -0.350682
  0.376463, -0.320653
  0.376485, -0.290620
  0.376508, -0.260583
  0.376531, -0.230543
  0.376553, -0.200499
  0.376576, -0.170451
  0.376599, -0.140400
  0.376621, -0.110346
  0.376644, -0.080287
  0.376667, -0.050225
  0.376689, -0.020160
  0.376712,  0.009910
  0.376735,  0.039982
  0.376757,  0.070059
  0.376780,  0.100139
  0.376803,  0.130223
  0.376825,  0.160310
  0.376848,  0.190401
  0.376871,  0.220495
  0.376893,  0.250594
  0.376916,  0.280695
  0.376939,  0.310801
  0.376961,  0.340910
  0.376984,  0.371023
  0.377007,  0.401139
  0.377029,  0.431259
  0.377052,  0.461382
  0.377075,  0.491509
  0.377098,  0.521640
  0.377120,  0.551775
  0.377143,  0.581913
  0.377166,  0.612054
  0.377188,  0.642199
  0.377211,  0.672348
  0.377234,  0.702501
  0.377256,  0.732657
  0.377279,  0.746390
  0.377302,  0.716317
  0.377324,  0.686241
  0.377347,  0.656161
  0.377370,  0.626078
  0.377392,  0.595990
  0.377415,  0.565900
  0.377438,  0.535805
  0.377460,  0.505707
  0.377483,  0.475606
  0.377506,  0.445501
  0.377528,  0.415392
  0.377551,  0.385279
  0.377574,  0.355163
  0.377596,  0.325044
  0.377619,  0.294920
  0.377642,  0.264793
  0.377664,  0.234663
  0.377687,  0.204529
  0.377710,  0.174391
  0.377732,  0.144249
  0.377755,  0.114104
  0.377778,  0.083956
  0.377800,  0.053803
  0.377823,  0.023647
  0.377846, -0.006512
  0.377868, -0.036675
  0.377891, -0.066842
  0.377914, -0.097012
  0.377937, -0.127186
  0.377959, -0.157364
  0.377982, -0.187545
  0.378005, -0.217730
  0.378027, -0.247918
  0.378050, -0.278111
  0.378073, -0.308306
  0.378095, -0.338506
  0.378118, -0.368709
  0.378141, -0.398915
  0.378163, -0.429125
  0.378186, -0.459339
  0.378209, -0.489557
  0.378231, -0.519778
  0.378254, -0.550002
  0.378277, -0.580231
  0.378299, -0.610462
  0.378322, -0.640698
  0.378345, -0.670937
  0.378367, -0.701180
  0.378390, -0.731426
  0.378413, -0.752065
  0.378435, -0.721902
  0.378458, -0.691736
  0.378481, -0.661566
  0.378503, -0.631392
  0.378526, -0.601214
  0.378549, -0.571033
  0.378571, -0.540849
  0.378594, -0.510660
  0.378617, -0.480469
  0.378639, -0.450273
  0.378662, -0.420074
  0.378685, -0.389871
  0.378707, -0.359665
  0.378730, -0.329455
  0.378753, -0.299241
  0.378776, -0.269024
  0.378798, -0.238803
  0.378821, -0.208579
  0.378844, -0.178351
  0.378866, -0.148119
  0.378889, -0.117884
  0.378912, -0.087645
  0.378934, -0.057402
  0.378957, -0.027156
  0.378980,  0.003094
  0.379002,  0.033347
  0.379025,  0.063604
  0.379048,  0.093865
  0.379070,  0.124129
  0.379093,  0.154397
  0.379116,  0.184669
  0.379138,  0.214944
  0.379161,  0.245223
  0.379184,  0.275505
  0.379206,  0.305791
  0.379229,  0.336081
  0.379252,  0.366374
  0.379274,  0.396671
  0.379297,  0.426971
  0.379320,  0.457275
  0.379342,  0.487583
  0.379365,  0.517894
  0.379388,  0.548209
  0.379410,  0.578528
  0.379433,  0.608850
  0.379456,  0.639176
  0.379478,  0.669505
  0.379501,  0.699838
  0.379524,  0.730175
  0.379546,  0.757761
  0.379569,  0.727508
  0.379592,  0.697251
  0.379615,  0.666991
  0.379637,  0.636727
  0.379660,  0.606459
  0.379683,  0.576188
  0.379705,  0.545913
  0.379728,  0.515634
  0.379751,  0.485352
  0.379773,  0.455066
  0.379796,  0.424777
  0.379819,  0.394484
  0.379841,  0.364187
  0.379864,  0.333887
  0.379887,  0.303583
  0.379909,  0.273275
  0.379932,  0.242964
  0.379955,  0.212649
  0.379977,  0.182331
  0.380000,  0.152009
  0.380023,  0.121683
  0.380045,  0.091354
  0.380068,  0.061021
  0.380091,  0.030685
  0.380113,  0.000345
  0.380136, -0.029999
  0.380159, -0.060346
  0.380181, -0.090697
  0.380204, -0.121052
  0.380227, -0.151410
  0.380249, -0.181772
  0.380272, -0.212137
  0.380295, -0.242506
  0.380317, -0.272879
  0.380340, -0.303255
  0.380363, -0.333635
  0.380385, -0.364019
  0.380408, -0.394406
  0.380431, -0.424797
  0.380454, -0.455191
  0.380476, -0.485589
  0.380499, -0.515991
  0.380522, -0.546396
  0.380544, -0.576805
  0.380567, -0.607217
  0.380590, -0.637633
  0.380612, -0.668053
  0.380635, -0.698476
  0.380658, -0.728903
  0.380680, -0.759334
  0.380703, -0.733134
  0.380726, -0.702787
  0.380748, -0.672436
  0.380771, -0.642082
  0.380794, -0.611724
  0.380816, -0.581362
  0.380839, -0.550997
  0.380862, -0.520628
  0.380884, -0.490256
  0.380907, -0.459880
  0.380930, -0.429500
  0.380952, -0.399117
  0.380975, -0.368730
  0.380998, -0.338339
  0.381020, -0.307945
  0.381043, -0.277547
  0.381066, -0.247146
  0.381088, -0.216741
  0.381111, -0.186332
  0.381134, -0.155920
  0.381156, -0.125504
  0.381179, -0.095084
  0.381202, -0.064661
  0.381224, -0.034234
  0.381247, -0.003804
  0.381270,  0.026630
  0.381293,  0.057068
  0.381315,  0.087509
  0.381338,  0.117954
  0.381361,  0.148402
  0.381383,  0.178854
  0.381406,  0.209310
  0.381429,  0.239769
  0.381451,  0.270232
  0.381474,  0.300699
  0.381497,  0.331169
  0.381519,  0.361643
  0.381542,  0.392120
  0.381565,  0.422601
  0.381587,  0.453086
  0.381610,  0.483574
  0.381633,  0.514066
  0.381655,  0.544562
  0.381678,  0.575061
  0.381701,  0.605564
  0.381723,  0.636070
  0.381746,  0.666580
  0.381769,  0.697094
  0.381791,  0.727611
  0.381814,  0.758132
  0.381837,  0.738781
  0.381859,  0.708344
  0.381882,  0.677903
  0.381905,  0.647458
  0.381927,  0.617010
  0.381950,  0.586558
  0.381973,  0.556102
  0.381995,  0.525643
  0.382018,  0.495180
  0.382041,  0.464714
  0.382063,  0.434244
  0.382086,  0.403770
  0.382109,  0.373293
  0.382132,  0.342812
  0.382154,  0.312328
  0.382177,  0.281840
  0.382200,  0.251348
  0.382222,  0.220853
  0.382245,  0.190354
  0.382268,  0.159851
  0.382290,  0.129345
  0.382313,  0.098835
  0.382336,  0.068322
  0.382358,  0.037805
  0.382381,  0.007284
  0.382404, -0.023240
  0.382426, -0.053768
  0.382449, -0.084300
  0.382472, -0.114835
  0.382494, -0.145374
  0.382517, -0.175916
  0.382540, -0.206462
  0.382562, -0.237012
  0.382585, -0.267565
  0.382608, -0.298122
  0.382630, -0.328682
  0.382653, -0.359247
  0.382676, -0.389814
  0.382698, -0.420386
  0.382721, -0.450961
  0.382744, -0.481539
  0.382766, -0.512121
  0.382789, -0.542707
  0.382812, -0.573297
  0.382834, -0.603890
  0.382857, -0.634487
  0.382880, -0.665087
  0.382902, -0.695691
  0.382925, -0.726298
  0.382948, -0.756910
  0.382971, -0.744448
  0.382993, -0.713921
  0.383016, -0.683389
  0.383039, -0.652854
  0.383061, -0.622316
  0.383084, -0.591774
  0.383107, -0.561228
  0.383129, -0.530678
  0.383152, -0.500125
  0.383175, -0.469569
  0.383197, -0.439008
  0.383220, -0.408445
  0.383243, -0.377877
  0.383265, -0.347306
  0.383288, -0.316731
  0.383311, -0.286153
  0.383333, -0.255571
  0.383356, -0.224985
  0.383379, -0.194396
  0.383401, -0.163803
  0.383424, -0.133206
  0.383447, -0.102606
  0.383469, -0.072003
  0.383492, -0.041395
  0.383515, -0.010784
  0.383537,  0.019830
  0.383560,  0.050449
  0.383583,  0.081070
  0.383605,  0.111696
  0.383628,  0.142325
  0.383651,  0.172958
  0.383673,  0.203594
  0.383696,  0.234234
  0.383719,  0.264877
  0.383741,  0.295525
  0.383764,  0.326175
  0.383787,  0.356830
  0.383810,  0.387488
  0.383832,  0.418149
  0.383855,  0.448815
  0.383878,  0.479484
  0.383900,  0.510156
  0.383923,  0.540832
  0.383946,  0.571512
  0.383968,  0.602195
  0.383991,  0.632882
  0.384014,  0.663573
  0.384036,  0.694267
  0.384059,  0.724965
  0.384082,  0.755666
  0.384104,  0.750136
  0.384127,  0.719518
  0.384150,  0.688897
  0.384172,  0.658272
  0.384195,  0.627643
  0.384218,  0.597010
  0.384240,  0.566374
  0.384263,  0.535734
  0.384286,  0.505091
  0.384308,  0.474444
  0.384331,  0.443793
  0.384354,  0.413139
  0.384376,  0.382481
  0.384399,  0.351820
  0.384422,  0.321155
  0.384444,  0.290486
  0.384467,  0.259814
  0.384490,  0.229138
  0.384512,  0.198459
  0.384535,  0.167775
  0.384558,  0.137089
  0.384580,  0.106398
  0.384603,  0.075704
  0.384626,  0.045006
  0.384649,  0.014305
  0.384671, -0.016400
  0.384694, -0.047108
  0.384717, -0.077820
  0.384739, -0.108536
  0.384762, -0.139255
  0.384785, -0.169978
  0.384807, -0.200705
  0.384830, -0.231435
  0.384853, -0.262169
  0.384875, -0.292906
  0.384898, -0.323648
  0.384921, -0.354392
  0.384943, -0.385141
  0.384966, -0.415893
  0.384989, -0.446648
  0.385011, -0.477407
  0.385034, -0.508170
  0.385057, -0.538936
  0.385079, -0.569707
  0.385102, -0.600480
  0.385125, -0.631257
  0.385147, -0.662038
  0.385170, -0.692823
  0.385193, -0.723611
  0.385215, -0.754403
  0.385238, -0.755845
  0.385261, -0.725137
  0.385283, -0.694425
  0.385306, -0.663709
  0.385329, -0.632990
  0.385351, -0.602267
  0.385374, -0.571541
  0.385397, -0.540811
  0.385420, -0.510077
  0.385442, -0.479340
  0.385465, -0.448599
  0.385488, -0.417855
  0.385510, -0.387106
  0.385533, -0.356355
  0.385556, -0.325599
  0.385578, -0.294840
  0.385601, -0.264078
  0.385624, -0.233312
  0.385646, -0.202542
  0.385669, -0.171768
  0.385692, -0.140991
  0.385714, -0.110211
  0.385737, -0.079426
  0.385760, -0.048638
  0.385782, -0.017847
  0.385805,  0.012948
  0.385828,  0.043747
  0.385850,  0.074550
  0.385873,  0.105356
  0.385896,  0.136165
  0.385918,  0.166979
  0.385941,  0.197795
  0.385964,  0.228616
  0.385986,  0.259440
  0.386009,  0.290268
  0.386032,  0.321099
  0.386054,  0.351934
  0.386077,  0.382773
  0.386100,  0.413615
  0.386122,  0.444461
  0.386145,  0.475310
  0.386168,  0.506163
  0.386190,  0.537020
  0.386213,  0.567881
  0.386236,  0.598744
  0.386259,  0.629612
  0.386281,  0.660483
  0.386304,  0.691358
  0.386327,  0.722236
  0.386349,  0.753119
  0.386372,  0.761574
  0.386395,  0.730775
  0.386417,  0.699973
  0.386440,  0.669167
  0.386463,  0.638358
  0.386485,  0.607545
  0.386508,  0.576728
  0.386531,  0.545908
  0.386553,  0.515084
  0.386576,  0.484256
  0.386599,  0.453425
  0.386621,  0.422590
  0.386644,  0.391752
  0.386667,  0.360910
  0.386689,  0.330064
  0.386712,  0.299215
  0.386735,  0.268362
  0.386757,  0.237506
  0.386780,  0.206646
  0.386803,  0.175782
  0.386825,  0.144915
  0.386848,  0.114044
  0.386871,  0.083169
  0.386893,  0.052291
  0.386916,  0.021409
  0.386939, -0.009477
  0.386961, -0.040366
  0.386984, -0.071258
  0.387007, -0.102155
  0.387029, -0.133055
  0.387052, -0.163958
  0.387075, -0.194865
  0.387098, -0.225776
  0.387120, -0.256691
  0.387143, -0.287609
  0.387166, -0.318530
  0.387188, -0.349456
  0.387211, -0.380385
  0.387234, -0.411317
  0.387256, -0.442253
  0.387279, -0.473193
  0.387302, -0.504136
  0.387324, -0.535083
  0.387347, -0.566034
  0.387370, -0.596988
  0.387392, -0.627946
  0.387415, -0.658908
  0.387438, -0.689873
  0.387460, -0.720841
  0.387483, -0.751814
  0.387506, -0.767324
  0.387528, -0.736435
  0.387551, -0.705542
  0.387574, -0.674646
  0.387596, -0.643746
  0.387619, -0.612843
  0.387642, -0.581936
  0.387664, -0.551026
  0.387687, -0.520111
  0.387710, -0.489193
  0.387732, -0.458272
  0.387755, -0.427347
  0.387778, -0.396418
  0.387800, -0.365486
  0.387823, -0.334550
  0.387846, -0.303610
  0.387868, -0.272667
  0.387891, -0.241720
  0.387914, -0.210770
  0.387937, -0.179816
  0.387959, -0.148858
  0.387982, -0.117897
  0.388005, -0.086932
  0.388027, -0.055964
  0.388050, -0.024992
  0.388073,  0.005984
  0.388095,  0.036964
  0.388118,  0.067947
  0.388141,  0.098933
  0.388163,  0.129923
  0.388186,  0.160917
  0.388209,  0.191915
  0.388231,  0.222916
  0.388254,  0.253921
  0.388277,  0.284929
  0.388299,  0.315941
  0.388322,  0.346956
  0.388345,  0.377976
  0.388367,  0.408998
  0.388390,  0.440025
  0.388413,  0.471055
  0.388435,  0.502089
  0.388458,  0.533126
  0.388481,  0.564167
  0.388503,  0.595211
  0.388526,  0.626260
  0.388549,  0.657311
  0.388571,  0.688367
  0.388594,  0.719426
  0.388617,  0.750488
  0.388639,  0.773094
  0.388662,  0.742115
  0.388685,  0.711132
  0.388707,  0.680146
  0.388730,  0.649156
  0.388753,  0.618162
  0.388776,  0.587165
  0.388798,  0.556164
  0.388821,  0.525159
  0.388844,  0.494151
  0.388866,  0.463139
  0.388889,  0.432124
  0.388912,  0.401105
  0.388934,  0.370082
  0.388957,  0.339056
  0.388980,  0.308026
  0.389002,  0.276993
  0.389025,  0.245956
  0.389048,  0.214915
  0.389070,  0.183871
  0.389093,  0.152823
  0.389116,  0.121771
  0.389138,  0.090716
  0.389161,  0.059657
  0.389184,  0.028595
  0.389206, -0.002471
  0.389229, -0.033541
  0.389252, -0.064614
  0.389274, -0.095691
  0.389297, -0.126772
  0.389320, -0.157856
  0.389342, -0.188944
  0.389365, -0.220035
  0.389388, -0.251130
  0.389410, -0.282229
  0.389433, -0.313331
  0.389456, -0.344437
  0.389478, -0.375546
  0.389501, -0.406659
  0.389524, -0.437776
  0.389546, -0.468896
  0.389569, -0.500020
  0.389592, -0.531148
  0.389615, -0.562279
  0.389637, -0.593414
  0.389660, -0.624552
  0.389683, -0.655694
  0.389705, -0.686840
  0.389728, -0.717989
  0.389751, -0.749142
  0.389773, -0.778885
  0.389796, -0.747815
  0.389819, -0.716742
  0.389841, -0.685665
  0.389864, -0.654585
  0.389887, -0.623501
  0.389909, -0.592414
  0.389932, -0.561322
  0.389955, -0.530228
  0.389977, -0.499129
  0.390000, -0.468027
  0.390023, -0.436922
  0.390045, -0.405812
  0.390068, -0.374699
  0.390091, -0.343583
  0.390113, -0.312463
  0.390136, -0.281339
  0.390159, -0.250212
  0.390181, -0.219081
  0.390204, -0.187946
  0.390227, -0.156808
  0.390249, -0.125666
  0.390272, -0.094520
  0.390295, -0.063371
  0.390317, -0.032219
  0.390340, -0.001062
  0.390363,  0.030098
  0.390385,  0.061261
  0.390408,  0.092429
  0.390431,  0.123599
  0.390454,  0.154774
  0.390476,  0.185952
  0.390499,  0.217134
  0.390522,  0.248319
  0.390544,  0.279508
  0.390567,  0.310700
  0.390590,  0.341896
  0.390612,  0.373096
  0.390635,  0.404300
  0.390658,  0.435507
  0.390680,  0.466717
  0.390703,  0.497932
  0.390726,  0.529149
  0.390748,  0.560371
  0.390771,  0.591596
  0.390794,  0.622825
  0.390816,  0.654057
  0.390839,  0.685293
  0.390862,  0.716533
  0.390884,  0.747776
  0.390907,  0.779023
  0.390930,  0.753536
  0.390952,  0.722373
  0.390975,  0.691206
  0.390998,  0.660035
  0.391020,  0.628861
  0.391043,  0.597683
  0.391066,  0.566502
  0.391088,  0.535317
  0.391111,  0.504128
  0.391134,  0.472936
  0.391156,  0.441740
  0.391179,  0.410540
  0.391202,  0.379337
  0.391224,  0.348130
  0.391247,  0.316920
  0.391270,  0.285706
  0.391293,  0.254488
  0.391315,  0.223267
  0.391338,  0.192042
  0.391361,  0.160813
  0.391383,  0.129581
  0.391406,  0.098345
  0.391429,  0.067106
  0.391451,  0.035863
  0.391474,  0.004616
  0.391497, -0.026634
  0.391519, -0.057888
  0.391542, -0.089145
  0.391565, -0.120406
  0.391587, -0.151671
  0.391610, -0.182940
  0.391633, -0.214211
  0.391655, -0.245487
  0.391678, -0.276766
  0.391701, -0.308049
  0.391723, -0.339336
  0.391746, -0.370626
  0.391769, -0.401919
  0.391791, -0.433217
  0.391814, -0.464518
  0.391837, -0.495822
  0.391859, -0.527130
  0.391882, -0.558442
  0.391905, -0.589757
  0.391927, -0.621077
  0.391950, -0.652399
  0.391973, -0.683725
  0.391995, -0.715055
  0.392018, -0.746389
  0.392041, -0.777726
  0.392063, -0.759278
  0.392086, -0.728024
  0.392109, -0.696767
  0.392132, -0.665506
  0.392154, -0.634242
  0.392177, -0.602973
  0.392200, -0.571702
  0.392222, -0.540426
  0.392245, -0.509147
  0.392268, -0.477865
  0.392290, -0.446578
  0.392313, -0.415289
  0.392336, -0.383995
  0.392358, -0.352698
  0.392381, -0.321397
  0.392404, -0.290093
  0.392426, -0.258785
  0.392449, -0.227473
  0.392472, -0.196158
  0.392494, -0.164839
  0.392517, -0.133517
  0.392540, -0.102191
  0.392562, -0.070861
  0.392585, -0.039528
  0.392608, -0.008191
  0.392630,  0.023150
  0.392653,  0.054494
  0.392676,  0.085842
  0.392698,  0.117193
  0.392721,  0.148548
  0.392744,  0.179907
  0.392766,  0.211269
  0.392789,  0.242635
  0.392812,  0.274004
  0.392834,  0.305377
  0.392857,  0.336754
  0.392880,  0.368134
  0.392902,  0.399518
  0.392925,  0.430906
  0.392948,  0.462297
  0.392971,  0.493692
  0.392993,  0.525091
  0.393016,  0.556493
  0.393039,  0.587898
  0.393061,  0.619308
  0.393084,  0.650721
  0.393107,  0.682137
  0.393129,  0.713557
  0.393152,  0.744981
  0.393175,  0.776409
  0.393197,  0.765040
  0.393220,  0.733696
  0.393243,  0.702349
  0.393265,  0.670997
  0.393288,  0.639643
  0.393311,  0.608284
  0.393333,  0.576922
  0.393356,  0.545556
  0.393379,  0.514187
  0.393401,  0.482814
  0.393424,  0.451438
  0.393447,  0.420058
  0.393469,  0.388674
  0.393492,  0.357286
  0.393515,  0.325895
  0.393537,  0.294501
  0.393560,  0.263102
  0.393583,  0.231701
  0.393605,  0.200295
  0.393628,  0.168886
  0.393651,  0.137473
  0.393673,  0.106057
  0.393696,  0.074637
  0.393719,  0.043213
  0.393741,  0.011786
  0.393764, -0.019645
  0.393787, -0.051079
  0.393810, -0.082517
  0.393832, -0.113959
  0.393855, -0.145404
  0.393878, -0.176853
  0.393900, -0.208306
  0.393923, -0.239762
  0.393946, -0.271222
  0.393968, -0.302685
  0.393991, -0.334152
  0.394014, -0.365623
  0.394036, -0.397097
  0.394059, -0.428575
  0.394082, -0.460056
  0.394104, -0.491542
  0.394127, -0.523030
  0.394150, -0.554523
  0.394172, -0.586019
  0.394195, -0.617518
  0.394218, -0.649022
  0.394240, -0.680528
  0.394263, -0.712039
  0.394286, -0.743553
  0.394308, -0.775071
  0.394331, -0.770823
  0.394354, -0.739389
  0.394376, -0.707951
  0.394399, -0.676509
  0.394422, -0.645064
  0.394444, -0.613616
  0.394467, -0.582163
  0.394490, -0.550707
  0.394512, -0.519248
  0.394535, -0.487784
  0.394558, -0.456318
  0.394580, -0.424847
  0.394603, -0.393373
  0.394626, -0.361895
  0.394649, -0.330414
  0.394671, -0.298929
  0.394694, -0.267441
  0.394717, -0.235948
  0.394739, -0.204453
  0.394762, -0.172953
  0.394785, -0.141450
  0.394807, -0.109944
  0.394830, -0.078433
  0.394853, -0.046919
  0.394875, -0.015402
  0.394898,  0.016119
  0.394921,  0.047644
  0.394943,  0.079172
  0.394966,  0.110704
  0.394989,  0.142240
  0.395011,  0.173779
  0.395034,  0.205322
  0.395057,  0.236868
  0.395079,  0.268419
  0.395102,  0.299972
  0.395125,  0.331530
  0.395147,  0.363091
  0.395170,  0.394655
  0.395193,  0.426223
  0.395215,  0.457795
  0.395238,  0.489370
  0.395261,  0.520950
  0.395283,  0.552532
  0.395306,  0.584118
  0.395329,  0.615708
  0.395351,  0.647302
  0.395374,  0.678899
  0.395397,  0.710500
  0.395420,  0.742104
  0.395442,  0.773712
  0.395465,  0.776626
  0.395488,  0.745102
  0.395510,  0.713574
  0.395533,  0.682042
  0.395556,  0.650506
  0.395578,  0.618967
  0.395601,  0.587425
  0.395624,  0.555879
  0.395646,  0.524329
  0.395669,  0.492775
  0.395692,  0.461218
  0.395714,  0.429657
  0.395737,  0.398093
  0.395760,  0.366525
  0.395782,  0.334953
  0.395805,  0.303378
  0.395828,  0.271799
  0.395850,  0.240217
  0.395873,  0.208631
  0.395896,  0.177041
  0.395918,  0.145448
  0.395941,  0.113851
  0.395964,  0.082250
  0.395986,  0.050646
  0.396009,  0.019038
  0.396032, -0.012573
  0.396054, -0.044188
  0.396077, -0.075807
  0.396100, -0.107429
  0.396122, -0.139055
  0.396145, -0.170685
  0.396168, -0.202318
  0.396190, -0.233954
  0.396213, -0.265595
  0.396236, -0.297239
  0.396259, -0.328886
  0.396281, -0.360538
  0.396304, -0.392193
  0.396327, -0.423851
  0.396349, -0.455513
  0.396372, -0.487179
  0.396395, -0.518848
  0.396417, -0.550521
  0.396440, -0.582198
  0.396463, -0.613878
  0.396485, -0.645562
  0.396508, -0.677249
  0.396531, -0.708940
  0.396553, -0.740635
  0.396576, -0.772333
  0.396599, -0.782450
  0.396621, -0.750835
  0.396644, -0.719217
  0.396667, -0.687595
  0.396689, -0.655969
  0.396712, -0.624340
  0.396735, -0.592707
  0.396757, -0.561070
  0.396780, -0.529430
  0.396803, -0.497786
  0.396825, -0.466139
  0.396848, -0.434488
  0.396871, -0.402833
  0.396893, -0.371175
  0.396916, -0.339513
  0.396939, -0.307848
  0.396961, -0.276179
  0.396984, -0.244506
  0.397007, -0.212829
  0.397029, -0.181149
  0.397052, -0.149466
  0.397075, -0.117779
  0.397098, -0.086088
  0.397120, -0.054393
  0.397143, -0.022695
  0.397166,  0.009007
  0.397188,  0.040712
  0.397211,  0.072421
  0.397234,  0.104133
  0.397256,  0.135850
  0.397279,  0.167569
  0.397302,  0.199293
  0.397324,  0.231020
  0.397347,  0.262751
  0.397370,  0.294485
  0.397392,  0.326223
  0.397415,  0.357964
  0.397438,  0.389709
  0.397460,  0.421458
  0.397483,  0.453211
  0.397506,  0.484967
  0.397528,  0.516726
  0.397551,  0.548489
  0.397574,  0.580256
  0.397596,  0.612027
  0.397619,  0.643801
  0.397642,  0.675579
  0.397664,  0.707360
  0.397687,  0.739145
  0.397710,  0.770934
  0.397732,  0.788295
  0.397755,  0.756590
  0.397778,  0.724881
  0.397800,  0.693168
  0.397823,  0.661452
  0.397846,  0.629733
  0.397868,  0.598010
  0.397891,  0.566283
  0.397914,  0.534552
  0.397937,  0.502818
  0.397959,  0.471081
  0.397982,  0.439339
  0.398005,  0.407594
  0.398027,  0.375846
  0.398050,  0.344094
  0.398073,  0.312338
  0.398095,  0.280578
  0.398118,  0.248815
  0.398141,  0.217049
  0.398163,  0.185278
  0.398186,  0.153504
  0.398209,  0.121727
  0.398231,  0.089946
  0.398254,  0.058161
  0.398277,  0.026373
  0.398299, -0.005419
  0.398322, -0.037215
  0.398345, -0.069014
  0.398367, -0.100817
  0.398390, -0.132624
  0.398413, -0.164434
  0.398435, -0.196247
  0.398458, -0.228065
  0.398481, -0.259886
  0.398503, -0.291710
  0.398526, -0.323538
  0.398549, -0.355370
  0.398571, -0.387206
  0.398594, -0.419045
  0.398617, -0.450887
  0.398639, -0.482734
  0.398662, -0.514584
  0.398685, -0.546437
  0.398707, -0.578294
  0.398730, -0.610155
  0.398753, -0.642020
  0.398776, -0.673888
  0.398798, -0.705759
  0.398821, -0.737634
  0.398844, -0.769513
  0.398866, -0.794160
  0.398889, -0.762364
  0.398912, -0.730565
  0.398934, -0.698763
  0.398957, -0.666956
  0.398980, -0.635146
  0.399002, -0.603333
  0.399025, -0.571516
  0.399048, -0.539695
  0.399070, -0.507871
  0.399093, -0.476043
  0.399116, -0.444211
  0.399138, -0.412376
  0.399161, -0.380537
  0.399184, -0.348695
  0.399206, -0.316848
  0.399229, -0.284999
  0.399252, -0.253145
  0.399274, -0.221288
  0.399297, -0.189428
  0.399320, -0.157564
  0.399342, -0.125696
  0.399365, -0.093824
  0.399388, -0.061949
  0.399410, -0.030071
  0.399433,  0.001812
  0.399456,  0.033698
  0.399478,  0.065587
  0.399501,  0.097480
  0.399524,  0.129377
  0.399546,  0.161277
  0.399569,  0.193181
  0.399592,  0.225089
  0.399615,  0.257000
  0.399637,  0.288915
  0.399660,  0.320834
  0.399683,  0.352756
  0.399705,  0.384681
  0.399728,  0.416611
  0.399751,  0.448544
  0.399773,  0.480480
  0.399796,  0.512421
  0.399819,  0.544364
  0.399841,  0.576312
  0.399864,  0.608263
  0.399887,  0.640218
  0.399909,  0.672176
  0.399932,  0.704138
  0.399955,  0.736103
  0.399977,  0.768073
  0.400000,  0.800045
  0.400023,  0.768160
  0.400045,  0.736270
  0.400068,  0.704377
  0.400091,  0.672481
  0.400113,  0.640581
  0.400136,  0.608677
  0.400159,  0.576769
  0.400181,  0.544858
  0.400204,  0.512944
  0.400227,  0.481025
  0.400249,  0.449103
  0.400272,  0.417178
  0.400295,  0.385249
  0.400317,  0.353316
  0.400340,  0.321380
  0.400363,  0.289440
  0.400385,  0.257496
  0.400408,  0.225549
  0.400431,  0.193598
  0.400454,  0.161643
  0.400476,  0.129685
  0.400499,  0.097724
  0.400522,  0.065758
  0.400544,  0.033789
  0.400567,  0.001817
  0.400590, -0.030159
  0.400612, -0.062139
  0.400635, -0.094123
  0.400658, -0.126110
  0.400680, -0.158100
  0.400703, -0.190095
  0.400726, -0.222093
  0.400748, -0.254094
  0.400771, -0.286099
  0.400794, -0.318108
  0.400816, -0.350121
  0.400839, -0.382137
  0.400862, -0.414156
  0.400884, -0.446180
  0.400907, -0.478206
  0.400930, -0.510237
  0.400952, -0.542271
  0.400975, -0.574309
  0.400998, -0.606350
  0.401020, -0.638395
  0.401043, -0.670444
  0.401066, -0.702496
  0.401088, -0.734552
  0.401111, -0.766611
  0.401134, -0.798674
  0.401156, -0.773976
  0.401179, -0.741996
  0.401202, -0.710013
  0.401224, -0.678026
  0.401247, -0.646035
  0.401270, -0.614041
  0.401293, -0.582044
  0.401315, -0.550042
  0.401338, -0.518037
  0.401361, -0.486029
  0.401383, -0.454016
  0.401406, -0.422001
  0.401429, -0.389981
  0.401451, -0.357958
  0.401474, -0.325931
  0.401497, -0.293901
  0.401519, -0.261867
  0.401542, -0.229830
  0.401565, -0.197789
  0.401587, -0.165744
  0.401610, -0.133695
  0.401633, -0.101643
  0.401655, -0.069588
  0.401678, -0.037528
  0.401701, -0.005466
  0.401723,  0.026601
  0.401746,  0.058671
  0.401769,  0.090745
  0.401791,  0.122822
  0.401814,  0.154903
  0.401837,  0.186988
  0.401859,  0.219076
  0.401882,  0.251168
  0.401905,  0.283263
  0.401927,  0.315362
  0.401950,  0.347465
  0.401973,  0.379571
  0.401995,  0.411681
  0.402018,  0.443795
  0.402041,  0.475912
  0.402063,  0.508033
  0.402086,  0.540157
  0.402109,  0.572285
  0.402132,  0.604417
  0.402154,  0.636552
  0.402177,  0.668691
  0.402200,  0.700833
  0.402222,  0.732980
  0.402245,  0.765129
  0.402268,  0.797283
  0.402290,  0.779812
  0.402313,  0.747742
  0.402336,  0.715669
  0.402358,  0.683591
  0.402381,  0.651511
  0.402404,  0.619426
  0.402426,  0.587338
  0.402449,  0.555247
  0.402472,  0.523151
  0.402494,  0.491052
  0.402517,  0.458950
  0.402540,  0.426844
  0.402562,  0.394734
  0.402585,  0.362621
  0.402608,  0.330504
  0.402630,  0.298383
  0.402653,  0.266259
  0.402676,  0.234131
  0.402698,  0.202000
  0.402721,  0.169865
  0.402744,  0.137726
  0.402766,  0.105584
  0.402789,  0.073438
  0.402812,  0.041288
  0.402834,  0.009135
  0.402857, -0.023022
  0.402880, -0.055182
  0.402902, -0.087346
  0.402925, -0.119514
  0.402948, -0.151685
  0.402971, -0.183860
  0.402993, -0.216038
  0.403016, -0.248221
  0.403039, -0.280406
  0.403061, -0.312596
  0.403084, -0.344789
  0.403107, -0.376985
  0.403129, -0.409185
  0.403152, -0.441389
  0.403175, -0.473597
  0.403197, -0.505808
  0.403220, -0.538023
  0.403243, -0.570241
  0.403265, -0.602463
  0.403288, -0.634688
  0.403311, -0.666918
  0.403333, -0.699150
  0.403356, -0.731387
  0.403379, -0.763627
  0.403401, -0.795871
  0.403424, -0.785669
  0.403447, -0.753509
  0.403469, -0.721345
  0.403492, -0.689178
  0.403515, -0.657006
  0.403537, -0.624832
  0.403560, -0.592654
  0.403583, -0.560472
  0.403605, -0.528286
  0.403628, -0.496097
  0.403651, -0.463904
  0.403673, -0.431708
  0.403696, -0.399508
  0.403719, -0.367304
  0.403741, -0.335097
  0.403764, -0.302886
  0.403787, -0.270671
  0.403810, -0.238453
  0.403832, -0.206232
  0.403855, -0.174006
  0.403878, -0.141777
  0.403900, -0.109545
  0.403923, -0.077308
  0.403946, -0.045069
  0.403968, -0.012825
  0.403991,  0.019422
  0.404014,  0.051673
  0.404036,  0.083927
  0.404059,  0.116185
  0.404082,  0.148446
  0.404104,  0.180712
  0.404127,  0.212980
  0.404150,  0.245253
  0.404172,  0.277529
  0.404195,  0.309809
  0.404218,  0.342092
  0.404240,  0.374379
  0.404263,  0.406669
  0.404286,  0.438963
  0.404308,  0.471261
  0.404331,  0.503563
  0.404354,  0.535868
  0.404376,  0.568176
  0.404399,  0.600488
  0.404422,  0.632804
  0.404444,  0.665124
  0.404467,  0.697447
  0.404490,  0.729774
  0.404512,  0.762104
  0.404535,  0.794438
  0.404558,  0.791547
  0.404580,  0.759296
  0.404603,  0.727042
  0.404626,  0.694784
  0.404649,  0.662523
  0.404671,  0.630258
  0.404694,  0.597989
  0.404717,  0.565717
  0.404739,  0.533441
  0.404762,  0.501162
  0.404785,  0.468879
  0.404807,  0.436592
  0.404830,  0.404302
  0.404853,  0.372008
  0.404875,  0.339710
  0.404898,  0.307409
  0.404921,  0.275104
  0.404943,  0.242796
  0.404966,  0.210484
  0.404989,  0.178168
  0.405011,  0.145849
  0.405034,  0.113526
  0.405057,  0.081200
  0.405079,  0.048869
  0.405102,  0.016536
  0.405125, -0.015802
  0.405147, -0.048143
  0.405170, -0.080487
  0.405193, -0.112835
  0.405215, -0.145187
  0.405238, -0.177543
  0.405261, -0.209902
  0.405283, -0.242265
  0.405306, -0.274631
  0.405329, -0.307001
  0.405351, -0.339374
  0.405374, -0.371752
  0.405397, -0.404132
  0.405420, -0.436517
  0.405442, -0.468905
  0.405465, -0.501297
  0.405488, -0.533692
  0.405510, -0.566091
  0.405533, -0.598493
  0.405556, -0.630899
  0.405578, -0.663309
  0.405601, -0.695723
  0.405624, -0.728140
  0.405646, -0.760560
  0.405669, -0.792985
  0.405692, -0.797445
  0.405714, -0.765104
  0.405737, -0.732760
  0.405760, -0.700412
  0.405782, -0.668060
  0.405805, -0.635705
  0.405828, -0.603346
  0.405850, -0.570983
  0.405873, -0.538617
  0.405896, -0.506247
  0.405918, -0.473874
  0.405941, -0.441497
  0.405964, -0.409116
  0.405986, -0.376732
  0.406009, -0.344344
  0.406032, -0.311953
  0.406054, -0.279558
  0.406077, -0.247159
  0.406100, -0.214757
  0.406122, -0.182351
  0.406145, -0.149941
  0.406168, -0.117528
  0.406190, -0.085111
  0.406213, -0.052691
  0.406236, -0.020267
  0.406259,  0.012161
  0.406281,  0.044592
  0.406304,  0.077027
  0.406327,  0.109466
  0.406349,  0.141908
  0.406372,  0.174353
  0.406395,  0.206803
  0.406417,  0.239256
  0.406440,  0.271712
  0.406463,  0.304173
  0.406485,  0.336637
  0.406508,  0.369104
  0.406531,  0.401575
  0.406553,  0.434050
  0.406576,  0.466528
  0.406599,  0.499010
  0.406621,  0.531496
  0.406644,  0.563985
  0.406667,  0.596478
  0.406689,  0.628974
  0.406712,  0.661474
  0.406735,  0.693978
  0.406757,  0.726485
  0.406780,  0.758996
  0.406803,  0.791511
  0.406825,  0.803363
  0.406848,  0.770932
  0.406871,  0.738498
  0.406893,  0.706059
  0.406916,  0.673617
  0.406939,  0.641172
  0.406961,  0.608723
  0.406984,  0.576270
  0.407007,  0.543814
  0.407029,  0.511353
  0.407052,  0.478890
  0.407075,  0.446423
  0.407098,  0.413952
  0.407120,  0.381477
  0.407143,  0.348999
  0.407166,  0.316517
  0.407188,  0.284032
  0.407211,  0.251543
  0.407234,  0.219050
  0.407256,  0.186554
  0.407279,  0.154054
  0.407302,  0.121551
  0.407324,  0.089044
  0.407347,  0.056533
  0.407370,  0.024019
  0.407392, -0.008499
  0.407415, -0.041021
  0.407438, -0.073546
  0.407460, -0.106075
  0.407483, -0.138607
  0.407506, -0.171143
  0.407528, -0.203683
  0.407551, -0.236226
  0.407574, -0.268773
  0.407596, -0.301324
  0.407619, -0.333878
  0.407642, -0.366436
  0.407664, -0.398997
  0.407687, -0.431562
  0.407710, -0.464131
  0.407732, -0.496703
  0.407755, -0.529279
  0.407778, -0.561858
  0.407800, -0.594442
  0.407823, -0.627028
  0.407846, -0.659619
  0.407868, -0.692213
  0.407891, -0.724810
  0.407914, -0.757411
  0.407937, -0.790016
  0.407959, -0.809303
  0.407982, -0.776781
  0.408005, -0.744256
  0.408027, -0.711728
  0.408050, -0.679196
  0.408073, -0.646660
  0.408095, -0.614120
  0.408118, -0.581577
  0.408141, -0.549030
  0.408163, -0.516480
  0.408186, -0.483926
  0.408209, -0.451369
  0.408231, -0.418807
  0.408254, -0.386243
  0.408277, -0.353674
  0.408299, -0.321102
  0.408322, -0.288527
  0.408345, -0.255947
  0.408367, -0.223364
  0.408390, -0.190778
  0.408413, -0.158188
  0.408435, -0.125594
  0.408458, -0.092997
  0.408481, -0.060396
  0.408503, -0.027791
  0.408526,  0.004817
  0.408549,  0.037429
  0.408571,  0.070045
  0.408594,  0.102664
  0.408617,  0.135287
  0.408639,  0.167913
  0.408662,  0.200543
  0.408685,  0.233176
  0.408707,  0.265814
  0.408730,  0.298454
  0.408753,  0.331099
  0.408776,  0.363747
  0.408798,  0.396399
  0.408821,  0.429054
  0.408844,  0.461713
  0.408866,  0.494375
  0.408889,  0.527042
  0.408912,  0.559711
  0.408934,  0.592385
  0.408957,  0.625062
  0.408980,  0.657742
  0.409002,  0.690427
  0.409025,  0.723115
  0.409048,  0.755806
  0.409070,  0.788501
  0.409093,  0.815263
  0.409116,  0.782651
  0.409138,  0.750036
  0.409161,  0.717417
  0.409184,  0.684794
  0.409206,  0.652168
  0.409229,  0.619538
  0.409252,  0.586905
  0.409274,  0.554268
  0.409297,  0.521627
  0.409320,  0.488983
  0.409342,  0.456335
  0.409365,  0.423684
  0.409388,  0.391029
  0.409410,  0.358370
  0.409433,  0.325708
  0.409456,  0.293042
  0.409478,  0.260372
  0.409501,  0.227699
  0.409524,  0.195022
  0.409546,  0.162342
  0.409569,  0.129658
  0.409592,  0.096970
  0.409615,  0.064279
  0.409637,  0.031584
  0.409660, -0.001115
  0.409683, -0.033817
  0.409705, -0.066523
  0.409728, -0.099232
  0.409751, -0.131945
  0.409773, -0.164662
  0.409796, -0.197382
  0.409819, -0.230106
  0.409841, -0.262833
  0.409864, -0.295565
  0.409887, -0.328299
  0.409909, -0.361038
  0.409932, -0.393780
  0.409955, -0.426525
  0.409977, -0.459274
  0.410000, -0.492027
  0.410023, -0.524784
  0.410045, -0.557544
  0.410068, -0.590307
  0.410091, -0.623075
  0.410113, -0.655846
  0.410136, -0.688620
  0.410159, -0.721398
  0.410181, -0.754180
  0.410204, -0.786966
  0.410227, -0.819755
  0.410249, -0.788541
  0.410272, -0.755836
  0.410295, -0.723126
  0.410317, -0.690414
  0.410340, -0.657697
  0.410363, -0.624977
  0.410385, -0.592253
  0.410408, -0.559526
  0.410431, -0.526795
  0.410454, -0.494061
  0.410476, -0.461323
  0.410499, -0.428581
  0.410522, -0.395835
  0.410544, -0.363086
  0.410567, -0.330334
  0.410590, -0.297577
  0.410612, -0.264818
  0.410635, -0.232054
  0.410658, -0.199287
  0.410680, -0.166516
  0.410703, -0.133742
  0.410726, -0.100964
  0.410748, -0.068182
  0.410771, -0.035397
  0.410794, -0.002608
  0.410816,  0.030184
  0.410839,  0.062980
  0.410862,  0.095780
  0.410884,  0.128583
  0.410907,  0.161390
  0.410930,  0.194201
  0.410952,  0.227015
  0.410975,  0.259833
  0.410998,  0.292654
  0.411020,  0.325479
  0.411043,  0.358308
  0.411066,  0.391140
  0.411088,  0.423976
  0.411111,  0.456815
  0.411134,  0.489658
  0.411156,  0.522505
  0.411179,  0.555356
  0.411202,  0.588210
  0.411224,  0.621067
  0.411247,  0.653928
  0.411270,  0.686793
  0.411293,  0.719662
  0.411315,  0.752534
  0.411338,  0.785409
  0.411361,  0.818289
  0.411383,  0.794452
  0.411406,  0.761656
  0.411429,  0.728856
  0.411451,  0.696053
  0.411474,  0.663247
  0.411497,  0.630436
  0.411519,  0.597622
  0.411542,  0.564805
  0.411565,  0.531984
  0.411587,  0.499159
  0.411610,  0.466330
  0.411633,  0.433498
  0.411655,  0.400663
  0.411678,  0.367823
  0.411701,  0.334980
  0.411723,  0.302134
  0.411746,  0.269284
  0.411769,  0.236430
  0.411791,  0.203572
  0.411814,  0.170711
  0.411837,  0.137847
  0.411859,  0.104979
  0.411882,  0.072107
  0.411905,  0.039231
  0.411927,  0.006352
  0.411950, -0.026531
  0.411973, -0.059417
  0.411995, -0.092307
  0.412018, -0.125201
  0.412041, -0.158098
  0.412063, -0.190999
  0.412086, -0.223903
  0.412109, -0.256811
  0.412132, -0.289723
  0.412154, -0.322638
  0.412177, -0.355557
  0.412200, -0.388480
  0.412222, -0.421406
  0.412245, -0.454336
  0.412268, -0.487269
  0.412290, -0.520206
  0.412313, -0.553147
  0.412336, -0.586091
  0.412358, -0.619039
  0.412381, -0.651990
  0.412404, -0.684946
  0.412426, -0.717904
  0.412449, -0.750867
  0.412472, -0.783833
  0.412494, -0.816802
  0.412517, -0.800383
  0.412540, -0.767497
  0.412562, -0.734607
  0.412585, -0.701714
  0.412608, -0.668817
  0.412630, -0.635916
  0.412653, -0.603012
  0.412676, -0.570104
  0.412698, -0.537193
  0.412721, -0.504277
  0.412744, -0.471359
  0.412766, -0.438436
  0.412789, -0.405510
  0.412812, -0.372581
  0.412834, -0.339648
  0.412857, -0.306711
  0.412880, -0.273770
  0.412902, -0.240826
  0.412925, -0.207879
  0.412948, -0.174927
  0.412971, -0.141972
  0.412993, -0.109014
  0.413016, -0.076052
  0.413039, -0.043086
  0.413061, -0.010116
  0.413084,  0.022857
  0.413107,  0.055833
  0.413129,  0.088814
  0.413152,  0.121798
  0.413175,  0.154785
  0.413197,  0.187776
  0.413220,  0.220771
  0.413243,  0.253769
  0.413265,  0.286771
  0.413288,  0.319777
  0.413311,  0.352786
  0.413333,  0.385799
  0.413356,  0.418815
  0.413379,  0.451836
  0.413401,  0.484859
  0.413424,  0.517887
  0.413447,  0.550917
  0.413469,  0.583952
  0.413492,  0.616990
  0.413515,  0.650032
  0.413537,  0.683077
  0.413560,  0.716127
  0.413583,  0.749179
  0.413605,  0.782235
  0.413628,  0.815295
  0.413651,  0.806335
  0.413673,  0.773359
  0.413696,  0.740378
  0.413719,  0.707395
  0.413741,  0.674407
  0.413764,  0.641417
  0.413787,  0.608422
  0.413810,  0.575424
  0.413832,  0.542422
  0.413855,  0.509417
  0.413878,  0.476408
  0.413900,  0.443395
  0.413923,  0.410379
  0.413946,  0.377359
  0.413968,  0.344335
  0.413991,  0.311308
  0.414014,  0.278277
  0.414036,  0.245243
  0.414059,  0.212205
  0.414082,  0.179163
  0.414104,  0.146118
  0.414127,  0.113069
  0.414150,  0.080017
  0.414172,  0.046961
  0.414195,  0.013901
  0.414218, -0.019162
  0.414240, -0.052229
  0.414263, -0.085300
  0.414286, -0.118374
  0.414308, -0.151452
  0.414331, -0.184533
  0.414354, -0.217618
  0.414376, -0.250707
  0.414399, -0.283799
  0.414422, -0.316895
  0.414444, -0.349994
  0.414467, -0.383098
  0.414490, -0.416204
  0.414512, -0.449315
  0.414535, -0.482429
  0.414558, -0.515546
  0.414580, -0.548668
  0.414603, -0.581792
  0.414626, -0.614921
  0.414649, -0.648053
  0.414671, -0.681189
  0.414694, -0.714328
  0.414717, -0.747471
  0.414739, -0.780618
  0.414762, -0.813768
  0.414785, -0.812307
  0.414807, -0.779241
  0.414830, -0.746170
  0.414853, -0.713096
  0.414875, -0.680019
  0.414898, -0.646937
  0.414921, -0.613853
  0.414943, -0.580764
  0.414966, -0.547672
  0.414989, -0.514576
  0.415011, -0.481477
  0.415034, -0.448374
  0.415057, -0.415268
  0.415079, -0.382157
  0.415102, -0.349044
  0.415125, -0.315926
  0.415147, -0.282805
  0.415170, -0.249681
  0.415193, -0.216552
  0.415215, -0.183420
  0.415238, -0.150285
  0.415261, -0.117146
  0.415283, -0.084003
  0.415306, -0.050857
  0.415329, -0.017707
  0.415351,  0.015447
  0.415374,  0.048604
  0.415397,  0.081765
  0.415420,  0.114930
  0.415442,  0.148098
  0.415465,  0.181269
  0.415488,  0.214445
  0.415510,  0.247624
  0.415533,  0.280806
  0.415556,  0.313992
  0.415578,  0.347182
  0.415601,  0.380376
  0.415624,  0.413573
  0.415646,  0.446773
  0.415669,  0.479978
  0.415692,  0.513186
  0.415714,  0.546397
  0.415737,  0.579612
  0.415760,  0.612831
  0.415782,  0.646053
  0.415805,  0.679279
  0.415828,  0.712509
  0.415850,  0.745742
  0.415873,  0.778979
  0.415896,  0.812220
  0.415918,  0.818300
  0.415941,  0.785143
  0.415964,  0.751983
  0.415986,  0.718818
  0.416009,  0.685651
  0.416032,  0.652479
  0.416054,  0.619304
  0.416077,  0.586125
  0.416100,  0.552943
  0.416122,  0.519757
  0.416145,  0.486567
  0.416168,  0.453374
  0.416190,  0.420177
  0.416213,  0.386977
  0.416236,  0.353773
  0.416259,  0.320565
  0.416281,  0.287353
  0.416304,  0.254139
  0.416327,  0.220920
  0.416349,  0.187698
  0.416372,  0.154472
  0.416395,  0.121243
  0.416417,  0.088010
  0.416440,  0.054773
  0.416463,  0.021533
  0.416485, -0.011711
  0.416508, -0.044959
  0.416531, -0.078210
  0.416553, -0.111465
  0.416576, -0.144723
  0.416599, -0.177985
  0.416621, -0.211251
  0.416644, -0.244520
  0.416667, -0.277793
  0.416689, -0.311069
  0.416712, -0.344349
  0.416735, -0.377633
  0.416757, -0.410921
  0.416780, -0.444212
  0.416803, -0.477506
  0.416825, -0.510804
  0.416848, -0.544106
  0.416871, -0.577412
  0.416893, -0.610721
  0.416916, -0.644033
  0.416939, -0.677350
  0.416961, -0.710670
  0.416984, -0.743993
  0.417007, -0.777320
  0.417029, -0.810651
  0.417052, -0.824314
  0.417075, -0.791067
  0.417098, -0.757816
  0.417120, -0.724561
  0.417143, -0.691303
  0.417166, -0.658041
  0.417188, -0.624776
  0.417211, -0.591507
  0.417234, -0.558234
  0.417256, -0.524958
  0.417279, -0.491678
  0.417302, -0.458394
  0.417324, -0.425107
  0.417347, -0.391816
  0.417370, -0.358522
  0.417392, -0.325224
  0.417415, -0.291922
  0.417438, -0.258617
  0.417460, -0.225308
  0.417483, -0.191996
  0.417506, -0.158680
  0.417528, -0.125360
  0.417551, -0.092037
  0.417574, -0.058710
  0.417596, -0.025379
  0.417619,  0.007955
  0.417642,  0.041293
  0.417664,  0.074634
  0.417687,  0.107979
  0.417710,  0.141328
  0.417732,  0.174680
  0.417755,  0.208036
  0.417778,  0.241396
  0.417800,  0.274759
  0.417823,  0.308126
  0.417846,  0.341496
  0.417868,  0.374870
  0.417891,  0.408248
  0.417914,  0.441629
  0.417937,  0.475014
  0.417959,  0.508402
  0.417982,  0.541795
  0.418005,  0.575190
  0.418027,  0.608590
  0.418050,  0.641993
  0.418073,  0.675399
  0.418095,  0.708809
  0.418118,  0.742223
  0.418141,  0.775641
  0.418163,  0.809062
  0.418186,  0.830348
  0.418209,  0.797010
  0.418231,  0.763669
  0.418254,  0.730324
  0.418277,  0.696976
  0.418299,  0.663624
  0.418322,  0.630268
  0.418345,  0.596909
  0.418367,  0.563546
  0.418390,  0.530179
  0.418413,  0.496809
  0.418435,  0.463435
  0.418458,  0.430058
  0.418481,  0.396677
  0.418503,  0.363292
  0.418526,  0.329904
  0.418549,  0.296512
  0.418571,  0.263116
  0.418594,  0.229717
  0.418617,  0.196314
  0.418639,  0.162908
  0.418662,  0.129498
  0.418685,  0.096084
  0.418707,  0.062667
  0.418730,  0.029246
  0.418753, -0.004178
  0.418776, -0.037606
  0.418798, -0.071038
  0.418821, -0.104473
  0.418844, -0.137912
  0.418866, -0.171355
  0.418889, -0.204801
  0.418912, -0.238251
  0.418934, -0.271704
  0.418957, -0.305162
  0.418980, -0.338622
  0.419002, -0.372087
  0.419025, -0.405554
  0.419048, -0.439026
  0.419070, -0.472501
  0.419093, -0.505980
  0.419116, -0.539462
  0.419138, -0.572948
  0.419161, -0.606438
  0.419184, -0.639931
  0.419206, -0.673428
  0.419229, -0.706929
  0.419252, -0.740433
  0.419274, -0.773941
  0.419297, -0.807452
  0.419320, -0.836403
  0.419342, -0.802975
  0.419365, -0.769543
  0.419388, -0.736108
  0.419410, -0.702669
  0.419433, -0.669227
  0.419456, -0.635781
  0.419478, -0.602331
  0.419501, -0.568878
  0.419524, -0.535421
  0.419546, -0.501961
  0.419569, -0.468497
  0.419592, -0.435029
  0.419615, -0.401558
  0.419637, -0.368083
  0.419660, -0.334604
  0.419683, -0.301122
  0.419705, -0.267636
  0.419728, -0.234147
  0.419751, -0.200654
  0.419773, -0.167157
  0.419796, -0.133657
  0.419819, -0.100153
  0.419841, -0.066645
  0.419864, -0.033134
  0.419887,  0.000381
  0.419909,  0.033899
  0.419932,  0.067421
  0.419955,  0.100947
  0.419977,  0.134476
  0.420000,  0.168009
  0.420023,  0.201546
  0.420045,  0.235086
  0.420068,  0.268629
  0.420091,  0.302177
  0.420113,  0.335728
  0.420136,  0.369282
  0.420159,  0.402841
  0.420181,  0.436402
  0.420204,  0.469968
  0.420227,  0.503537
  0.420249,  0.537110
  0.420272,  0.570686
  0.420295,  0.604266
  0.420317,  0.637849
  0.420340,  0.671437
  0.420363,  0.705027
  0.420385,  0.738622
  0.420408,  0.772220
  0.420431,  0.805822
  0.420454,  0.839427
  0.420476,  0.808960
  0.420499,  0.775438
  0.420522,  0.741912
  0.420544,  0.708383
  0.420567,  0.674851
  0.420590,  0.641314
  0.420612,  0.607775
  0.420635,  0.574231
  0.420658,  0.540684
  0.420680,  0.507133
  0.420703,  0.473579
  0.420726,  0.440021
  0.420748,  0.406459
  0.420771,  0.372894
  0.420794,  0.339325
  0.420816,  0.305752
  0.420839,  0.272176
  0.420862,  0.238597
  0.420884,  0.205013
  0.420907,  0.171426
  0.420930,  0.137836
  0.420952,  0.104241
  0.420975,  0.070644
  0.420998,  0.037042
  0.421020,  0.003437
  0.421043, -0.030172
  0.421066, -0.063784
  0.421088, -0.097400
  0.421111, -0.131019
  0.421134, -0.164643
  0.421156, -0.198269
  0.421179, -0.231900
  0.421202, -0.265534
  0.421224, -0.299171
  0.421247, -0.332813
  0.421270, -0.366458
  0.421293, -0.400106
  0.421315, -0.433758
  0.421338, -0.467414
  0.421361, -0.501073
  0.421383, -0.534736
  0.421406, -0.568403
  0.421429, -0.602073
  0.421451, -0.635747
  0.421474, -0.669425
  0.421497, -0.703106
  0.421519, -0.736790
  0.421542, -0.770479
  0.421565, -0.804171
  0.421587, -0.837866
  0.421610, -0.814965
  0.421633, -0.781353
  0.421655, -0.747737
  0.421678, -0.714118
  0.421701, -0.680495
  0.421723, -0.646869
  0.421746, -0.613238
  0.421769, -0.579604
  0.421791, -0.545967
  0.421814, -0.512326
  0.421837, -0.478681
  0.421859, -0.445033
  0.421882, -0.411381
  0.421905, -0.377726
  0.421927, -0.344066
  0.421950, -0.310404
  0.421973, -0.276737
  0.421995, -0.243067
  0.422018, -0.209393
  0.422041, -0.175716
  0.422063, -0.142035
  0.422086, -0.108351
  0.422109, -0.074663
  0.422132, -0.040971
  0.422154, -0.007276
  0.422177,  0.026423
  0.422200,  0.060126
  0.422222,  0.093832
  0.422245,  0.127542
  0.422268,  0.161256
  0.422290,  0.194973
  0.422313,  0.228693
  0.422336,  0.262418
  0.422358,  0.296146
  0.422381,  0.329877
  0.422404,  0.363612
  0.422426,  0.397351
  0.422449,  0.431094
  0.422472,  0.464840
  0.422494,  0.498589
  0.422517,  0.532343
  0.422540,  0.566099
  0.422562,  0.599860
  0.422585,  0.633624
  0.422608,  0.667392
  0.422630,  0.701163
  0.422653,  0.734938
  0.422676,  0.768717
  0.422698,  0.802499
  0.422721,  0.836285
  0.422744,  0.820991
  0.422766,  0.787289
  0.422789,  0.753583
  0.422812,  0.719873
  0.422834,  0.686160
  0.422857,  0.652443
  0.422880,  0.618723
  0.422902,  0.584999
  0.422925,  0.551271
  0.422948,  0.517539
  0.422971,  0.483804
  0.422993,  0.450066
  0.423016,  0.416324
  0.423039,  0.382578
  0.423061,  0.348828
  0.423084,  0.315075
  0.423107,  0.281319
  0.423129,  0.247558
  0.423152,  0.213794
  0.423175,  0.180027
  0.423197,  0.146256
  0.423220,  0.112481
  0.423243,  0.078702
  0.423265,  0.044920
  0.423288,  0.011135
  0.423311, -0.022655
  0.423333, -0.056447
  0.423356, -0.090244
  0.423379, -0.124044
  0.423401, -0.157848
  0.423424, -0.191655
  0.423447, -0.225466
  0.423469, -0.259281
  0.423492, -0.293099
  0.423515, -0.326921
  0.423537, -0.360746
  0.423560, -0.394576
  0.423583, -0.428408
  0.423605, -0.462245
  0.423628, -0.496085
  0.423651, -0.529928
  0.423673, -0.563775
  0.423696, -0.597626
  0.423719, -0.631481
  0.423741, -0.665339
  0.423764, -0.699200
  0.423787, -0.733066
  0.423810, -0.766934
  0.423832, -0.800807
  0.423855, -0.834683
  0.423878, -0.827038
  0.423900, -0.793245
  0.423923, -0.759449
  0.423946, -0.725649
  0.423968, -0.691846
  0.423991, -0.658038
  0.424014, -0.624228
  0.424036, -0.590413
  0.424059, -0.556595
  0.424082, -0.522773
  0.424104, -0.488948
  0.424127, -0.455119
  0.424150, -0.421287
  0.424172, -0.387451
  0.424195, -0.353611
  0.424218, -0.319768
  0.424240, -0.285921
  0.424263, -0.252070
  0.424286, -0.218216
  0.424308, -0.184358
  0.424331, -0.150496
  0.424354, -0.116631
  0.424376, -0.082763
  0.424399, -0.048890
  0.424422, -0.015014
  0.424444,  0.018865
  0.424467,  0.052748
  0.424490,  0.086635
  0.424512,  0.120526
  0.424535,  0.154420
  0.424558,  0.188317
  0.424580,  0.222219
  0.424603,  0.256124
  0.424626,  0.290032
  0.424649,  0.323944
  0.424671,  0.357860
  0.424694,  0.391779
  0.424717,  0.425702
  0.424739,  0.459629
  0.424762,  0.493559
  0.424785,  0.527493
  0.424807,  0.561431
  0.424830,  0.595372
  0.424853,  0.629316
  0.424875,  0.663265
  0.424898,  0.697217
  0.424921,  0.731172
  0.424943,  0.765132
  0.424966,  0.799094
  0.424989,  0.833061
  0.425011,  0.833105
  0.425034,  0.799222
  0.425057,  0.765336
  0.425079,  0.731445
  0.425102,  0.697552
  0.425125,  0.663654
  0.425147,  0.629753
  0.425170,  0.595848
  0.425193,  0.561940
  0.425215,  0.528028
  0.425238,  0.494113
  0.425261,  0.460193
  0.425283,  0.426271
  0.425306,  0.392344
  0.425329,  0.358414
  0.425351,  0.324480
  0.425374,  0.290543
  0.425397,  0.256602
  0.425420,  0.222658
  0.425442,  0.188710
  0.425465,  0.154758
  0.425488,  0.120802
  0.425510,  0.086843
  0.425533,  0.052881
  0.425556,  0.018915
  0.425578, -0.015055
  0.425601, -0.049029
  0.425624, -0.083006
  0.425646, -0.116987
  0.425669, -0.150971
  0.425692, -0.184959
  0.425714, -0.218950
  0.425737, -0.252946
  0.425760, -0.286944
  0.425782, -0.320947
  0.425805, -0.354953
  0.425828, -0.388963
  0.425850, -0.422976
  0.425873, -0.456993
  0.425896, -0.491013
  0.425918, -0.525038
  0.425941, -0.559065
  0.425964, -0.593097
  0.425986, -0.627132
  0.426009, -0.661170
  0.426032, -0.695213
  0.426054, -0.729258
  0.426077, -0.763308
  0.426100, -0.797361
  0.426122, -0.831418
  0.426145, -0.839193
  0.426168, -0.805220
  0.426190, -0.771243
  0.426213, -0.737262
  0.426236, -0.703278
  0.426259, -0.669290
  0.426281, -0.635299
  0.426304, -0.601304
  0.426327, -0.567305
  0.426349, -0.533303
  0.426372, -0.499297
  0.426395, -0.465288
  0.426417, -0.431275
  0.426440, -0.397258
  0.426463, -0.363238
  0.426485, -0.329214
  0.426508, -0.295186
  0.426531, -0.261155
  0.426553, -0.227120
  0.426576, -0.193082
  0.426599, -0.159040
  0.426621, -0.124994
  0.426644, -0.090945
  0.426667, -0.056892
  0.426689, -0.022835
  0.426712,  0.011225
  0.426735,  0.045289
  0.426757,  0.079356
  0.426780,  0.113427
  0.426803,  0.147502
  0.426825,  0.181580
  0.426848,  0.215662
  0.426871,  0.249747
  0.426893,  0.283836
  0.426916,  0.317929
  0.426939,  0.352025
  0.426961,  0.386125
  0.426984,  0.420229
  0.427007,  0.454336
  0.427029,  0.488447
  0.427052,  0.522561
  0.427075,  0.556679
  0.427098,  0.590801
  0.427120,  0.624926
  0.427143,  0.659055
  0.427166,  0.693188
  0.427188,  0.727324
  0.427211,  0.761464
  0.427234,  0.795607
  0.427256,  0.829754
  0.427279,  0.845301
  0.427302,  0.811238
  0.427324,  0.777171
  0.427347,  0.743100
  0.427370,  0.709025
  0.427392,  0.674947
  0.427415,  0.640866
  0.427438,  0.606780
  0.427460,  0.572692
  0.427483,  0.538599
  0.427506,  0.504503
  0.427528,  0.470403
  0.427551,  0.436300
  0.427574,  0.402193
  0.427596,  0.368082
  0.427619,  0.333968
  0.427642,  0.299850
  0.427664,  0.265728
  0.427687,  0.231603
  0.427710,  0.197475
  0.427732,  0.163342
  0.427755,  0.129206
  0.427778,  0.095067
  0.427800,  0.060924
  0.427823,  0.026777
  0.427846, -0.007374
  0.427868, -0.041528
  0.427891, -0.075685
  0.427914, -0.109847
  0.427937, -0.144012
  0.427959, -0.178180
  0.427982, -0.212352
  0.428005, -0.246528
  0.428027, -0.280708
  0.428050, -0.314891
  0.428073, -0.349077
  0.428095, -0.383267
  0.428118, -0.417461
  0.428141, -0.451659
  0.428163, -0.485860
  0.428186, -0.520065
  0.428209, -0.554273
  0.428231, -0.588485
  0.428254, -0.622701
  0.428277, -0.656920
  0.428299, -0.691143
  0.428322, -0.725369
  0.428345, -0.759599
  0.428367, -0.793833
  0.428390, -0.828070
  0.428413, -0.851430
  0.428435, -0.817276
  0.428458, -0.783119
  0.428481, -0.748958
  0.428503, -0.714793
  0.428526, -0.680625
  0.428549, -0.646453
  0.428571, -0.612277
  0.428594, -0.578098
  0.428617, -0.543915
  0.428639, -0.509729
  0.428662, -0.475539
  0.428685, -0.441345
  0.428707, -0.407148
  0.428730, -0.372947
  0.428753, -0.338742
  0.428776, -0.304534
  0.428798, -0.270322
  0.428821, -0.236107
  0.428844, -0.201888
  0.428866, -0.167665
  0.428889, -0.133439
  0.428912, -0.099209
  0.428934, -0.064976
  0.428957, -0.030739
  0.428980,  0.003502
  0.429002,  0.037746
  0.429025,  0.071994
  0.429048,  0.106246
  0.429070,  0.140501
  0.429093,  0.174760
  0.429116,  0.209022
  0.429138,  0.243289
  0.429161,  0.277558
  0.429184,  0.311832
  0.429206,  0.346108
  0.429229,  0.380389
  0.429252,  0.414673
  0.429274,  0.448961
  0.429297,  0.483252
  0.429320,  0.517547
  0.429342,  0.551846
  0.429365,  0.586148
  0.429388,  0.620454
  0.429410,  0.654764
  0.429433,  0.689077
  0.429456,  0.723394
  0.429478,  0.757714
  0.429501,  0.792038
  0.429524,  0.826366
  0.429546,  0.857580
  0.429569,  0.823336
  0.429592,  0.789088
  0.429615,  0.754836
  0.429637,  0.720581
  0.429660,  0.686323
  0.429683,  0.652061
  0.429705,  0.617795
  0.429728,  0.583525
  0.429751,  0.549252
  0.429773,  0.514975
  0.429796,  0.480695
  0.429819,  0.446411
  0.429841,  0.412124
  0.429864,  0.377832
  0.429887,  0.343537
  0.429909,  0.309239
  0.429932,  0.274937
  0.429955,  0.240631
  0.429977,  0.206322
  0.430000,  0.172009
  0.430023,  0.137693
  0.430045,  0.103372
  0.430068,  0.069049
  0.430091,  0.034721
  0.430113,  0.000390
  0.430136, -0.033944
  0.430159, -0.068283
  0.430181, -0.102625
  0.430204, -0.136970
  0.430227, -0.171319
  0.430249, -0.205672
  0.430272, -0.240028
  0.430295, -0.274388
  0.430317, -0.308752
  0.430340, -0.343119
  0.430363, -0.377490
  0.430385, -0.411865
  0.430408, -0.446243
  0.430431, -0.480624
  0.430454, -0.515010
  0.430476, -0.549399
  0.430499, -0.583791
  0.430522, -0.618187
  0.430544, -0.652587
  0.430567, -0.686991
  0.430590, -0.721398
  0.430612, -0.755808
  0.430635, -0.790223
  0.430658, -0.824640
  0.430680, -0.859062
  0.430703, -0.829415
  0.430726, -0.795077
  0.430748, -0.760736
  0.430771, -0.726390
  0.430794, -0.692041
  0.430816, -0.657689
  0.430839, -0.623333
  0.430862, -0.588973
  0.430884, -0.554610
  0.430907, -0.520243
  0.430930, -0.485872
  0.430952, -0.451498
  0.430975, -0.417120
  0.430998, -0.382738
  0.431020, -0.348353
  0.431043, -0.313964
  0.431066, -0.279572
  0.431088, -0.245176
  0.431111, -0.210777
  0.431134, -0.176373
  0.431156, -0.141966
  0.431179, -0.107556
  0.431202, -0.073142
  0.431224, -0.038724
  0.431247, -0.004303
  0.431270,  0.030122
  0.431293,  0.064551
  0.431315,  0.098983
  0.431338,  0.133419
  0.431361,  0.167858
  0.431383,  0.202301
  0.431406,  0.236748
  0.431429,  0.271198
  0.431451,  0.305652
  0.431474,  0.340109
  0.431497,  0.374570
  0.431519,  0.409035
  0.431542,  0.443504
  0.431565,  0.477976
  0.431587,  0.512451
  0.431610,  0.546930
  0.431633,  0.581413
  0.431655,  0.615900
  0.431678,  0.650390
  0.431701,  0.684884
  0.431723,  0.719381
  0.431746,  0.753882
  0.431769,  0.788386
  0.431791,  0.822895
  0.431814,  0.857406
  0.431837,  0.835516
  0.431859,  0.801087
  0.431882,  0.766655
  0.431905,  0.732220
  0.431927,  0.697781
  0.431950,  0.663338
  0.431973,  0.628891
  0.431995,  0.594441
  0.432018,  0.559988
  0.432041,  0.525530
  0.432063,  0.491069
  0.432086,  0.456605
  0.432109,  0.422137
  0.432132,  0.387665
  0.432154,  0.353189
  0.432177,  0.318710
  0.432200,  0.284228
  0.432222,  0.249741
  0.432245,  0.215252
  0.432268,  0.180758
  0.432290,  0.146261
  0.432313,  0.111760
  0.432336,  0.077256
  0.432358,  0.042748
  0.432381,  0.008236
  0.432404, -0.026279
  0.432426, -0.060798
  0.432449, -0.095320
  0.432472, -0.129846
  0.432494, -0.164376
  0.432517, -0.198909
  0.432540, -0.233446
  0.432562, -0.267987
  0.432585, -0.302531
  0.432608, -0.337079
  0.432630, -0.371630
  0.432653, -0.406185
  0.432676, -0.440744
  0.432698, -0.475306
  0.432721, -0.509872
  0.432744, -0.544442
  0.432766, -0.579015
  0.432789, -0.613592
  0.432812, -0.648172
  0.432834, -0.682756
  0.432857, -0.717344
  0.432880, -0.751935
  0.432902, -0.786530
  0.432925, -0.821128
  0.432948, -0.855730
  0.432971, -0.841637
  0.432993, -0.807118
  0.433016, -0.772596
  0.433039, -0.738070
  0.433061, -0.703540
  0.433084, -0.669007
  0.433107, -0.634471
  0.433129, -0.599930
  0.433152, -0.565386
  0.433175, -0.530839
  0.433197, -0.496287
  0.433220, -0.461733
  0.433243, -0.427174
  0.433265, -0.392612
  0.433288, -0.358046
  0.433311, -0.323477
  0.433333, -0.288904
  0.433356, -0.254327
  0.433379, -0.219747
  0.433401, -0.185163
  0.433424, -0.150576
  0.433447, -0.115985
  0.433469, -0.081390
  0.433492, -0.046792
  0.433515, -0.012190
  0.433537,  0.022415
  0.433560,  0.057024
  0.433583,  0.091637
  0.433605,  0.126254
  0.433628,  0.160874
  0.433651,  0.195497
  0.433673,  0.230124
  0.433696,  0.264755
  0.433719,  0.299390
  0.433741,  0.334028
  0.433764,  0.368670
  0.433787,  0.403315
  0.433810,  0.437964
  0.433832,  0.472617
  0.433855,  0.507273
  0.433878,  0.541933
  0.433900,  0.576596
  0.433923,  0.611263
  0.433946,  0.645934
  0.433968,  0.680608
  0.433991,  0.715286
  0.434014,  0.749967
  0.434036,  0.784653
  0.434059,  0.819341
  0.434082,  0.854034
  0.434104,  0.847778
  0.434127,  0.813169
  0.434150,  0.778557
  0.434172,  0.743940
  0.434195,  0.709321
  0.434218,  0.674697
  0.434240,  0.640070
  0.434263,  0.605440
  0.434286,  0.570805
  0.434308,  0.536167
  0.434331,  0.501526
  0.434354,  0.466881
  0.434376,  0.432232
  0.434399,  0.397580
  0.434422,  0.362924
  0.434444,  0.328264
  0.434467,  0.293601
  0.434490,  0.258934
  0.434512,  0.224263
  0.434535,  0.189589
  0.434558,  0.154912
  0.434580,  0.120230
  0.434603,  0.085545
  0.434626,  0.050857
  0.434649,  0.016165
  0.434671, -0.018531
  0.434694, -0.053231
  0.434717, -0.087934
  0.434739, -0.122640
  0.434762, -0.157351
  0.434785, -0.192065
  0.434807, -0.226782
  0.434830, -0.261503
  0.434853, -0.296228
  0.434875, -0.330956
  0.434898, -0.365688
  0.434921, -0.400424
  0.434943, -0.435163
  0.434966, -0.469906
  0.434989, -0.504653
  0.435011, -0.539403
  0.435034, -0.574156
  0.435057, -0.608914
  0.435079, -0.643675
  0.435102, -0.678439
  0.435125, -0.713208
  0.435147, -0.747979
  0.435170, -0.782755
  0.435193, -0.817534
  0.435215, -0.852317
  0.435238, -0.853940
  0.435261, -0.819241
  0.435283, -0.784538
  0.435306, -0.749832
  0.435329, -0.715122
  0.435351, -0.680408
  0.435374, -0.645691
  0.435397, -0.610970
  0.435420, -0.576245
  0.435442, -0.541517
  0.435465, -0.506785
  0.435488, -0.472050
  0.435510, -0.437311
  0.435533, -0.402568
  0.435556, -0.367822
  0.435578, -0.333072
  0.435601, -0.298318
  0.435624, -0.263561
  0.435646, -0.228800
  0.435669, -0.194036
  0.435692, -0.159268
  0.435714, -0.124496
  0.435737, -0.089721
  0.435760, -0.054942
  0.435782, -0.020160
  0.435805,  0.014626
  0.435828,  0.049416
  0.435850,  0.084209
  0.435873,  0.119006
  0.435896,  0.153807
  0.435918,  0.188611
  0.435941,  0.223419
  0.435964,  0.258230
  0.435986,  0.293046
  0.436009,  0.327864
  0.436032,  0.362687
  0.436054,  0.397512
  0.436077,  0.432342
  0.436100,  0.467175
  0.436122,  0.502012
  0.436145,  0.536852
  0.436168,  0.571696
  0.436190,  0.606544
  0.436213,  0.641395
  0.436236,  0.676250
  0.436259,  0.711109
  0.436281,  0.745971
  0.436304,  0.780837
  0.436327,  0.815706
  0.436349,  0.850579
  0.436372,  0.860123
  0.436395,  0.825333
  0.436417,  0.790540
  0.436440,  0.755743
  0.436463,  0.720943
  0.436485,  0.686139
  0.436508,  0.651331
  0.436531,  0.616520
  0.436553,  0.581705
  0.436576,  0.546887
  0.436599,  0.512065
  0.436621,  0.477239
  0.436644,  0.442410
  0.436667,  0.407577
  0.436689,  0.372740
  0.436712,  0.337900
  0.436735,  0.303056
  0.436757,  0.268209
  0.436780,  0.233358
  0.436803,  0.198503
  0.436825,  0.163645
  0.436848,  0.128783
  0.436871,  0.093917
  0.436893,  0.059048
  0.436916,  0.024175
  0.436939, -0.010701
  0.436961, -0.045581
  0.436984, -0.080465
  0.437007, -0.115352
  0.437029, -0.150243
  0.437052, -0.185137
  0.437075, -0.220035
  0.437098, -0.254937
  0.437120, -0.289843
  0.437143, -0.324752
  0.437166, -0.359664
  0.437188, -0.394580
  0.437211, -0.429500
  0.437234, -0.464424
  0.437256, -0.499351
  0.437279, -0.534281
  0.437302, -0.569216
  0.437324, -0.604154
  0.437347, -0.639095
  0.437370, -0.674040
  0.437392, -0.708989
  0.437415, -0.743942
  0.437438, -0.778898
  0.437460, -0.813857
  0.437483, -0.848821
  0.437506, -0.866326
  0.437528, -0.831446
  0.437551, -0.796563
  0.437574, -0.761676
  0.437596, -0.726785
  0.437619, -0.691891
  0.437642, -0.656993
  0.437664, -0.622091
  0.437687, -0.587186
  0.437710, -0.552277
  0.437732, -0.517365
  0.437755, -0.482449
  0.437778, -0.447529
  0.437800, -0.412606
  0.437823, -0.377679
  0.437846, -0.342749
  0.437868, -0.307815
  0.437891, -0.272877
  0.437914, -0.237936
  0.437937, -0.202991
  0.437959, -0.168042
  0.437982, -0.133090
  0.438005, -0.098134
  0.438027, -0.063175
  0.438050, -0.028211
  0.438073,  0.006755
  0.438095,  0.041726
  0.438118,  0.076699
  0.438141,  0.111677
  0.438163,  0.146658
  0.438186,  0.181643
  0.438209,  0.216631
  0.438231,  0.251623
  0.438254,  0.286619
  0.438277,  0.321618
  0.438299,  0.356621
  0.438322,  0.391628
  0.438345,  0.426638
  0.438367,  0.461652
  0.438390,  0.496669
  0.438413,  0.531690
  0.438435,  0.566714
  0.438458,  0.601743
  0.438481,  0.636775
  0.438503,  0.671810
  0.438526,  0.706849
  0.438549,  0.741892
  0.438571,  0.776938
  0.438594,  0.811988
  0.438617,  0.847042
  0.438639,  0.872550
  0.438662,  0.837580
  0.438685,  0.802606
  0.438707,  0.767629
  0.438730,  0.732648
  0.438753,  0.697663
  0.438776,  0.662675
  0.438798,  0.627683
  0.438821,  0.592688
  0.438844,  0.557688
  0.438866,  0.522686
  0.438889,  0.487680
  0.438912,  0.452670
  0.438934,  0.417656
  0.438957,  0.382639
  0.438980,  0.347618
  0.439002,  0.312594
  0.439025,  0.277566
  0.439048,  0.242534
  0.439070,  0.207499
  0.439093,  0.172460
  0.439116,  0.137417
  0.439138,  0.102371
  0.439161,  0.067322
  0.439184,  0.032268
  0.439206, -0.002789
  0.439229, -0.037849
  0.439252, -0.072914
  0.439274, -0.107981
  0.439297, -0.143053
  0.439320, -0.178128
  0.439342, -0.213207
  0.439365, -0.248289
  0.439388, -0.283375
  0.439410, -0.318464
  0.439433, -0.353558
  0.439456, -0.388654
  0.439478, -0.423755
  0.439501, -0.458859
  0.439524, -0.493967
  0.439546, -0.529078
  0.439569, -0.564193
  0.439592, -0.599311
  0.439615, -0.634433
  0.439637, -0.669559
  0.439660, -0.704688
  0.439683, -0.739821
  0.439705, -0.774958
  0.439728, -0.810098
  0.439751, -0.845242
  0.439773, -0.878794
  0.439796, -0.843734
  0.439819, -0.808670
  0.439841, -0.773602
  0.439864, -0.738531
  0.439887, -0.703456
  0.439909, -0.668377
  0.439932, -0.633295
  0.439955, -0.598210
  0.439977, -0.563120
  0.440000, -0.528027
  0.440023, -0.492931
  0.440045, -0.457830
  0.440068, -0.422727
  0.440091, -0.387619
  0.440113, -0.352508
  0.440136, -0.317393
  0.440159, -0.282275
  0.440181, -0.247153
  0.440204, -0.212028
  0.440227, -0.176898
  0.440249, -0.141766
  0.440272, -0.106629
  0.440295, -0.071489
  0.440317, -0.036346
  0.440340, -0.001198
  0.440363,  0.033953
  0.440385,  0.069107
  0.440408,  0.104265
  0.440431,  0.139427
  0.440454,  0.174592
  0.440476,  0.209761
  0.440499,  0.244934
  0.440522,  0.280110
  0.440544,  0.315290
  0.440567,  0.350474
  0.440590,  0.385661
  0.440612,  0.420851
  0.440635,  0.456046
  0.440658,  0.491244
  0.440680,  0.526445
  0.440703,  0.561650
  0.440726,  0.596859
  0.440748,  0.632072
  0.440771,  0.667288
  0.440794,  0.702507
  0.440816,  0.737731
  0.440839,  0.772957
  0.440862,  0.808188
  0.440884,  0.843422
  0.440907,  0.878660
  0.440930,  0.849908
  0.440952,  0.814754
  0.440975,  0.779596
  0.440998,  0.744434
  0.441020,  0.709269
  0.441043,  0.674101
  0.441066,  0.638928
  0.441088,  0.603752
  0.441111,  0.568572
  0.441134,  0.533389
  0.441156,  0.498202
  0.441179,  0.463012
  0.441202,  0.427818
  0.441224,  0.392620
  0.441247,  0.357419
  0.441270,  0.322214
  0.441293,  0.287005
  0.441315,  0.251793
  0.441338,  0.216577
  0.441361,  0.181357
  0.441383,  0.146134
  0.441406,  0.110908
  0.441429,  0.075677
  0.441451,  0.040443
  0.441474,  0.005206
  0.441497, -0.030035
  0.441519, -0.065280
  0.441542, -0.100529
  0.441565, -0.135781
  0.441587, -0.171036
  0.441610, -0.206296
  0.441633, -0.241558
  0.441655, -0.276825
  0.441678, -0.312095
  0.441701, -0.347369
  0.441723, -0.382646
  0.441746, -0.417927
  0.441769, -0.453212
  0.441791, -0.488500
  0.441814, -0.523792
  0.441837, -0.559087
  0.441859, -0.594387
  0.441882, -0.629689
  0.441905, -0.664996
  0.441927, -0.700306
  0.441950, -0.735619
  0.441973, -0.770936
  0.441995, -0.806257
  0.442018, -0.841582
  0.442041, -0.876910
  0.442063, -0.856103
  0.442086, -0.820859
  0.442109, -0.785611
  0.442132, -0.750359
  0.442154, -0.715103
  0.442177, -0.679844
  0.442200, -0.644582
  0.442222, -0.609315
  0.442245, -0.574045
  0.442268, -0.538772
  0.442290, -0.503495
  0.442313, -0.468214
  0.442336, -0.432929
  0.442358, -0.397641
  0.442381, -0.362350
  0.442404, -0.327054
  0.442426, -0.291755
  0.442449, -0.256453
  0.442472, -0.221147
  0.442494, -0.185837
  0.442517, -0.150524
  0.442540, -0.115207
  0.442562, -0.079886
  0.442585, -0.044562
  0.442608, -0.009234
  0.442630,  0.026097
  0.442653,  0.061433
  0.442676,  0.096771
  0.442698,  0.132114
  0.442721,  0.167460
  0.442744,  0.202809
  0.442766,  0.238162
  0.442789,  0.273519
  0.442812,  0.308880
  0.442834,  0.344244
  0.442857,  0.379611
  0.442880,  0.414983
  0.442902,  0.450357
  0.442925,  0.485736
  0.442948,  0.521118
  0.442971,  0.556504
  0.442993,  0.591893
  0.443016,  0.627286
  0.443039,  0.662683
  0.443061,  0.698083
  0.443084,  0.733487
  0.443107,  0.768895
  0.443129,  0.804306
  0.443152,  0.839720
  0.443175,  0.875139
  0.443197,  0.862319
  0.443220,  0.826984
  0.443243,  0.791646
  0.443265,  0.756304
  0.443288,  0.720958
  0.443311,  0.685608
  0.443333,  0.650255
  0.443356,  0.614899
  0.443379,  0.579539
  0.443401,  0.544175
  0.443424,  0.508807
  0.443447,  0.473436
  0.443469,  0.438062
  0.443492,  0.402683
  0.443515,  0.367301
  0.443537,  0.331916
  0.443560,  0.296527
  0.443583,  0.261134
  0.443605,  0.225737
  0.443628,  0.190337
  0.443651,  0.154934
  0.443673,  0.119526
  0.443696,  0.084115
  0.443719,  0.048701
  0.443741,  0.013283
  0.443764, -0.022139
  0.443787, -0.057564
  0.443810, -0.092993
  0.443832, -0.128426
  0.443855, -0.163862
  0.443878, -0.199302
  0.443900, -0.234746
  0.443923, -0.270193
  0.443946, -0.305643
  0.443968, -0.341098
  0.443991, -0.376556
  0.444014, -0.412017
  0.444036, -0.447483
  0.444059, -0.482951
  0.444082, -0.518424
  0.444104, -0.553900
  0.444127, -0.589380
  0.444150, -0.624863
  0.444172, -0.660350
  0.444195, -0.695840
  0.444218, -0.731334
  0.444240, -0.766832
  0.444263, -0.802334
  0.444286, -0.837839
  0.444308, -0.873347
  0.444331, -0.868555
  0.444354, -0.833130
  0.444376, -0.797701
  0.444399, -0.762269
  0.444422, -0.726833
  0.444444, -0.691393
  0.444467, -0.655950
  0.444490, -0.620503
  0.444512, -0.585053
  0.444535, -0.549598
  0.444558, -0.514141
  0.444580, -0.478679
  0.444603, -0.443214
  0.444626, -0.407746
  0.444649, -0.372273
  0.444671, -0.336798
  0.444694, -0.301318
  0.444717, -0.265835
  0.444739, -0.230348
  0.444762, -0.194858
  0.444785, -0.159364
  0.444807, -0.123866
  0.444830, -0.088365
  0.444853, -0.052860
  0.444875, -0.017352
  0.444898,  0.018160
  0.444921,  0.053676
  0.444943,  0.089195
  0.444966,  0.124718
  0.444989,  0.160244
  0.445011,  0.195775
  0.445034,  0.231308
  0.445057,  0.266846
  0.445079,  0.302387
  0.445102,  0.337931
  0.445125,  0.373480
  0.445147,  0.409032
  0.445170,  0.444587
  0.445193,  0.480146
  0.445215,  0.515709
  0.445238,  0.551275
  0.445261,  0.586845
  0.445283,  0.622419
  0.445306,  0.657996
  0.445329,  0.693577
  0.445351,  0.729161
  0.445374,  0.764749
  0.445397,  0.800341
  0.445420,  0.835936
  0.445442,  0.871535
  0.445465,  0.874812
  0.445488,  0.839297
  0.445510,  0.803778
  0.445533,  0.768255
  0.445556,  0.732729
  0.445578,  0.697199
  0.445601,  0.661665
  0.445624,  0.626128
  0.445646,  0.590587
  0.445669,  0.555043
  0.445692,  0.519495
  0.445714,  0.483943
  0.445737,  0.448388
  0.445760,  0.412829
  0.445782,  0.377266
  0.445805,  0.341700
  0.445828,  0.306130
  0.445850,  0.270557
  0.445873,  0.234980
  0.445896,  0.199399
  0.445918,  0.163815
  0.445941,  0.128227
  0.445964,  0.092636
  0.445986,  0.057041
  0.446009,  0.021442
  0.446032, -0.014160
  0.446054, -0.049766
  0.446077, -0.085376
  0.446100, -0.120989
  0.446122, -0.156606
  0.446145, -0.192226
  0.446168, -0.227851
  0.446190, -0.263478
  0.446213, -0.299110
  0.446236, -0.334744
  0.446259, -0.370383
  0.446281, -0.406025
  0.446304, -0.441671
  0.446327, -0.477320
  0.446349, -0.512973
  0.446372, -0.548630
  0.446395, -0.584290
  0.446417, -0.619954
  0.446440, -0.655622
  0.446463, -0.691293
  0.446485, -0.726968
  0.446508, -0.762646
  0.446531, -0.798328
  0.446553, -0.834014
  0.446576, -0.869703
  0.446599, -0.881090
  0.446621, -0.845484
  0.446644, -0.809875
  0.446667, -0.774262
  0.446689, -0.738645
  0.446712, -0.703025
  0.446735, -0.667401
  0.446757, -0.631773
  0.446780, -0.596142
  0.446803, -0.560508
  0.446825, -0.524869
  0.446848, -0.489227
  0.446871, -0.453582
  0.446893, -0.417932
  0.446916, -0.382280
  0.446939, -0.346623
  0.446961, -0.310963
  0.446984, -0.275299
  0.447007, -0.239632
  0.447029, -0.203961
  0.447052, -0.168287
  0.447075, -0.132609
  0.447098, -0.096927
  0.447120, -0.061241
  0.447143, -0.025552
  0.447166,  0.010140
  0.447188,  0.045837
  0.447211,  0.081536
  0.447234,  0.117240
  0.447256,  0.152947
  0.447279,  0.188658
  0.447302,  0.224372
  0.447324,  0.260090
  0.447347,  0.295812
  0.447370,  0.331537
  0.447392,  0.367266
  0.447415,  0.402998
  0.447438,  0.438734
  0.447460,  0.474474
  0.447483,  0.510217
  0.447506,  0.545964
  0.447528,  0.581715
  0.447551,  0.617469
  0.447574,  0.653227
  0.447596,  0.688988
  0.447619,  0.724753
  0.447642,  0.760522
  0.447664,  0.796294
  0.447687,  0.832070
  0.447710,  0.867850
  0.447732,  0.887388
  0.447755,  0.851692
  0.447778,  0.815992
  0.447800,  0.780289
  0.447823,  0.744582
  0.447846,  0.708871
  0.447868,  0.673157
  0.447891,  0.637439
  0.447914,  0.601718
  0.447937,  0.565993
  0.447959,  0.530264
  0.447982,  0.494532
  0.448005,  0.458796
  0.448027,  0.423057
  0.448050,  0.387314
  0.448073,  0.351567
  0.448095,  0.315816
  0.448118,  0.280062
  0.448141,  0.244305
  0.448163,  0.208544
  0.448186,  0.172779
  0.448209,  0.137010
  0.448231,  0.101238
  0.448254,  0.065463
  0.448277,  0.029683
  0.448299, -0.006100
  0.448322, -0.041886
  0.448345, -0.077676
  0.448367, -0.113470
  0.448390, -0.149268
  0.448413, -0.185069
  0.448435, -0.220873
  0.448458, -0.256681
  0.448481, -0.292493
  0.448503, -0.328309
  0.448526, -0.364128
  0.448549, -0.399951
  0.448571, -0.435777
  0.448594, -0.471607
  0.448617, -0.507441
  0.448639, -0.543278
  0.448662, -0.579119
  0.448685, -0.614963
  0.448707, -0.650811
  0.448730, -0.686663
  0.448753, -0.722518
  0.448776, -0.758377
  0.448798, -0.794240
  0.448821, -0.830106
  0.448844, -0.865976
  0.448866, -0.893706
  0.448889, -0.857920
  0.448912, -0.822130
  0.448934, -0.786336
  0.448957, -0.750539
  0.448980, -0.714738
  0.449002, -0.678934
  0.449025, -0.643126
  0.449048, -0.607314
  0.449070, -0.571499
  0.449093, -0.535680
  0.449116, -0.499857
  0.449138, -0.464031
  0.449161, -0.428201
  0.449184, -0.392368
  0.449206, -0.356531
  0.449229, -0.320690
  0.449252, -0.284846
  0.449274, -0.248998
  0.449297, -0.213147
  0.449320, -0.177292
  0.449342, -0.141433
  0.449365, -0.105570
  0.449388, -0.069704
  0.449410, -0.033835
  0.449433,  0.002038
  0.449456,  0.037915
  0.449478,  0.073796
  0.449501,  0.109680
  0.449524,  0.145567
  0.449546,  0.181459
  0.449569,  0.217354
  0.449592,  0.253252
  0.449615,  0.289154
  0.449637,  0.325060
  0.449660,  0.360970
  0.449683,  0.396883
  0.449705,  0.432799
  0.449728,  0.468720
  0.449751,  0.504644
  0.449773,  0.540571
  0.449796,  0.576502
  0.449819,  0.612437
  0.449841,  0.648375
  0.449864,  0.684317
  0.449887,  0.720263
  0.449909,  0.756212
  0.449932,  0.792165
  0.449955,  0.828122
  0.449977,  0.864082
  0.450000,  0.900045
  0.450023,  0.864169
  0.450045,  0.828288
  0.450068,  0.792405
  0.450091,  0.756517
  0.450113,  0.720626
  0.450136,  0.684731
  0.450159,  0.648833
  0.450181,  0.612931
  0.450204,  0.577025
  0.450227,  0.541116
  0.450249,  0.505203
  0.450272,  0.469287
  0.450295,  0.433367
  0.450317,  0.397443
  0.450340,  0.361516
  0.450363,  0.325585
  0.450385,  0.289650
  0.450408,  0.253712
  0.450431,  0.217770
  0.450454,  0.181825
  0.450476,  0.145876
  0.450499,  0.109923
  0.450522,  0.073967
  0.450544,  0.038007
  0.450567,  0.002043
  0.450590, -0.033924
  0.450612, -0.069894
  0.450635, -0.105869
  0.450658, -0.141847
  0.450680, -0.177828
  0.450703, -0.213814
  0.450726, -0.249802
  0.450748, -0.285795
  0.450771, -0.321791
  0.450794, -0.357791
  0.450816, -0.393794
  0.450839, -0.429801
  0.450862, -0.465812
  0.450884, -0.501826
  0.450907, -0.537844
  0.450930, -0.573865
  0.450952, -0.609890
  0.450975, -0.645919
  0.450998, -0.681951
  0.451020, -0.717987
  0.451043, -0.754026
  0.451066, -0.790070
  0.451088, -0.826116
  0.451111, -0.862167
  0.451134, -0.898221
  0.451156, -0.870438
  0.451179, -0.834468
  0.451202, -0.798493
  0.451224, -0.762516
  0.451247, -0.726534
  0.451270, -0.690549
  0.451293, -0.654561
  0.451315, -0.618568
  0.451338, -0.582572
  0.451361, -0.546573
  0.451383, -0.510570
  0.451406, -0.474563
  0.451429, -0.438553
  0.451451, -0.402539
  0.451474, -0.366521
  0.451497, -0.330500
  0.451519, -0.294475
  0.451542, -0.258447
  0.451565, -0.222414
  0.451587, -0.186379
  0.451610, -0.150339
  0.451633, -0.114296
  0.451655, -0.078250
  0.451678, -0.042200
  0.451701, -0.006146
  0.451723,  0.029912
  0.451746,  0.065973
  0.451769,  0.102037
  0.451791,  0.138106
  0.451814,  0.174177
  0.451837,  0.210253
  0.451859,  0.246332
  0.451882,  0.282415
  0.451905,  0.318501
  0.451927,  0.354591
  0.451950,  0.390685
  0.451973,  0.426782
  0.451995,  0.462883
  0.452018,  0.498987
  0.452041,  0.535096
  0.452063,  0.571207
  0.452086,  0.607323
  0.452109,  0.643442
  0.452132,  0.679564
  0.452154,  0.715690
  0.452177,  0.751820
  0.452200,  0.787954
  0.452222,  0.824091
  0.452245,  0.860231
  0.452268,  0.896376
  0.452290,  0.876728
  0.452313,  0.840667
  0.452336,  0.804603
  0.452358,  0.768535
  0.452381,  0.732463
  0.452404,  0.696388
  0.452426,  0.660309
  0.452449,  0.624226
  0.452472,  0.588140
  0.452494,  0.552050
  0.452517,  0.515957
  0.452540,  0.479860
  0.452562,  0.443759
  0.452585,  0.407655
  0.452608,  0.371547
  0.452630,  0.335435
  0.452653,  0.299320
  0.452676,  0.263202
  0.452698,  0.227079
  0.452721,  0.190953
  0.452744,  0.154824
  0.452766,  0.118690
  0.452789,  0.082553
  0.452812,  0.046413
  0.452834,  0.010269
  0.452857, -0.025879
  0.452880, -0.062030
  0.452902, -0.098185
  0.452925, -0.134344
  0.452948, -0.170506
  0.452971, -0.206672
  0.452993, -0.242841
  0.453016, -0.279014
  0.453039, -0.315191
  0.453061, -0.351371
  0.453084, -0.387555
  0.453107, -0.423743
  0.453129, -0.459934
  0.453152, -0.496129
  0.453175, -0.532327
  0.453197, -0.568529
  0.453220, -0.604735
  0.453243, -0.640944
  0.453265, -0.677157
  0.453288, -0.713373
  0.453311, -0.749593
  0.453333, -0.785817
  0.453356, -0.822044
  0.453379, -0.858275
  0.453401, -0.894510
  0.453424, -0.883039
  0.453447, -0.846888
  0.453469, -0.810733
  0.453492, -0.774574
  0.453515, -0.738412
  0.453537, -0.702247
  0.453560, -0.666078
  0.453583, -0.629905
  0.453605, -0.593728
  0.453628, -0.557548
  0.453651, -0.521364
  0.453673, -0.485177
  0.453696, -0.448986
  0.453719, -0.412792
  0.453741, -0.376593
  0.453764, -0.340392
  0.453787, -0.304186
  0.453810, -0.267977
  0.453832, -0.231764
  0.453855, -0.195548
  0.453878, -0.159328
  0.453900, -0.123105
  0.453923, -0.086878
  0.453946, -0.050647
  0.453968, -0.014412
  0.453991,  0.021826
  0.454014,  0.058067
  0.454036,  0.094312
  0.454059,  0.130561
  0.454082,  0.166814
  0.454104,  0.203070
  0.454127,  0.239330
  0.454150,  0.275593
  0.454172,  0.311860
  0.454195,  0.348131
  0.454218,  0.384405
  0.454240,  0.420683
  0.454263,  0.456964
  0.454286,  0.493249
  0.454308,  0.529538
  0.454331,  0.565830
  0.454354,  0.602126
  0.454376,  0.638426
  0.454399,  0.674729
  0.454422,  0.711036
  0.454444,  0.747346
  0.454467,  0.783660
  0.454490,  0.819978
  0.454512,  0.856299
  0.454535,  0.892624
  0.454558,  0.889370
  0.454580,  0.853128
  0.454603,  0.816883
  0.454626,  0.780635
  0.454649,  0.744382
  0.454671,  0.708126
  0.454694,  0.671867
  0.454717,  0.635604
  0.454739,  0.599337
  0.454762,  0.563067
  0.454785,  0.526793
  0.454807,  0.490515
  0.454830,  0.454234
  0.454853,  0.417949
  0.454875,  0.381660
  0.454898,  0.345368
  0.454921,  0.309073
  0.454943,  0.272773
  0.454966,  0.236470
  0.454989,  0.200164
  0.455011,  0.163854
  0.455034,  0.127540
  0.455057,  0.091222
  0.455079,  0.054901
  0.455102,  0.018577
  0.455125, -0.017752
  0.455147, -0.054084
  0.455170, -0.090419
  0.455193, -0.126758
  0.455215, -0.163101
  0.455238, -0.199448
  0.455261, -0.235798
  0.455283, -0.272151
  0.455306, -0.308508
  0.455329, -0.344869
  0.455351, -0.381234
  0.455374, -0.417602
  0.455397, -0.453974
  0.455420, -0.490349
  0.455442, -0.526728
  0.455465, -0.563111
  0.455488, -0.599497
  0.455510, -0.635887
  0.455533, -0.672280
  0.455556, -0.708677
  0.455578, -0.745078
  0.455601, -0.781482
  0.455624, -0.817890
  0.455646, -0.854302
  0.455669, -0.890717
  0.455692, -0.895721
  0.455714, -0.859390
  0.455737, -0.823054
  0.455760, -0.786715
  0.455782, -0.750373
  0.455805, -0.714027
  0.455828, -0.677677
  0.455850, -0.641323
  0.455873, -0.604966
  0.455896, -0.568606
  0.455918, -0.532241
  0.455941, -0.495873
  0.455964, -0.459502
  0.455986, -0.423127
  0.456009, -0.386748
  0.456032, -0.350366
  0.456054, -0.313980
  0.456077, -0.277590
  0.456100, -0.241197
  0.456122, -0.204800
  0.456145, -0.168399
  0.456168, -0.131995
  0.456190, -0.095588
  0.456213, -0.059176
  0.456236, -0.022761
  0.456259,  0.013657
  0.456281,  0.050080
  0.456304,  0.086505
  0.456327,  0.122935
  0.456349,  0.159368
  0.456372,  0.195805
  0.456395,  0.232245
  0.456417,  0.268689
  0.456440,  0.305136
  0.456463,  0.341588
  0.456485,  0.378042
  0.456508,  0.414501
  0.456531,  0.450963
  0.456553,  0.487428
  0.456576,  0.523898
  0.456599,  0.560371
  0.456621,  0.596847
  0.456644,  0.633327
  0.456667,  0.669811
  0.456689,  0.706298
  0.456712,  0.742789
  0.456735,  0.779284
  0.456757,  0.815782
  0.456780,  0.852284
  0.456803,  0.888790
  0.456825,  0.902094
  0.456848,  0.865672
  0.456871,  0.829246
  0.456893,  0.792817
  0.456916,  0.756384
  0.456939,  0.719947
  0.456961,  0.683507
  0.456984,  0.647064
  0.457007,  0.610616
  0.457029,  0.574165
  0.457052,  0.537711
  0.457075,  0.501253
  0.457098,  0.464791
  0.457120,  0.428325
  0.457143,  0.391856
  0.457166,  0.355383
  0.457188,  0.318907
  0.457211,  0.282427
  0.457234,  0.245944
  0.457256,  0.209457
  0.457279,  0.172966
  0.457302,  0.136471
  0.457324,  0.099973
  0.457347,  0.063472
  0.457370,  0.026966
  0.457392, -0.009542
  0.457415, -0.046055
  0.457438, -0.082571
  0.457460, -0.119091
  0.457483, -0.155614
  0.457506, -0.192141
  0.457528, -0.228672
  0.457551, -0.265206
  0.457574, -0.301744
  0.457596, -0.338285
  0.457619, -0.374830
  0.457642, -0.411379
  0.457664, -0.447931
  0.457687, -0.484487
  0.457710, -0.521047
  0.457732, -0.557610
  0.457755, -0.594177
  0.457778, -0.630747
  0.457800, -0.667321
  0.457823, -0.703899
  0.457846, -0.740480
  0.457868, -0.777065
  0.457891, -0.813654
  0.457914, -0.850246
  0.457937, -0.886842
  0.457959, -0.908486
  0.457982, -0.871974
  0.458005, -0.835458
  0.458027, -0.798939
  0.458050, -0.762416
  0.458073, -0.725889
  0.458095, -0.689358
  0.458118, -0.652824
  0.458141, -0.616287
  0.458163, -0.579745
  0.458186, -0.543201
  0.458209, -0.506652
  0.458231, -0.470100
  0.458254, -0.433544
  0.458277, -0.396985
  0.458299, -0.360422
  0.458322, -0.323855
  0.458345, -0.287285
  0.458367, -0.250711
  0.458390, -0.214134
  0.458413, -0.177553
  0.458435, -0.140968
  0.458458, -0.104380
  0.458481, -0.067788
  0.458503, -0.031192
  0.458526,  0.005407
  0.458549,  0.042010
  0.458571,  0.078616
  0.458594,  0.115226
  0.458617,  0.151840
  0.458639,  0.188457
  0.458662,  0.225078
  0.458685,  0.261703
  0.458707,  0.298331
  0.458730,  0.334962
  0.458753,  0.371598
  0.458776,  0.408237
  0.458798,  0.444879
  0.458821,  0.481526
  0.458844,  0.518175
  0.458866,  0.554829
  0.458889,  0.591486
  0.458912,  0.628147
  0.458934,  0.664811
  0.458957,  0.701479
  0.458980,  0.738151
  0.459002,  0.774826
  0.459025,  0.811505
  0.459048,  0.848187
  0.459070,  0.884873
  0.459093,  0.914900
  0.459116,  0.878297
  0.459138,  0.841691
  0.459161,  0.805081
  0.459184,  0.768468
  0.459206,  0.731851
  0.459229,  0.695230
  0.459252,  0.658606
  0.459274,  0.621978
  0.459297,  0.585346
  0.459320,  0.548711
  0.459342,  0.512072
  0.459365,  0.475430
  0.459388,  0.438784
  0.459410,  0.402134
  0.459433,  0.365481
  0.459456,  0.328824
  0.459478,  0.292164
  0.459501,  0.255499
  0.459524,  0.218832
  0.459546,  0.182160
  0.459569,  0.145485
  0.459592,  0.108807
  0.459615,  0.072124
  0.459637,  0.035439
  0.459660, -0.001251
  0.459683, -0.037944
  0.459705, -0.074641
  0.459728, -0.111341
  0.459751, -0.148045
  0.459773, -0.184752
  0.459796, -0.221464
  0.459819, -0.258178
  0.459841, -0.294897
  0.459864, -0.331619
  0.459887, -0.368345
  0.459909, -0.405074
  0.459932, -0.441807
  0.459955, -0.478543
  0.459977, -0.515283
  0.460000, -0.552027
  0.460023, -0.588775
  0.460045, -0.625526
  0.460068, -0.662280
  0.460091, -0.699038
  0.460113, -0.735800
  0.460136, -0.772566
  0.460159, -0.809335
  0.460181, -0.846108
  0.460204, -0.882884
  0.460227, -0.919664
  0.460249, -0.884641
  0.460272, -0.847944
  0.460295, -0.811244
  0.460317, -0.774541
  0.460340, -0.737833
  0.460363, -0.701122
  0.460385, -0.664408
  0.460408, -0.627689
  0.460431, -0.590968
  0.460454, -0.554242
  0.460476, -0.517513
  0.460499, -0.480780
  0.460522, -0.444044
  0.460544, -0.407304
  0.460567, -0.370560
  0.460590, -0.333813
  0.460612, -0.297063
  0.460635, -0.260308
  0.460658, -0.223550
  0.460680, -0.186788
  0.460703, -0.150023
  0.460726, -0.113254
  0.460748, -0.076482
  0.460771, -0.039706
  0.460794, -0.002926
  0.460816,  0.033858
  0.460839,  0.070645
  0.460862,  0.107435
  0.460884,  0.144229
  0.460907,  0.181027
  0.460930,  0.217829
  0.460952,  0.254634
  0.460975,  0.291443
  0.460998,  0.328255
  0.461020,  0.365071
  0.461043,  0.401890
  0.461066,  0.438714
  0.461088,  0.475540
  0.461111,  0.512371
  0.461134,  0.549205
  0.461156,  0.586043
  0.461179,  0.622884
  0.461202,  0.659729
  0.461224,  0.696577
  0.461247,  0.733430
  0.461270,  0.770285
  0.461293,  0.807145
  0.461315,  0.844008
  0.461338,  0.880874
  0.461361,  0.917745
  0.461383,  0.891005
  0.461406,  0.854218
  0.461429,  0.817428
  0.461451,  0.780634
  0.461474,  0.743836
  0.461497,  0.707035
  0.461519,  0.670230
  0.461542,  0.633422
  0.461565,  0.596609
  0.461587,  0.559794
  0.461610,  0.522974
  0.461633,  0.486151
  0.461655,  0.449325
  0.461678,  0.412494
  0.461701,  0.375661
  0.461723,  0.338823
  0.461746,  0.301982
  0.461769,  0.265137
  0.461791,  0.228289
  0.461814,  0.191437
  0.461837,  0.154582
  0.461859,  0.117722
  0.461882,  0.080860
  0.461905,  0.043993
  0.461927,  0.007123
  0.461950, -0.029751
  0.461973, -0.066628
  0.461995, -0.103509
  0.462018, -0.140393
  0.462041, -0.177282
  0.462063, -0.214173
  0.462086, -0.251069
  0.462109, -0.287968
  0.462132, -0.324870
  0.462154, -0.361777
  0.462177, -0.398686
  0.462200, -0.435600
  0.462222, -0.472517
  0.462245, -0.509438
  0.462268, -0.546362
  0.462290, -0.583290
  0.462313, -0.620222
  0.462336, -0.657157
  0.462358, -0.694096
  0.462381, -0.731038
  0.462404, -0.767984
  0.462426, -0.804934
  0.462449, -0.841887
  0.462472, -0.878844
  0.462494, -0.915805
  0.462517, -0.897390
  0.462540, -0.860513
  0.462562, -0.823632
  0.462585, -0.786748
  0.462608, -0.749860
  0.462630, -0.712968
  0.462653, -0.676073
  0.462676, -0.639174
  0.462698, -0.602272
  0.462721, -0.565366
  0.462744, -0.528456
  0.462766, -0.491543
  0.462789, -0.454626
  0.462812, -0.417705
  0.462834, -0.380781
  0.462857, -0.343854
  0.462880, -0.306922
  0.462902, -0.269987
  0.462925, -0.233049
  0.462948, -0.196106
  0.462971, -0.159160
  0.462993, -0.122211
  0.463016, -0.085258
  0.463039, -0.048301
  0.463061, -0.011341
  0.463084,  0.025623
  0.463107,  0.062591
  0.463129,  0.099562
  0.463152,  0.136537
  0.463175,  0.173515
  0.463197,  0.210497
  0.463220,  0.247483
  0.463243,  0.284472
  0.463265,  0.321465
  0.463288,  0.358462
  0.463311,  0.395462
  0.463333,  0.432466
  0.463356,  0.469473
  0.463379,  0.506484
  0.463401,  0.543499
  0.463424,  0.580517
  0.463447,  0.617539
  0.463469,  0.654564
  0.463492,  0.691593
  0.463515,  0.728626
  0.463537,  0.765663
  0.463560,  0.802702
  0.463583,  0.839746
  0.463605,  0.876793
  0.463628,  0.913844
  0.463651,  0.903795
  0.463673,  0.866828
  0.463696,  0.829857
  0.463719,  0.792882
  0.463741,  0.755904
  0.463764,  0.718922
  0.463787,  0.681937
  0.463810,  0.644948
  0.463832,  0.607955
  0.463855,  0.570959
  0.463878,  0.533959
  0.463900,  0.496955
  0.463923,  0.459948
  0.463946,  0.422937
  0.463968,  0.385923
  0.463991,  0.348905
  0.464014,  0.311883
  0.464036,  0.274858
  0.464059,  0.237829
  0.464082,  0.200796
  0.464104,  0.163760
  0.464127,  0.126720
  0.464150,  0.089677
  0.464172,  0.052630
  0.464195,  0.015579
  0.464218, -0.021475
  0.464240, -0.058533
  0.464263, -0.095594
  0.464286, -0.132660
  0.464308, -0.169728
  0.464331, -0.206801
  0.464354, -0.243877
  0.464376, -0.280956
  0.464399, -0.318039
  0.464422, -0.355126
  0.464444, -0.392217
  0.464467, -0.429311
  0.464490, -0.466408
  0.464512, -0.503510
  0.464535, -0.540615
  0.464558, -0.577723
  0.464580, -0.614835
  0.464603, -0.651951
  0.464626, -0.689071
  0.464649, -0.726194
  0.464671, -0.763320
  0.464694, -0.800451
  0.464717, -0.837584
  0.464739, -0.874722
  0.464762, -0.911863
  0.464785, -0.910221
  0.464807, -0.873164
  0.464830, -0.836102
  0.464853, -0.799037
  0.464875, -0.761969
  0.464898, -0.724897
  0.464921, -0.687821
  0.464943, -0.650742
  0.464966, -0.613659
  0.464989, -0.576572
  0.465011, -0.539482
  0.465034, -0.502388
  0.465057, -0.465290
  0.465079, -0.428189
  0.465102, -0.391084
  0.465125, -0.353976
  0.465147, -0.316864
  0.465170, -0.279749
  0.465193, -0.242629
  0.465215, -0.205507
  0.465238, -0.168380
  0.465261, -0.131250
  0.465283, -0.094116
  0.465306, -0.056979
  0.465329, -0.019838
  0.465351,  0.017306
  0.465374,  0.054455
  0.465397,  0.091606
  0.465420,  0.128762
  0.465442,  0.165921
  0.465465,  0.203083
  0.465488,  0.240250
  0.465510,  0.277420
  0.465533,  0.314593
  0.465556,  0.351770
  0.465578,  0.388951
  0.465601,  0.426135
  0.465624,  0.463323
  0.465646,  0.500515
  0.465669,  0.537710
  0.465692,  0.574909
  0.465714,  0.612111
  0.465737,  0.649318
  0.465760,  0.686527
  0.465782,  0.723741
  0.465805,  0.760957
  0.465828,  0.798178
  0.465850,  0.835402
  0.465873,  0.872630
  0.465896,  0.909861
  0.465918,  0.916668
  0.465941,  0.879520
  0.465964,  0.842368
  0.465986,  0.805213
  0.466009,  0.768054
  0.466032,  0.730892
  0.466054,  0.693726
  0.466077,  0.656556
  0.466100,  0.619383
  0.466122,  0.582206
  0.466145,  0.545025
  0.466168,  0.507841
  0.466190,  0.470653
  0.466213,  0.433462
  0.466236,  0.396267
  0.466259,  0.359068
  0.466281,  0.321866
  0.466304,  0.284660
  0.466327,  0.247451
  0.466349,  0.210237
  0.466372,  0.173021
  0.466395,  0.135800
  0.466417,  0.098576
  0.466440,  0.061349
  0.466463,  0.024118
  0.466485, -0.013117
  0.466508, -0.050356
  0.466531, -0.087598
  0.466553, -0.124843
  0.466576, -0.162093
  0.466599, -0.199346
  0.466621, -0.236602
  0.466644, -0.273862
  0.466667, -0.311126
  0.466689, -0.348394
  0.466712, -0.385665
  0.466735, -0.422939
  0.466757, -0.460218
  0.466780, -0.497499
  0.466803, -0.534785
  0.466825, -0.572074
  0.466848, -0.609367
  0.466871, -0.646663
  0.466893, -0.683963
  0.466916, -0.721267
  0.466939, -0.758574
  0.466961, -0.795885
  0.466984, -0.833199
  0.467007, -0.870518
  0.467029, -0.907839
  0.467052, -0.923135
  0.467075, -0.885896
  0.467098, -0.848655
  0.467120, -0.811409
  0.467143, -0.774160
  0.467166, -0.736907
  0.467188, -0.699651
  0.467211, -0.662391
  0.467234, -0.625127
  0.467256, -0.587860
  0.467279, -0.550589
  0.467302, -0.513315
  0.467324, -0.476037
  0.467347, -0.438755
  0.467370, -0.401470
  0.467392, -0.364181
  0.467415, -0.326888
  0.467438, -0.289592
  0.467460, -0.252292
  0.467483, -0.214989
  0.467506, -0.177682
  0.467528, -0.140371
  0.467551, -0.103057
  0.467574, -0.065739
  0.467596, -0.028418
  0.467619,  0.008907
  0.467642,  0.046236
  0.467664,  0.083569
  0.467687,  0.120905
  0.467710,  0.158244
  0.467732,  0.195587
  0.467755,  0.232934
  0.467778,  0.270285
  0.467800,  0.307639
  0.467823,  0.344996
  0.467846,  0.382358
  0.467868,  0.419723
  0.467891,  0.457091
  0.467914,  0.494464
  0.467937,  0.531839
  0.467959,  0.569219
  0.467982,  0.606602
  0.468005,  0.643988
  0.468027,  0.681379
  0.468050,  0.718773
  0.468073,  0.756170
  0.468095,  0.793571
  0.468118,  0.830976
  0.468141,  0.868384
  0.468163,  0.905796
  0.468186,  0.929622
  0.468209,  0.892294
  0.468231,  0.854962
  0.468254,  0.817626
  0.468277,  0.780286
  0.468299,  0.742943
  0.468322,  0.705597
  0.468345,  0.668247
  0.468367,  0.630893
  0.468390,  0.593535
  0.468413,  0.556174
  0.468435,  0.518809
  0.468458,  0.481441
  0.468481,  0.444069
  0.468503,  0.406693
  0.468526,  0.369314
  0.468549,  0.331931
  0.468571,  0.294545
  0.468594,  0.257155
  0.468617,  0.219761
  0.468639,  0.182364
  0.468662,  0.144963
  0.468685,  0.107558
  0.468707,  0.070150
  0.468730,  0.032738
  0.468753, -0.004677
  0.468776, -0.042096
  0.468798, -0.079519
  0.468821, -0.116945
  0.468844, -0.154375
  0.468866, -0.191809
  0.468889, -0.229246
  0.468912, -0.266686
  0.468934, -0.304131
  0.468957, -0.341579
  0.468980, -0.379030
  0.469002, -0.416486
  0.469025, -0.453944
  0.469048, -0.491407
  0.469070, -0.528873
  0.469093, -0.566343
  0.469116, -0.603816
  0.469138, -0.641293
  0.469161, -0.678774
  0.469184, -0.716258
  0.469206, -0.753746
  0.469229, -0.791237
  0.469252, -0.828732
  0.469274, -0.866231
  0.469297, -0.903733
  0.469320, -0.936131
  0.469342, -0.898712
  0.469365, -0.861289
  0.469388, -0.823863
  0.469410, -0.786434
  0.469433, -0.749000
  0.469456, -0.711563
  0.469478, -0.674123
  0.469501, -0.636679
  0.469524, -0.599231
  0.469546, -0.561779
  0.469569, -0.524324
  0.469592, -0.486866
  0.469615, -0.449403
  0.469637, -0.411937
  0.469660, -0.374468
  0.469683, -0.336995
  0.469705, -0.299518
  0.469728, -0.262038
  0.469751, -0.224554
  0.469773, -0.187066
  0.469796, -0.149575
  0.469819, -0.112080
  0.469841, -0.074582
  0.469864, -0.037079
  0.469887,  0.000426
  0.469909,  0.037936
  0.469932,  0.075449
  0.469955,  0.112965
  0.469977,  0.150485
  0.470000,  0.188009
  0.470023,  0.225536
  0.470045,  0.263068
  0.470068,  0.300602
  0.470091,  0.338141
  0.470113,  0.375682
  0.470136,  0.413228
  0.470159,  0.450777
  0.470181,  0.488330
  0.470204,  0.525886
  0.470227,  0.563446
  0.470249,  0.601010
  0.470272,  0.638577
  0.470295,  0.676148
  0.470317,  0.713722
  0.470340,  0.751301
  0.470363,  0.788882
  0.470385,  0.826468
  0.470408,  0.864057
  0.470431,  0.901649
  0.470454,  0.939245
  0.470476,  0.905150
  0.470499,  0.867637
  0.470522,  0.830121
  0.470544,  0.792601
  0.470567,  0.755078
  0.470590,  0.717550
  0.470612,  0.680019
  0.470635,  0.642485
  0.470658,  0.604947
  0.470680,  0.567405
  0.470703,  0.529860
  0.470726,  0.492311
  0.470748,  0.454758
  0.470771,  0.417202
  0.470794,  0.379642
  0.470816,  0.342079
  0.470839,  0.304512
  0.470862,  0.266941
  0.470884,  0.229367
  0.470907,  0.191789
  0.470930,  0.154208
  0.470952,  0.116622
  0.470975,  0.079034
  0.470998,  0.041441
  0.471020,  0.003845
  0.471043, -0.033754
  0.471066, -0.071358
  0.471088, -0.108964
  0.471111, -0.146575
  0.471134, -0.184189
  0.471156, -0.221807
  0.471179, -0.259428
  0.471202, -0.297053
  0.471224, -0.334682
  0.471247, -0.372314
  0.471270, -0.409950
  0.471293, -0.447589
  0.471315, -0.485232
  0.471338, -0.522879
  0.471361, -0.560529
  0.471383, -0.598183
  0.471406, -0.635841
  0.471429, -0.673502
  0.471451, -0.711167
  0.471474, -0.748835
  0.471497, -0.786507
  0.471519, -0.824183
  0.471542, -0.861862
  0.471565, -0.899545
  0.471587, -0.937231
  0.471610, -0.911609
  0.471633, -0.874006
  0.471655, -0.836400
  0.471678, -0.798789
  0.471701, -0.761175
  0.471723, -0.723558
  0.471746, -0.685937
  0.471769, -0.648312
  0.471791, -0.610684
  0.471814, -0.573052
  0.471837, -0.535416
  0.471859, -0.497777
  0.471882, -0.460134
  0.471905, -0.422487
  0.471927, -0.384837
  0.471950, -0.347184
  0.471973, -0.309526
  0.471995, -0.271865
  0.472018, -0.234201
  0.472041, -0.196533
  0.472063, -0.158861
  0.472086, -0.121185
  0.472109, -0.083506
  0.472132, -0.045824
  0.472154, -0.008137
  0.472177,  0.029553
  0.472200,  0.067246
  0.472222,  0.104943
  0.472245,  0.142644
  0.472268,  0.180348
  0.472290,  0.218056
  0.472313,  0.255768
  0.472336,  0.293483
  0.472358,  0.331202
  0.472381,  0.368925
  0.472404,  0.406651
  0.472426,  0.444381
  0.472449,  0.482114
  0.472472,  0.519851
  0.472494,  0.557591
  0.472517,  0.595336
  0.472540,  0.633084
  0.472562,  0.670835
  0.472585,  0.708590
  0.472608,  0.746349
  0.472630,  0.784111
  0.472653,  0.821877
  0.472676,  0.859647
  0.472698,  0.897420
  0.472721,  0.935197
  0.472744,  0.918089
  0.472766,  0.880396
  0.472789,  0.842699
  0.472812,  0.804998
  0.472834,  0.767294
  0.472857,  0.729586
  0.472880,  0.691875
  0.472902,  0.654160
  0.472925,  0.616441
  0.472948,  0.578719
  0.472971,  0.540993
  0.472993,  0.503263
  0.473016,  0.465530
  0.473039,  0.427793
  0.473061,  0.390053
  0.473084,  0.352309
  0.473107,  0.314561
  0.473129,  0.276810
  0.473152,  0.239055
  0.473175,  0.201297
  0.473197,  0.163535
  0.473220,  0.125769
  0.473243,  0.087999
  0.473265,  0.050226
  0.473288,  0.012450
  0.473311, -0.025330
  0.473333, -0.063114
  0.473356, -0.100902
  0.473379, -0.138693
  0.473401, -0.176487
  0.473424, -0.214286
  0.473447, -0.252088
  0.473469, -0.289893
  0.473492, -0.327702
  0.473515, -0.365515
  0.473537, -0.403331
  0.473560, -0.441151
  0.473583, -0.478975
  0.473605, -0.516802
  0.473628, -0.554633
  0.473651, -0.592468
  0.473673, -0.630306
  0.473696, -0.668148
  0.473719, -0.705993
  0.473741, -0.743842
  0.473764, -0.781695
  0.473787, -0.819551
  0.473810, -0.857411
  0.473832, -0.895274
  0.473855, -0.933141
  0.473878, -0.924589
  0.473900, -0.886805
  0.473923, -0.849018
  0.473946, -0.811227
  0.473968, -0.773433
  0.473991, -0.735635
  0.474014, -0.697833
  0.474036, -0.660028
  0.474059, -0.622219
  0.474082, -0.584406
  0.474104, -0.546590
  0.474127, -0.508770
  0.474150, -0.470947
  0.474172, -0.433120
  0.474195, -0.395289
  0.474218, -0.357455
  0.474240, -0.319617
  0.474263, -0.281775
  0.474286, -0.243930
  0.474308, -0.206081
  0.474331, -0.168229
  0.474354, -0.130373
  0.474376, -0.092513
  0.474399, -0.054650
  0.474422, -0.016783
  0.474444,  0.021087
  0.474467,  0.058962
  0.474490,  0.096839
  0.474512,  0.134721
  0.474535,  0.172606
  0.474558,  0.210494
  0.474580,  0.248386
  0.474603,  0.286282
  0.474626,  0.324182
  0.474649,  0.362085
  0.474671,  0.399991
  0.474694,  0.437902
  0.474717,  0.475816
  0.474739,  0.513733
  0.474762,  0.551654
  0.474785,  0.589579
  0.474807,  0.627508
  0.474830,  0.665440
  0.474853,  0.703375
  0.474875,  0.741315
  0.474898,  0.779258
  0.474921,  0.817204
  0.474943,  0.855154
  0.474966,  0.893108
  0.474989,  0.931065
  0.475011,  0.931110
  0.475034,  0.893236
  0.475057,  0.855358
  0.475079,  0.817477
  0.475102,  0.779592
  0.475125,  0.741704
  0.475147,  0.703812
  0.475170,  0.665916
  0.475193,  0.628017
  0.475215,  0.590114
  0.475238,  0.552208
  0.475261,  0.514298
  0.475283,  0.476384
  0.475306,  0.438467
  0.475329,  0.400546
  0.475351,  0.362621
  0.475374,  0.324693
  0.475397,  0.286761
  0.475420,  0.248826
  0.475442,  0.210886
  0.475465,  0.172944
  0.475488,  0.134997
  0.475510,  0.097048
  0.475533,  0.059094
  0.475556,  0.021137
  0.475578, -0.016824
  0.475601, -0.054788
  0.475624, -0.092756
  0.475646, -0.130728
  0.475669, -0.168703
  0.475692, -0.206682
  0.475714, -0.244665
  0.475737, -0.282651
  0.475760, -0.320641
  0.475782, -0.358634
  0.475805, -0.396631
  0.475828, -0.434632
  0.475850, -0.472636
  0.475873, -0.510644
  0.475896, -0.548655
  0.475918, -0.586670
  0.475941, -0.624689
  0.475964, -0.662711
  0.475986, -0.700737
  0.476009, -0.738767
  0.476032, -0.776800
  0.476054, -0.814837
  0.476077, -0.852877
  0.476100, -0.890921
  0.476122, -0.928969
  0.476145, -0.937651
  0.476168, -0.899687
  0.476190, -0.861719
  0.476213, -0.823748
  0.476236, -0.785773
  0.476259, -0.747794
  0.476281, -0.709812
  0.476304, -0.671826
  0.476327, -0.633836
  0.476349, -0.595843
  0.476372, -0.557846
  0.476395, -0.519846
  0.476417, -0.481842
  0.476440, -0.443834
  0.476463, -0.405823
  0.476485, -0.367808
  0.476508, -0.329789
  0.476531, -0.291767
  0.476553, -0.253742
  0.476576, -0.215712
  0.476599, -0.177679
  0.476621, -0.139643
  0.476644, -0.101602
  0.476667, -0.063559
  0.476689, -0.025511
  0.476712,  0.012540
  0.476735,  0.050595
  0.476757,  0.088653
  0.476780,  0.126715
  0.476803,  0.164780
  0.476825,  0.202850
  0.476848,  0.240922
  0.476871,  0.278999
  0.476893,  0.317079
  0.476916,  0.355163
  0.476939,  0.393250
  0.476961,  0.431341
  0.476984,  0.469435
  0.477007,  0.507533
  0.477029,  0.545635
  0.477052,  0.583741
  0.477075,  0.621850
  0.477098,  0.659962
  0.477120,  0.698078
  0.477143,  0.736198
  0.477166,  0.774322
  0.477188,  0.812449
  0.477211,  0.850580
  0.477234,  0.888714
  0.477256,  0.926852
  0.477279,  0.944213
  0.477302,  0.906158
  0.477324,  0.868100
  0.477347,  0.830039
  0.477370,  0.791973
  0.477392,  0.753904
  0.477415,  0.715832
  0.477438,  0.677755
  0.477460,  0.639676
  0.477483,  0.601592
  0.477506,  0.563505
  0.477528,  0.525414
  0.477551,  0.487320
  0.477574,  0.449222
  0.477596,  0.411121
  0.477619,  0.373015
  0.477642,  0.334907
  0.477664,  0.296794
  0.477687,  0.258678
  0.477710,  0.220559
  0.477732,  0.182435
  0.477755,  0.144308
  0.477778,  0.106178
  0.477800,  0.068044
  0.477823,  0.029906
  0.477846, -0.008235
  0.477868, -0.046380
  0.477891, -0.084529
  0.477914, -0.122681
  0.477937, -0.160837
  0.477959, -0.198997
  0.477982, -0.237160
  0.478005, -0.275326
  0.478027, -0.313497
  0.478050, -0.351671
  0.478073, -0.389848
  0.478095, -0.428029
  0.478118, -0.466214
  0.478141, -0.504403
  0.478163, -0.542595
  0.478186, -0.580790
  0.478209, -0.618990
  0.478231, -0.657193
  0.478254, -0.695399
  0.478277, -0.733609
  0.478299, -0.771823
  0.478322, -0.810040
  0.478345, -0.848261
  0.478367, -0.886486
  0.478390, -0.924714
  0.478413, -0.950795
  0.478435, -0.912651
  0.478458, -0.874502
  0.478481, -0.836350
  0.478503, -0.798195
  0.478526, -0.760035
  0.478549, -0.721872
  0.478571, -0.683706
  0.478594, -0.645536
  0.478617, -0.607362
  0.478639, -0.569185
  0.478662, -0.531004
  0.478685, -0.492819
  0.478707, -0.454631
  0.478730, -0.416439
  0.478753, -0.378244
  0.478776, -0.340044
  0.478798, -0.301842
  0.478821, -0.263635
  0.478844, -0.225425
  0.478866, -0.187212
  0.478889, -0.148995
  0.478912, -0.110774
  0.478934, -0.072549
  0.478957, -0.034321
  0.478980,  0.003910
  0.479002,  0.042146
  0.479025,  0.080384
  0.479048,  0.118627
  0.479070,  0.156873
  0.479093,  0.195123
  0.479116,  0.233376
  0.479138,  0.271633
  0.479161,  0.309894
  0.479184,  0.348158
  0.479206,  0.386426
  0.479229,  0.424697
  0.479252,  0.462973
  0.479274,  0.501251
  0.479297,  0.539534
  0.479320,  0.577820
  0.479342,  0.616109
  0.479365,  0.654402
  0.479388,  0.692699
  0.479410,  0.731000
  0.479433,  0.769304
  0.479456,  0.807611
  0.479478,  0.845923
  0.479501,  0.884238
  0.479524,  0.922556
  0.479546,  0.957398
  0.479569,  0.919163
  0.479592,  0.880925
  0.479615,  0.842682
  0.479637,  0.804436
  0.479660,  0.766187
  0.479683,  0.727934
  0.479705,  0.689677
  0.479728,  0.651416
  0.479751,  0.613152
  0.479773,  0.574885
  0.479796,  0.536613
  0.479819,  0.498339
  0.479841,  0.460060
  0.479864,  0.421778
  0.479887,  0.383492
  0.479909,  0.345203
  0.479932,  0.306910
  0.479955,  0.268613
  0.479977,  0.230313
  0.480000,  0.192009
  0.480023,  0.153702
  0.480045,  0.115391
  0.480068,  0.077076
  0.480091,  0.038757
  0.480113,  0.000435
  0.480136, -0.037890
  0.480159, -0.076219
  0.480181, -0.114552
  0.480204, -0.152889
  0.480227, -0.191229
  0.480249, -0.229572
  0.480272, -0.267920
  0.480295, -0.306270
  0.480317, -0.344625
  0.480340, -0.382983
  0.480363, -0.421345
  0.480385, -0.459710
  0.480408, -0.498079
  0.480431, -0.536452
  0.480454, -0.574828
  0.480476, -0.613208
  0.480499, -0.651592
  0.480522, -0.689979
  0.480544, -0.728369
  0.480567, -0.766764
  0.480590, -0.805162
  0.480612, -0.843563
  0.480635, -0.881969
  0.480658, -0.920377
  0.480680, -0.958790
  0.480703, -0.925697
  0.480726, -0.887368
  0.480748, -0.849035
  0.480771, -0.810699
  0.480794, -0.772359
  0.480816, -0.734015
  0.480839, -0.695668
  0.480862, -0.657318
  0.480884, -0.618963
  0.480907, -0.580605
  0.480930, -0.542244
  0.480952, -0.503879
  0.480975, -0.465510
  0.480998, -0.427137
  0.481020, -0.388761
  0.481043, -0.350382
  0.481066, -0.311998
  0.481088, -0.273611
  0.481111, -0.235221
  0.481134, -0.196827
  0.481156, -0.158429
  0.481179, -0.120028
  0.481202, -0.081623
  0.481224, -0.043214
  0.481247, -0.004802
  0.481270,  0.033614
  0.481293,  0.072034
  0.481315,  0.110457
  0.481338,  0.148883
  0.481361,  0.187314
  0.481383,  0.225748
  0.481406,  0.264185
  0.481429,  0.302626
  0.481451,  0.341071
  0.481474,  0.379520
  0.481497,  0.417972
  0.481519,  0.456428
  0.481542,  0.494887
  0.481565,  0.533350
  0.481587,  0.571816
  0.481610,  0.610286
  0.481633,  0.648760
  0.481655,  0.687238
  0.481678,  0.725719
  0.481701,  0.764203
  0.481723,  0.802692
  0.481746,  0.841183
  0.481769,  0.879679
  0.481791,  0.918178
  0.481814,  0.956681
  0.481837,  0.932250
  0.481859,  0.893831
  0.481882,  0.855408
  0.481905,  0.816982
  0.481927,  0.778552
  0.481950,  0.740118
  0.481973,  0.701680
  0.481995,  0.663239
  0.482018,  0.624795
  0.482041,  0.586347
  0.482063,  0.547895
  0.482086,  0.509439
  0.482109,  0.470980
  0.482132,  0.432517
  0.482154,  0.394051
  0.482177,  0.355581
  0.482200,  0.317108
  0.482222,  0.278630
  0.482245,  0.240150
  0.482268,  0.201665
  0.482290,  0.163177
  0.482313,  0.124685
  0.482336,  0.086190
  0.482358,  0.047691
  0.482381,  0.009189
  0.482404, -0.029318
  0.482426, -0.067827
  0.482449, -0.106341
  0.482472, -0.144858
  0.482494, -0.183378
  0.482517, -0.221903
  0.482540, -0.260430
  0.482562, -0.298962
  0.482585, -0.337497
  0.482608, -0.376036
  0.482630, -0.414578
  0.482653, -0.453124
  0.482676, -0.491674
  0.482698, -0.530227
  0.482721, -0.568784
  0.482744, -0.607344
  0.482766, -0.645908
  0.482789, -0.684476
  0.482812, -0.723047
  0.482834, -0.761622
  0.482857, -0.800201
  0.482880, -0.838783
  0.482902, -0.877369
  0.482925, -0.915958
  0.482948, -0.954551
  0.482971, -0.938825
  0.482993, -0.900315
  0.483016, -0.861802
  0.483039, -0.823285
  0.483061, -0.784765
  0.483084, -0.746241
  0.483107, -0.707713
  0.483129, -0.669182
  0.483152, -0.630647
  0.483175, -0.592108
  0.483197, -0.553566
  0.483220, -0.515020
  0.483243, -0.476471
  0.483265, -0.437918
  0.483288, -0.399361
  0.483311, -0.360801
  0.483333, -0.322237
  0.483356, -0.283670
  0.483379, -0.245099
  0.483401, -0.206524
  0.483424, -0.167946
  0.483447, -0.129364
  0.483469, -0.090778
  0.483492, -0.052189
  0.483515, -0.013596
  0.483537,  0.025000
  0.483560,  0.063600
  0.483583,  0.102204
  0.483605,  0.140811
  0.483628,  0.179422
  0.483651,  0.218037
  0.483673,  0.256655
  0.483696,  0.295277
  0.483719,  0.333902
  0.483741,  0.372531
  0.483764,  0.411164
  0.483787,  0.449800
  0.483810,  0.488440
  0.483832,  0.527084
  0.483855,  0.565731
  0.483878,  0.604382
  0.483900,  0.643036
  0.483923,  0.681694
  0.483946,  0.720355
  0.483968,  0.759021
  0.483991,  0.797690
  0.484014,  0.836362
  0.484036,  0.875038
  0.484059,  0.913718
  0.484082,  0.952401
  0.484104,  0.945420
  0.484127,  0.906820
  0.484150,  0.868217
  0.484172,  0.829609
  0.484195,  0.790999
  0.484218,  0.752384
  0.484240,  0.713766
  0.484263,  0.675145
  0.484286,  0.636520
  0.484308,  0.597891
  0.484331,  0.559258
  0.484354,  0.520622
  0.484376,  0.481983
  0.484399,  0.443339
  0.484422,  0.404692
  0.484444,  0.366042
  0.484467,  0.327388
  0.484490,  0.288730
  0.484512,  0.250068
  0.484535,  0.211403
  0.484558,  0.172735
  0.484580,  0.134063
  0.484603,  0.095387
  0.484626,  0.056707
  0.484649,  0.018024
  0.484671, -0.020663
  0.484694, -0.059353
  0.484717, -0.098047
  0.484739, -0.136745
  0.484762, -0.175446
  0.484785, -0.214151
  0.484807, -0.252859
  0.484830, -0.291571
  0.484853, -0.330287
  0.484875, -0.369006
  0.484898, -0.407729
  0.484921, -0.446456
  0.484943, -0.485186
  0.484966, -0.523920
  0.484989, -0.562657
  0.485011, -0.601398
  0.485034, -0.640143
  0.485057, -0.678891
  0.485079, -0.717643
  0.485102, -0.756399
  0.485125, -0.795158
  0.485147, -0.833920
  0.485170, -0.872687
  0.485193, -0.911457
  0.485215, -0.950230
  0.485238, -0.952035
  0.485261, -0.913345
  0.485283, -0.874651
  0.485306, -0.835954
  0.485329, -0.797253
  0.485351, -0.758548
  0.485374, -0.719840
  0.485397, -0.681128
  0.485420, -0.642413
  0.485442, -0.603694
  0.485465, -0.564971
  0.485488, -0.526245
  0.485510, -0.487515
  0.485533, -0.448781
  0.485556, -0.410044
  0.485578, -0.371303
  0.485601, -0.332559
  0.485624, -0.293810
  0.485646, -0.255059
  0.485669, -0.216303
  0.485692, -0.177545
  0.485714, -0.138782
  0.485737, -0.100016
  0.485760, -0.061246
  0.485782, -0.022473
  0.485805,  0.016304
  0.485828,  0.055085
  0.485850,  0.093869
  0.485873,  0.132657
  0.485896,  0.171449
  0.485918,  0.210244
  0.485941,  0.249043
  0.485964,  0.287845
  0.485986,  0.326651
  0.486009,  0.365461
  0.486032,  0.404274
  0.486054,  0.443091
  0.486077,  0.481911
  0.486100,  0.520735
  0.486122,  0.559563
  0.486145,  0.598394
  0.486168,  0.637229
  0.486190,  0.676068
  0.486213,  0.714910
  0.486236,  0.753756
  0.486259,  0.792605
  0.486281,  0.831458
  0.486304,  0.870315
  0.486327,  0.909175
  0.486349,  0.948039
  0.486372,  0.958672
  0.486395,  0.919891
  0.486417,  0.881107
  0.486440,  0.842319
  0.486463,  0.803528
  0.486485,  0.764733
  0.486508,  0.725935
  0.486531,  0.687132
  0.486553,  0.648327
  0.486576,  0.609517
  0.486599,  0.570704
  0.486621,  0.531888
  0.486644,  0.493067
  0.486667,  0.454243
  0.486689,  0.415416
  0.486712,  0.376585
  0.486735,  0.337750
  0.486757,  0.298912
  0.486780,  0.260070
  0.486803,  0.221224
  0.486825,  0.182375
  0.486848,  0.143522
  0.486871,  0.104666
  0.486893,  0.065805
  0.486916,  0.026942
  0.486939, -0.011926
  0.486961, -0.050797
  0.486984, -0.089671
  0.487007, -0.128549
  0.487029, -0.167431
  0.487052, -0.206317
  0.487075, -0.245206
  0.487098, -0.284098
  0.487120, -0.322994
  0.487143, -0.361894
  0.487166, -0.400798
  0.487188, -0.439705
  0.487211, -0.478616
  0.487234, -0.517530
  0.487256, -0.556448
  0.487279, -0.595370
  0.487302, -0.634295
  0.487324, -0.673224
  0.487347, -0.712156
  0.487370, -0.751093
  0.487392, -0.790032
  0.487415, -0.828976
  0.487438, -0.867923
  0.487460, -0.906873
  0.487483, -0.945827
  0.487506, -0.965328
  0.487528, -0.926457
  0.487551, -0.887583
  0.487574, -0.848705
  0.487596, -0.809824
  0.487619, -0.770938
  0.487642, -0.732050
  0.487664, -0.693157
  0.487687, -0.654261
  0.487710, -0.615361
  0.487732, -0.576458
  0.487755, -0.537551
  0.487778, -0.498640
  0.487800, -0.459726
  0.487823, -0.420808
  0.487846, -0.381887
  0.487868, -0.342962
  0.487891, -0.304033
  0.487914, -0.265101
  0.487937, -0.226165
  0.487959, -0.187226
  0.487982, -0.148283
  0.488005, -0.109336
  0.488027, -0.070385
  0.488050, -0.031431
  0.488073,  0.007526
  0.488095,  0.046487
  0.488118,  0.085452
  0.488141,  0.124421
  0.488163,  0.163393
  0.488186,  0.202369
  0.488209,  0.241348
  0.488231,  0.280331
  0.488254,  0.319317
  0.488277,  0.358308
  0.488299,  0.397301
  0.488322,  0.436299
  0.488345,  0.475300
  0.488367,  0.514305
  0.488390,  0.553313
  0.488413,  0.592325
  0.488435,  0.631340
  0.488458,  0.670359
  0.488481,  0.709382
  0.488503,  0.748409
  0.488526,  0.787439
  0.488549,  0.826472
  0.488571,  0.865510
  0.488594,  0.904550
  0.488617,  0.943595
  0.488639,  0.972005
  0.488662,  0.933044
  0.488685,  0.894080
  0.488707,  0.855112
  0.488730,  0.816140
  0.488753,  0.777164
  0.488776,  0.738185
  0.488798,  0.699202
  0.488821,  0.660216
  0.488844,  0.621226
  0.488866,  0.582232
  0.488889,  0.543235
  0.488912,  0.504234
  0.488934,  0.465230
  0.488957,  0.426222
  0.488980,  0.387210
  0.489002,  0.348195
  0.489025,  0.309176
  0.489048,  0.270153
  0.489070,  0.231127
  0.489093,  0.192097
  0.489116,  0.153064
  0.489138,  0.114027
  0.489161,  0.074986
  0.489184,  0.035942
  0.489206, -0.003106
  0.489229, -0.042158
  0.489252, -0.081213
  0.489274, -0.120272
  0.489297, -0.159334
  0.489320, -0.198400
  0.489342, -0.237470
  0.489365, -0.276543
  0.489388, -0.315620
  0.489410, -0.354700
  0.489433, -0.393784
  0.489456, -0.432872
  0.489478, -0.471963
  0.489501, -0.511058
  0.489524, -0.550157
  0.489546, -0.589259
  0.489569, -0.628365
  0.489592, -0.667474
  0.489615, -0.706588
  0.489637, -0.745704
  0.489660, -0.784825
  0.489683, -0.823948
  0.489705, -0.863076
  0.489728, -0.902207
  0.489751, -0.941342
  0.489773, -0.978703
  0.489796, -0.939652
  0.489819, -0.900597
  0.489841, -0.861538
  0.489864, -0.822476
  0.489887, -0.783411
  0.489909, -0.744341
  0.489932, -0.705268
  0.489955, -0.666191
  0.489977, -0.627111
  0.490000, -0.588027
  0.490023, -0.548940
  0.490045, -0.509849
  0.490068, -0.470754
  0.490091, -0.431655
  0.490113, -0.392553
  0.490136, -0.353448
  0.490159, -0.314339
  0.490181, -0.275226
  0.490204, -0.236109
  0.490227, -0.196989
  0.490249, -0.157865
  0.490272, -0.118738
  0.490295, -0.079607
  0.490317, -0.040473
  0.490340, -0.001334
  0.490363,  0.037807
  0.490385,  0.076953
  0.490408,  0.116102
  0.490431,  0.155255
  0.490454,  0.194411
  0.490476,  0.233571
  0.490499,  0.272734
  0.490522,  0.311902
  0.490544,  0.351072
  0.490567,  0.390247
  0.490590,  0.429425
  0.490612,  0.468606
  0.490635,  0.507792
  0.490658,  0.546981
  0.490680,  0.586173
  0.490703,  0.625369
  0.490726,  0.664569
  0.490748,  0.703772
  0.490771,  0.742979
  0.490794,  0.782190
  0.490816,  0.821404
  0.490839,  0.860622
  0.490862,  0.899843
  0.490884,  0.939068
  0.490907,  0.978297
  0.490930,  0.946280
  0.490952,  0.907135
  0.490975,  0.867986
  0.490998,  0.828834
  0.491020,  0.789677
  0.491043,  0.750518
  0.491066,  0.711354
  0.491088,  0.672187
  0.491111,  0.633017
  0.491134,  0.593843
  0.491156,  0.554665
  0.491179,  0.515483
  0.491202,  0.476298
  0.491224,  0.437110
  0.491247,  0.397917
  0.491270,  0.358722
  0.491293,  0.319522
  0.491315,  0.280319
  0.491338,  0.241112
  0.491361,  0.201902
  0.491383,  0.162688
  0.491406,  0.123470
  0.491429,  0.084249
  0.491451,  0.045024
  0.491474,  0.005795
  0.491497, -0.033437
  0.491519, -0.072672
  0.491542, -0.111912
  0.491565, -0.151155
  0.491587, -0.190401
  0.491610, -0.229652
  0.491633, -0.268905
  0.491655, -0.308163
  0.491678, -0.347424
  0.491701, -0.386689
  0.491723, -0.425957
  0.491746, -0.465229
  0.491769, -0.504504
  0.491791, -0.543784
  0.491814, -0.583066
  0.491837, -0.622353
  0.491859, -0.661643
  0.491882, -0.700936
  0.491905, -0.740234
  0.491927, -0.779535
  0.491950, -0.818839
  0.491973, -0.858147
  0.491995, -0.897459
  0.492018, -0.936774
  0.492041, -0.976093
  0.492063, -0.952929
  0.492086, -0.913693
  0.492109, -0.874454
  0.492132, -0.835211
  0.492154, -0.795965
  0.492177, -0.756715
  0.492200, -0.717461
  0.492222, -0.678204
  0.492245, -0.638943
  0.492268, -0.599679
  0.492290, -0.560411
  0.492313, -0.521139
  0.492336, -0.481864
  0.492358, -0.442585
  0.492381, -0.403302
  0.492404, -0.364016
  0.492426, -0.324726
  0.492449, -0.285433
  0.492472, -0.246135
  0.492494, -0.206835
  0.492517, -0.167531
  0.492540, -0.128223
  0.492562, -0.088911
  0.492585, -0.049596
  0.492608, -0.010277
  0.492630,  0.029045
  0.492653,  0.068371
  0.492676,  0.107701
  0.492698,  0.147034
  0.492721,  0.186371
  0.492744,  0.225712
  0.492766,  0.265056
  0.492789,  0.304403
  0.492812,  0.343755
  0.492834,  0.383110
  0.492857,  0.422468
  0.492880,  0.461831
  0.492902,  0.501196
  0.492925,  0.540566
  0.492948,  0.579939
  0.492971,  0.619316
  0.492993,  0.658696
  0.493016,  0.698080
  0.493039,  0.737468
  0.493061,  0.776859
  0.493084,  0.816254
  0.493107,  0.855652
  0.493129,  0.895054
  0.493152,  0.934460
  0.493175,  0.973869
  0.493197,  0.959598
  0.493220,  0.920272
  0.493243,  0.880943
  0.493265,  0.841610
  0.493288,  0.802273
  0.493311,  0.762933
  0.493333,  0.723589
  0.493356,  0.684241
  0.493379,  0.644890
  0.493401,  0.605535
  0.493424,  0.566177
  0.493447,  0.526815
  0.493469,  0.487449
  0.493492,  0.448080
  0.493515,  0.408707
  0.493537,  0.369331
  0.493560,  0.329951
  0.493583,  0.290567
  0.493605,  0.251179
  0.493628,  0.211789
  0.493651,  0.172394
  0.493673,  0.132996
  0.493696,  0.093594
  0.493719,  0.054188
  0.493741,  0.014779
  0.493764, -0.024633
  0.493787, -0.064050
  0.493810, -0.103470
  0.493832, -0.142893
  0.493855, -0.182320
  0.493878, -0.221751
  0.493900, -0.261186
  0.493923, -0.300624
  0.493946, -0.340065
  0.493968, -0.379510
  0.493991, -0.418959
  0.494014, -0.458412
  0.494036, -0.497868
  0.494059, -0.537328
  0.494082, -0.576791
  0.494104, -0.616258
  0.494127, -0.655729
  0.494150, -0.695203
  0.494172, -0.734681
  0.494195, -0.774162
  0.494218, -0.813647
  0.494240, -0.853136
  0.494263, -0.892628
  0.494286, -0.932124
  0.494308, -0.971624
  0.494331, -0.966288
  0.494354, -0.926872
  0.494376, -0.887452
  0.494399, -0.848029
  0.494422, -0.808602
  0.494444, -0.769171
  0.494467, -0.729737
  0.494490, -0.690299
  0.494512, -0.650858
  0.494535, -0.611413
  0.494558, -0.571964
  0.494580, -0.532512
  0.494603, -0.493056
  0.494626, -0.453596
  0.494649, -0.414133
  0.494671, -0.374666
  0.494694, -0.335196
  0.494717, -0.295722
  0.494739, -0.256244
  0.494762, -0.216763
  0.494785, -0.177278
  0.494807, -0.137789
  0.494830, -0.098297
  0.494853, -0.058802
  0.494875, -0.019302
  0.494898,  0.020201
  0.494921,  0.059707
  0.494943,  0.099218
  0.494966,  0.138732
  0.494989,  0.178249
  0.495011,  0.217770
  0.495034,  0.257295
  0.495057,  0.296823
  0.495079,  0.336355
  0.495102,  0.375891
  0.495125,  0.415430
  0.495147,  0.454973
  0.495170,  0.494519
  0.495193,  0.534069
  0.495215,  0.573623
  0.495238,  0.613180
  0.495261,  0.652741
  0.495283,  0.692305
  0.495306,  0.731874
  0.495329,  0.771445
  0.495351,  0.811021
  0.495374,  0.850600
  0.495397,  0.890182
  0.495420,  0.929769
  0.495442,  0.969358
  0.495465,  0.972998
  0.495488,  0.933492
  0.495510,  0.893982
  0.495533,  0.854468
  0.495556,  0.814951
  0.495578,  0.775430
  0.495601,  0.735905
  0.495624,  0.696377
  0.495646,  0.656846
  0.495669,  0.617310
  0.495692,  0.577771
  0.495714,  0.538229
  0.495737,  0.498682
  0.495760,  0.459133
  0.495782,  0.419579
  0.495805,  0.380022
  0.495828,  0.340461
  0.495850,  0.300897
  0.495873,  0.261329
  0.495896,  0.221758
  0.495918,  0.182182
  0.495941,  0.142604
  0.495964,  0.103021
  0.495986,  0.063435
  0.496009,  0.023846
  0.496032, -0.015748
  0.496054, -0.055345
  0.496077, -0.094945
  0.496100, -0.134549
  0.496122, -0.174157
  0.496145, -0.213768
  0.496168, -0.253383
  0.496190, -0.293002
  0.496213, -0.332624
  0.496236, -0.372250
  0.496259, -0.411880
  0.496281, -0.451513
  0.496304, -0.491149
  0.496327, -0.530790
  0.496349, -0.570434
  0.496372, -0.610081
  0.496395, -0.649732
  0.496417, -0.689387
  0.496440, -0.729046
  0.496463, -0.768708
  0.496485, -0.808373
  0.496508, -0.848043
  0.496531, -0.887716
  0.496553, -0.927392
  0.496576, -0.967072
  0.496599, -0.979729
  0.496621, -0.940132
  0.496644, -0.900532
  0.496667, -0.860928
  0.496689, -0.821321
  0.496712, -0.781709
  0.496735, -0.742095
  0.496757, -0.702476
  0.496780, -0.662854
  0.496803, -0.623229
  0.496825, -0.583599
  0.496848, -0.543966
  0.496871, -0.504330
  0.496893, -0.464690
  0.496916, -0.425046
  0.496939, -0.385399
  0.496961, -0.345748
  0.496984, -0.306093
  0.497007, -0.266435
  0.497029, -0.226773
  0.497052, -0.187108
  0.497075, -0.147438
  0.497098, -0.107766
  0.497120, -0.068089
  0.497143, -0.028409
  0.497166,  0.011274
  0.497188,  0.050961
  0.497211,  0.090652
  0.497234,  0.130347
  0.497256,  0.170045
  0.497279,  0.209746
  0.497302,  0.249452
  0.497324,  0.289160
  0.497347,  0.328873
  0.497370,  0.368589
  0.497392,  0.408309
  0.497415,  0.448032
  0.497438,  0.487759
  0.497460,  0.527490
  0.497483,  0.567224
  0.497506,  0.606962
  0.497528,  0.646704
  0.497551,  0.686449
  0.497574,  0.726197
  0.497596,  0.765950
  0.497619,  0.805706
  0.497642,  0.845465
  0.497664,  0.885228
  0.497687,  0.924995
  0.497710,  0.964766
  0.497732,  0.986481
  0.497755,  0.946794
  0.497778,  0.907103
  0.497800,  0.867409
  0.497823,  0.827711
  0.497846,  0.788010
  0.497868,  0.748304
  0.497891,  0.708596
  0.497914,  0.668883
  0.497937,  0.629167
  0.497959,  0.589448
  0.497982,  0.549725
  0.498005,  0.509998
  0.498027,  0.470268
  0.498050,  0.430533
  0.498073,  0.390796
  0.498095,  0.351055
  0.498118,  0.311310
  0.498141,  0.271561
  0.498163,  0.231809
  0.498186,  0.192053
  0.498209,  0.152294
  0.498231,  0.112531
  0.498254,  0.072764
  0.498277,  0.032994
  0.498299, -0.006780
  0.498322, -0.046557
  0.498345, -0.086338
  0.498367, -0.126123
  0.498390, -0.165912
  0.498413, -0.205703
  0.498435, -0.245499
  0.498458, -0.285298
  0.498481, -0.325101
  0.498503, -0.364908
  0.498526, -0.404718
  0.498549, -0.444531
  0.498571, -0.484349
  0.498594, -0.524169
  0.498617, -0.563994
  0.498639, -0.603822
  0.498662, -0.643654
  0.498685, -0.683489
  0.498707, -0.723328
  0.498730, -0.763171
  0.498753, -0.803017
  0.498776, -0.842867
  0.498798, -0.882721
  0.498821, -0.922578
  0.498844, -0.962438
  0.498866, -0.993253
  0.498889, -0.953475
  0.498912, -0.913695
  0.498934, -0.873910
  0.498957, -0.834122
  0.498980, -0.794330
  0.499002, -0.754535
  0.499025, -0.714736
  0.499048, -0.674933
  0.499070, -0.635127
  0.499093, -0.595317
  0.499116, -0.555504
  0.499138, -0.515687
  0.499161, -0.475866
  0.499184, -0.436041
  0.499206, -0.396214
  0.499229, -0.356382
  0.499252, -0.316547
  0.499274, -0.276708
  0.499297, -0.236866
  0.499320, -0.197019
  0.499342, -0.157170
  0.499365, -0.117316
  0.499388, -0.077460
  0.499410, -0.037599
  0.499433,  0.002265
  0.499456,  0.042133
  0.499478,  0.082004
  0.499501,  0.121879
  0.499524,  0.161758
  0.499546,  0.201640
  0.499569,  0.241526
  0.499592,  0.281416
  0.499615,  0.321309
  0.499637,  0.361205
  0.499660,  0.401106
  0.499683,  0.441010
  0.499705,  0.480917
  0.499728,  0.520828
  0.499751,  0.560743
  0.499773,  0.600662
  0.499796,  0.640584
  0.499819,  0.680510
  0.499841,  0.720439
  0.499864,  0.760372
  0.499887,  0.800308
  0.499909,  0.840248
  0.499932,  0.880192
  0.499955,  0.920140
  0.499977,  0.960091
  0.500000,  1.000000
  0.500023,  0.960091
  0.500045,  0.920181
  0.500068,  0.880272
  0.500091,  0.840363
  0.500113,  0.800454
  0.500136,  0.760544
  0.500159,  0.720635
  0.500181,  0.680726
  0.500204,  0.640816
  0.500227,  0.600907
  0.500249,  0.560998
  0.500272,  0.521088
  0.500295,  0.481179
  0.500317,  0.441270
  0.500340,  0.401361
  0.500363,  0.361451
  0.500385,  0.321542
  0.500408,  0.281633
  0.500431,  0.241723
  0.500454,  0.201814
  0.500476,  0.161905
  0.500499,  0.121995
  0.500522,  0.082086
  0.500544,  0.042177
  0.500567,  0.002268
  0.500590, -0.037642
  0.500612, -0.077551
  0.500635, -0.117460
  0.500658, -0.157370
  0.500680, -0.197279
  0.500703, -0.237188
  0.500726, -0.277098
  0.500748, -0.317007
  0.500771, -0.356916
  0.500794, -0.396825
  0.500816, -0.436735
  0.500839, -0.476644
  0.500862, -0.516553
  0.500884, -0.556463
  0.500907, -0.596372
  0.500930, -0.636281
  0.500952, -0.676190
  0.500975, -0.716100
  0.500998, -0.756009
  0.501020, -0.795918
  0.501043, -0.835828
  0.501066, -0.875737
  0.501088, -0.915646
  0.501111, -0.955556
  0.501134, -0.995465
  0.501156, -0.964626
  0.501179, -0.924717
  0.501202, -0.884807
  0.501224, -0.844898
  0.501247, -0.804989
  0.501270, -0.765079
  0.501293, -0.725170
  0.501315, -0.685261
  0.501338, -0.645351
  0.501361, -0.605442
  0.501383, -0.565533
  0.501406, -0.525624
  0.501429, -0.485714
  0.501451, -0.445805
  0.501474, -0.405896
  0.501497, -0.365986
  0.501519, -0.326077
  0.501542, -0.286168
  0.501565, -0.246259
  0.501587, -0.206349
  0.501610, -0.166440
  0.501633, -0.126531
  0.501655, -0.086621
  0.501678, -0.046712
  0.501701, -0.006803
  0.501723,  0.033107
  0.501746,  0.073016
  0.501769,  0.112925
  0.501791,  0.152834
  0.501814,  0.192744
  0.501837,  0.232653
  0.501859,  0.272562
  0.501882,  0.312472
  0.501905,  0.352381
  0.501927,  0.392290
  0.501950,  0.432200
  0.501973,  0.472109
  0.501995,  0.512018
  0.502018,  0.551927
  0.502041,  0.591837
  0.502063,  0.631746
  0.502086,  0.671655
  0.502109,  0.711565
  0.502132,  0.751474
  0.502154,  0.791383
  0.502177,  0.831293
  0.502200,  0.871202
  0.502222,  0.911111
  0.502245,  0.951020
  0.502268,  0.990930
  0.502290,  0.969161
  0.502313,  0.929252
  0.502336,  0.889342
  0.502358,  0.849433
  0.502381,  0.809524
  0.502404,  0.769615
  0.502426,  0.729705
  0.502449,  0.689796
  0.502472,  0.649887
  0.502494,  0.609977
  0.502517,  0.570068
  0.502540,  0.530159
  0.502562,  0.490249
  0.502585,  0.450340
  0.502608,  0.410431
  0.502630,  0.370522
  0.502653,  0.330612
  0.502676,  0.290703
  0.502698,  0.250794
  0.502721,  0.210884
  0.502744,  0.170975
  0.502766,  0.131066
  0.502789,  0.091156
  0.502812,  0.051247
  0.502834,  0.011338
  0.502857, -0.028571
  0.502880, -0.068481
  0.502902, -0.108390
  0.502925, -0.148299
  0.502948, -0.188209
  0.502971, -0.228118
  0.502993, -0.268027
  0.503016, -0.307937
  0.503039, -0.347846
  0.503061, -0.387755
  0.503084, -0.427664
  0.503107, -0.467574
  0.503129, -0.507483
  0.503152, -0.547392
  0.503175, -0.587302
  0.503197, -0.627211
  0.503220, -0.667120
  0.503243, -0.707029
  0.503265, -0.746939
  0.503288, -0.786848
  0.503311, -0.826757
  0.503333, -0.866667
  0.503356, -0.906576
  0.503379, -0.946485
  0.503401, -0.986395
  0.503424, -0.973696
  0.503447, -0.933787
  0.503469, -0.893878
  0.503492, -0.853968
  0.503515, -0.814059
  0.503537, -0.774150
  0.503560, -0.734240
  0.503583, -0.694331
  0.503605, -0.654422
  0.503628, -0.614512
  0.503651, -0.574603
  0.503673, -0.534694
  0.503696, -0.494785
  0.503719, -0.454875
  0.503741, -0.414966
  0.503764, -0.375057
  0.503787, -0.335147
  0.503810, -0.295238
  0.503832, -0.255329
  0.503855, -0.215420
  0.503878, -0.175510
  0.503900, -0.135601
  0.503923, -0.095692
  0.503946, -0.055782
  0.503968, -0.015873
  0.503991,  0.024036
  0.504014,  0.063946
  0.504036,  0.103855
  0.504059,  0.143764
  0.504082,  0.183673
  0.504104,  0.223583
  0.504127,  0.263492
  0.504150,  0.303401
  0.504172,  0.343311
  0.504195,  0.383220
  0.504218,  0.423129
  0.504240,  0.463039
  0.504263,  0.502948
  0.504286,  0.542857
  0.504308,  0.582766
  0.504331,  0.622676
  0.504354,  0.662585
  0.504376,  0.702494
  0.504399,  0.742404
  0.504422,  0.782313
  0.504444,  0.822222
  0.504467,  0.862132
  0.504490,  0.902041
  0.504512,  0.941950
  0.504535,  0.981859
  0.504558,  0.978231
  0.504580,  0.938322
  0.504603,  0.898413
  0.504626,  0.858503
  0.504649,  0.818594
  0.504671,  0.778685
  0.504694,  0.738776
  0.504717,  0.698866
  0.504739,  0.658957
  0.504762,  0.619048
  0.504785,  0.579138
  0.504807,  0.539229
  0.504830,  0.499320
  0.504853,  0.459410
  0.504875,  0.419501
  0.504898,  0.379592
  0.504921,  0.339683
  0.504943,  0.299773
  0.504966,  0.259864
  0.504989,  0.219955
  0.505011,  0.180045
  0.505034,  0.140136
  0.505057,  0.100227
  0.505079,  0.060317
  0.505102,  0.020408
  0.505125, -0.019501
  0.505147, -0.059410
  0.505170, -0.099320
  0.505193, -0.139229
  0.505215, -0.179138
  0.505238, -0.219048
  0.505261, -0.258957
  0.505283, -0.298866
  0.505306, -0.338776
  0.505329, -0.378685
  0.505351, -0.418594
  0.505374, -0.458503
  0.505397, -0.498413
  0.505420, -0.538322
  0.505442, -0.578231
  0.505465, -0.618141
  0.505488, -0.658050
  0.505510, -0.697959
  0.505533, -0.737868
  0.505556, -0.777778
  0.505578, -0.817687
  0.505601, -0.857596
  0.505624, -0.897506
  0.505646, -0.937415
  0.505669, -0.977324
  0.505692, -0.982766
  0.505714, -0.942857
  0.505737, -0.902948
  0.505760, -0.863039
  0.505782, -0.823129
  0.505805, -0.783220
  0.505828, -0.743311
  0.505850, -0.703401
  0.505873, -0.663492
  0.505896, -0.623583
  0.505918, -0.583673
  0.505941, -0.543764
  0.505964, -0.503855
  0.505986, -0.463946
  0.506009, -0.424036
  0.506032, -0.384127
  0.506054, -0.344218
  0.506077, -0.304308
  0.506100, -0.264399
  0.506122, -0.224490
  0.506145, -0.184580
  0.506168, -0.144671
  0.506190, -0.104762
  0.506213, -0.064853
  0.506236, -0.024943
  0.506259,  0.014966
  0.506281,  0.054875
  0.506304,  0.094785
  0.506327,  0.134694
  0.506349,  0.174603
  0.506372,  0.214512
  0.506395,  0.254422
  0.506417,  0.294331
  0.506440,  0.334240
  0.506463,  0.374150
  0.506485,  0.414059
  0.506508,  0.453968
  0.506531,  0.493878
  0.506553,  0.533787
  0.506576,  0.573696
  0.506599,  0.613605
  0.506621,  0.653515
  0.506644,  0.693424
  0.506667,  0.733333
  0.506689,  0.773243
  0.506712,  0.813152
  0.506735,  0.853061
  0.506757,  0.892971
  0.506780,  0.932880
  0.506803,  0.972789
  0.506825,  0.987302
  0.506848,  0.947392
  0.506871,  0.907483
  0.506893,  0.867574
  0.506916,  0.827664
  0.506939,  0.787755
  0.506961,  0.747846
  0.506984,  0.707937
  0.507007,  0.668027
  0.507029,  0.628118
  0.507052,  0.588209
  0.507075,  0.548299
  0.507098,  0.508390
  0.507120,  0.468481
  0.507143,  0.428571
  0.507166,  0.388662
  0.507188,  0.348753
  0.507211,  0.308844
  0.507234,  0.268934
  0.507256,  0.229025
  0.507279,  0.189116
  0.507302,  0.149206
  0.507324,  0.109297
  0.507347,  0.069388
  0.507370,  0.029478
  0.507392, -0.010431
  0.507415, -0.050340
  0.507438, -0.090249
  0.507460, -0.130159
  0.507483, -0.170068
  0.507506, -0.209977
  0.507528, -0.249887
  0.507551, -0.289796
  0.507574, -0.329705
  0.507596, -0.369615
  0.507619, -0.409524
  0.507642, -0.449433
  0.507664, -0.489342
  0.507687, -0.529252
  0.507710, -0.569161
  0.507732, -0.609070
  0.507755, -0.648980
  0.507778, -0.688889
  0.507800, -0.728798
  0.507823, -0.768707
  0.507846, -0.808617
  0.507868, -0.848526
  0.507891, -0.888435
  0.507914, -0.928345
  0.507937, -0.968254
  0.507959, -0.991837
  0.507982, -0.951927
  0.508005, -0.912018
  0.508027, -0.872109
  0.508050, -0.832200
  0.508073, -0.792290
  0.508095, -0.752381
  0.508118, -0.712472
  0.508141, -0.672562
  0.508163, -0.632653
  0.508186, -0.592744
  0.508209, -0.552834
  0.508231, -0.512925
  0.508254, -0.473016
  0.508277, -0.433107
  0.508299, -0.393197
  0.508322, -0.353288
  0.508345, -0.313379
  0.508367, -0.273469
  0.508390, -0.233560
  0.508413, -0.193651
  0.508435, -0.153741
  0.508458, -0.113832
  0.508481, -0.073923
  0.508503, -0.034014
  0.508526,  0.005896
  0.508549,  0.045805
  0.508571,  0.085714
  0.508594,  0.125624
  0.508617,  0.165533
  0.508639,  0.205442
  0.508662,  0.245351
  0.508685,  0.285261
  0.508707,  0.325170
  0.508730,  0.365079
  0.508753,  0.404989
  0.508776,  0.444898
  0.508798,  0.484807
  0.508821,  0.524717
  0.508844,  0.564626
  0.508866,  0.604535
  0.508889,  0.644444
  0.508912,  0.684354
  0.508934,  0.724263
  0.508957,  0.764172
  0.508980,  0.804082
  0.509002,  0.843991
  0.509025,  0.883900
  0.509048,  0.923810
  0.509070,  0.963719
  0.509093,  0.996372
  0.509116,  0.956463
  0.509138,  0.916553
  0.509161,  0.876644
  0.509184,  0.836735
  0.509206,  0.796825
  0.509229,  0.756916
  0.509252,  0.717007
  0.509274,  0.677098
  0.509297,  0.637188
  0.509320,  0.597279
  0.509342,  0.557370
  0.509365,  0.517460
  0.509388,  0.477551
  0.509410,  0.437642
  0.509433,  0.397732
  0.509456,  0.357823
  0.509478,  0.317914
  0.509501,  0.278005
  0.509524,  0.238095
  0.509546,  0.198186
  0.509569,  0.158277
  0.509592,  0.118367
  0.509615,  0.078458
  0.509637,  0.038549
  0.509660, -0.001361
  0.509683, -0.041270
  0.509705, -0.081179
  0.509728, -0.121088
  0.509751, -0.160998
  0.509773, -0.200907
  0.509796, -0.240816
  0.509819, -0.280726
  0.509841, -0.320635
  0.509864, -0.360544
  0.509887, -0.400454
  0.509909, -0.440363
  0.509932, -0.480272
  0.509955, -0.520181
  0.509977, -0.560091
  0.510000, -0.600000
  0.510023, -0.639909
  0.510045, -0.679819
  0.510068, -0.719728
  0.510091, -0.759637
  0.510113, -0.799546
  0.510136, -0.839456
  0.510159, -0.879365
  0.510181, -0.919274
  0.510204, -0.959184
  0.510227, -0.999093
  0.510249, -0.960998
  0.510272, -0.921088
  0.510295, -0.881179
  0.510317, -0.841270
  0.510340, -0.801361
  0.510363, -0.761451
  0.510385, -0.721542
  0.510408, -0.681633
  0.510431, -0.641723
  0.510454, -0.601814
  0.510476, -0.561905
  0.510499, -0.521995
  0.510522, -0.482086
  0.510544, -0.442177
  0.510567, -0.402268
  0.510590, -0.362358
  0.510612, -0.322449
  0.510635, -0.282540
  0.510658, -0.242630
  0.510680, -0.202721
  0.510703, -0.162812
  0.510726, -0.122902
  0.510748, -0.082993
  0.510771, -0.043084
  0.510794, -0.003175
  0.510816,  0.036735
  0.510839,  0.076644
  0.510862,  0.116553
  0.510884,  0.156463
  0.510907,  0.196372
  0.510930,  0.236281
  0.510952,  0.276190
  0.510975,  0.316100
  0.510998,  0.356009
  0.511020,  0.395918
  0.511043,  0.435828
  0.511066,  0.475737
  0.511088,  0.515646
  0.511111,  0.555556
  0.511134,  0.595465
  0.511156,  0.635374
  0.511179,  0.675283
  0.511202,  0.715193
  0.511224,  0.755102
  0.511247,  0.795011
  0.511270,  0.834921
  0.511293,  0.874830
  0.511315,  0.914739
  0.511338,  0.954649
  0.511361,  0.994558
  0.511383,  0.965533
  0.511406,  0.925624
  0.511429,  0.885714
  0.511451,  0.845805
  0.511474,  0.805896
  0.511497,  0.765986
  0.511519,  0.726077
  0.511542,  0.686168
  0.511565,  0.646259
  0.511587,  0.606349
  0.511610,  0.566440
  0.511633,  0.526531
  0.511655,  0.486621
  0.511678,  0.446712
  0.511701,  0.406803
  0.511723,  0.366893
  0.511746,  0.326984
  0.511769,  0.287075
  0.511791,  0.247166
  0.511814,  0.207256
  0.511837,  0.167347
  0.511859,  0.127438
  0.511882,  0.087528
  0.511905,  0.047619
  0.511927,  0.007710
  0.511950, -0.032200
  0.511973, -0.072109
  0.511995, -0.112018
  0.512018, -0.151927
  0.512041, -0.191837
  0.512063, -0.231746
  0.512086, -0.271655
  0.512109, -0.311565
  0.512132, -0.351474
  0.512154, -0.391383
  0.512177, -0.431293
  0.512200, -0.471202
  0.512222, -0.511111
  0.512245, -0.551020
  0.512268, -0.590930
  0.512290, -0.630839
  0.512313, -0.670748
  0.512336, -0.710658
  0.512358, -0.750567
  0.512381, -0.790476
  0.512404, -0.830385
  0.512426, -0.870295
  0.512449, -0.910204
  0.512472, -0.950113
  0.512494, -0.990023
  0.512517, -0.970068
  0.512540, -0.930159
  0.512562, -0.890249
  0.512585, -0.850340
  0.512608, -0.810431
  0.512630, -0.770522
  0.512653, -0.730612
  0.512676, -0.690703
  0.512698, -0.650794
  0.512721, -0.610884
  0.512744, -0.570975
  0.512766, -0.531066
  0.512789, -0.491156
  0.512812, -0.451247
  0.512834, -0.411338
  0.512857, -0.371429
  0.512880, -0.331519
  0.512902, -0.291610
  0.512925, -0.251701
  0.512948, -0.211791
  0.512971, -0.171882
  0.512993, -0.131973
  0.513016, -0.092063
  0.513039, -0.052154
  0.513061, -0.012245
  0.513084,  0.027664
  0.513107,  0.067574
  0.513129,  0.107483
  0.513152,  0.147392
  0.513175,  0.187302
  0.513197,  0.227211
  0.513220,  0.267120
  0.513243,  0.307029
  0.513265,  0.346939
  0.513288,  0.386848
  0.513311,  0.426757
  0.513333,  0.466667
  0.513356,  0.506576
  0.513379,  0.546485
  0.513401,  0.586395
  0.513424,  0.626304
  0.513447,  0.666213
  0.513469,  0.706122
  0.513492,  0.746032
  0.513515,  0.785941
  0.513537,  0.825850
  0.513560,  0.865760
  0.513583,  0.905669
  0.513605,  0.945578
  0.513628,  0.985488
  0.513651,  0.974603
  0.513673,  0.934694
  0.513696,  0.894785
  0.513719,  0.854875
  0.513741,  0.814966
  0.513764,  0.775057
  0.513787,  0.735147
  0.513810,  0.695238
  0.513832,  0.655329
  0.513855,  0.615420
  0.513878,  0.575510
  0.513900,  0.535601
  0.513923,  0.495692
  0.513946,  0.455782
  0.513968,  0.415873
  0.513991,  0.375964
  0.514014,  0.336054
  0.514036,  0.296145
  0.514059,  0.256236
  0.514082,  0.216327
  0.514104,  0.176417
  0.514127,  0.136508
  0.514150,  0.096599
  0.514172,  0.056689
  0.514195,  0.016780
  0.514218, -0.023129
  0.514240, -0.063039
  0.514263, -0.102948
  0.514286, -0.142857
  0.514308, -0.182766
  0.514331, -0.222676
  0.514354, -0.262585
  0.514376, -0.302494
  0.514399, -0.342404
  0.514422, -0.382313
  0.514444, -0.422222
  0.514467, -0.462132
  0.514490, -0.502041
  0.514512, -0.541950
  0.514535, -0.581859
  0.514558, -0.621769
  0.514580, -0.661678
  0.514603, -0.701587
  0.514626, -0.741497
  0.514649, -0.781406
  0.514671, -0.821315
  0.514694, -0.861224
  0.514717, -0.901134
  0.514739, -0.941043
  0.514762, -0.980952
  0.514785, -0.979138
  0.514807, -0.939229
  0.514830, -0.899320
  0.514853, -0.859410
  0.514875, -0.819501
  0.514898, -0.779592
  0.514921, -0.739683
  0.514943, -0.699773
  0.514966, -0.659864
  0.514989, -0.619955
  0.515011, -0.580045
  0.515034, -0.540136
  0.515057, -0.500227
  0.515079, -0.460317
  0.515102, -0.420408
  0.515125, -0.380499
  0.515147, -0.340590
  0.515170, -0.300680
  0.515193, -0.260771
  0.515215, -0.220862
  0.515238, -0.180952
  0.515261, -0.141043
  0.515283, -0.101134
  0.515306, -0.061224
  0.515329, -0.021315
  0.515351,  0.018594
  0.515374,  0.058503
  0.515397,  0.098413
  0.515420,  0.138322
  0.515442,  0.178231
  0.515465,  0.218141
  0.515488,  0.258050
  0.515510,  0.297959
  0.515533,  0.337868
  0.515556,  0.377778
  0.515578,  0.417687
  0.515601,  0.457596
  0.515624,  0.497506
  0.515646,  0.537415
  0.515669,  0.577324
  0.515692,  0.617234
  0.515714,  0.657143
  0.515737,  0.697052
  0.515760,  0.736961
  0.515782,  0.776871
  0.515805,  0.816780
  0.515828,  0.856689
  0.515850,  0.896599
  0.515873,  0.936508
  0.515896,  0.976417
  0.515918,  0.983673
  0.515941,  0.943764
  0.515964,  0.903855
  0.515986,  0.863946
  0.516009,  0.824036
  0.516032,  0.784127
  0.516054,  0.744218
  0.516077,  0.704308
  0.516100,  0.664399
  0.516122,  0.624490
  0.516145,  0.584580
  0.516168,  0.544671
  0.516190,  0.504762
  0.516213,  0.464853
  0.516236,  0.424943
  0.516259,  0.385034
  0.516281,  0.345125
  0.516304,  0.305215
  0.516327,  0.265306
  0.516349,  0.225397
  0.516372,  0.185488
  0.516395,  0.145578
  0.516417,  0.105669
  0.516440,  0.065760
  0.516463,  0.025850
  0.516485, -0.014059
  0.516508, -0.053968
  0.516531, -0.093878
  0.516553, -0.133787
  0.516576, -0.173696
  0.516599, -0.213605
  0.516621, -0.253515
  0.516644, -0.293424
  0.516667, -0.333333
  0.516689, -0.373243
  0.516712, -0.413152
  0.516735, -0.453061
  0.516757, -0.492971
  0.516780, -0.532880
  0.516803, -0.572789
  0.516825, -0.612698
  0.516848, -0.652608
  0.516871, -0.692517
  0.516893, -0.732426
  0.516916, -0.772336
  0.516939, -0.812245
  0.516961, -0.852154
  0.516984, -0.892063
  0.517007, -0.931973
  0.517029, -0.971882
  0.517052, -0.988209
  0.517075, -0.948299
  0.517098, -0.908390
  0.517120, -0.868481
  0.517143, -0.828571
  0.517166, -0.788662
  0.517188, -0.748753
  0.517211, -0.708844
  0.517234, -0.668934
  0.517256, -0.629025
  0.517279, -0.589116
  0.517302, -0.549206
  0.517324, -0.509297
  0.517347, -0.469388
  0.517370, -0.429478
  0.517392, -0.389569
  0.517415, -0.349660
  0.517438, -0.309751
  0.517460, -0.269841
  0.517483, -0.229932
  0.517506, -0.190023
  0.517528, -0.150113
  0.517551, -0.110204
  0.517574, -0.070295
  0.517596, -0.030385
  0.517619,  0.009524
  0.517642,  0.049433
  0.517664,  0.089342
  0.517687,  0.129252
  0.517710,  0.169161
  0.517732,  0.209070
  0.517755,  0.248980
  0.517778,  0.288889
  0.517800,  0.328798
  0.517823,  0.368707
  0.517846,  0.408617
  0.517868,  0.448526
  0.517891,  0.488435
  0.517914,  0.528345
  0.517937,  0.568254
  0.517959,  0.608163
  0.517982,  0.648073
  0.518005,  0.687982
  0.518027,  0.727891
  0.518050,  0.767800
  0.518073,  0.807710
  0.518095,  0.847619
  0.518118,  0.887528
  0.518141,  0.927438
  0.518163,  0.967347
  0.518186,  0.992744
  0.518209,  0.952834
  0.518231,  0.912925
  0.518254,  0.873016
  0.518277,  0.833107
  0.518299,  0.793197
  0.518322,  0.753288
  0.518345,  0.713379
  0.518367,  0.673469
  0.518390,  0.633560
  0.518413,  0.593651
  0.518435,  0.553741
  0.518458,  0.513832
  0.518481,  0.473923
  0.518503,  0.434014
  0.518526,  0.394104
  0.518549,  0.354195
  0.518571,  0.314286
  0.518594,  0.274376
  0.518617,  0.234467
  0.518639,  0.194558
  0.518662,  0.154649
  0.518685,  0.114739
  0.518707,  0.074830
  0.518730,  0.034921
  0.518753, -0.004989
  0.518776, -0.044898
  0.518798, -0.084807
  0.518821, -0.124717
  0.518844, -0.164626
  0.518866, -0.204535
  0.518889, -0.244444
  0.518912, -0.284354
  0.518934, -0.324263
  0.518957, -0.364172
  0.518980, -0.404082
  0.519002, -0.443991
  0.519025, -0.483900
  0.519048, -0.523810
  0.519070, -0.563719
  0.519093, -0.603628
  0.519116, -0.643537
  0.519138, -0.683447
  0.519161, -0.723356
  0.519184, -0.763265
  0.519206, -0.803175
  0.519229, -0.843084
  0.519252, -0.882993
  0.519274, -0.922902
  0.519297, -0.962812
  0.519320, -0.997279
  0.519342, -0.957370
  0.519365, -0.917460
  0.519388, -0.877551
  0.519410, -0.837642
  0.519433, -0.797732
  0.519456, -0.757823
  0.519478, -0.717914
  0.519501, -0.678005
  0.519524, -0.638095
  0.519546, -0.598186
  0.519569, -0.558277
  0.519592, -0.518367
  0.519615, -0.478458
  0.519637, -0.438549
  0.519660, -0.398639
  0.519683, -0.358730
  0.519705, -0.318821
  0.519728, -0.278912
  0.519751, -0.239002
  0.519773, -0.199093
  0.519796, -0.159184
  0.519819, -0.119274
  0.519841, -0.079365
  0.519864, -0.039456
  0.519887,  0.000454
  0.519909,  0.040363
  0.519932,  0.080272
  0.519955,  0.120181
  0.519977,  0.160091
  0.520000,  0.200000
  0.520023,  0.239909
  0.520045,  0.279819
  0.520068,  0.319728
  0.520091,  0.359637
  0.520113,  0.399546
  0.520136,  0.439456
  0.520159,  0.479365
  0.520181,  0.519274
  0.520204,  0.559184
  0.520227,  0.599093
  0.520249,  0.639002
  0.520272,  0.678912
  0.520295,  0.718821
  0.520317,  0.758730
  0.520340,  0.798639
  0.520363,  0.838549
  0.520385,  0.878458
  0.520408,  0.918367
  0.520431,  0.958277
  0.520454,  0.998186
  0.520476,  0.961905
  0.520499,  0.921995
  0.520522,  0.882086
  0.520544,  0.842177
  0.520567,  0.802268
  0.520590,  0.762358
  0.520612,  0.722449
  0.520635,  0.682540
  0.520658,  0.642630
  0.520680,  0.602721
  0.520703,  0.562812
  0.520726,  0.522902
  0.520748,  0.482993
  0.520771,  0.443084
  0.520794,  0.403175
  0.520816,  0.363265
  0.520839,  0.323356
  0.520862,  0.283447
  0.520884,  0.243537
  0.520907,  0.203628
  0.520930,  0.163719
  0.520952,  0.123810
  0.520975,  0.083900
  0.520998,  0.043991
  0.521020,  0.004082
  0.521043, -0.035828
  0.521066, -0.075737
  0.521088, -0.115646
  0.521111, -0.155556
  0.521134, -0.195465
  0.521156, -0.235374
  0.521179, -0.275283
  0.521202, -0.315193
  0.521224, -0.355102
  0.521247, -0.395011
  0.521270, -0.434921
  0.521293, -0.474830
  0.521315, -0.514739
  0.521338, -0.554649
  0.521361, -0.594558
  0.521383, -0.634467
  0.521406, -0.674376
  0.521429, -0.714286
  0.521451, -0.754195
  0.521474, -0.794104
  0.521497, -0.834014
  0.521519, -0.873923
  0.521542, -0.913832
  0.521565, -0.953741
  0.521587, -0.993651
  0.521610, -0.966440
  0.521633, -0.926531
  0.521655, -0.886621
  0.521678, -0.846712
  0.521701, -0.806803
  0.521723, -0.766893
  0.521746, -0.726984
  0.521769, -0.687075
  0.521791, -0.647166
  0.521814, -0.607256
  0.521837, -0.567347
  0.521859, -0.527438
  0.521882, -0.487528
  0.521905, -0.447619
  0.521927, -0.407710
  0.521950, -0.367800
  0.521973, -0.327891
  0.521995, -0.287982
  0.522018, -0.248073
  0.522041, -0.208163
  0.522063, -0.168254
  0.522086, -0.128345
  0.522109, -0.088435
  0.522132, -0.048526
  0.522154, -0.008617
  0.522177,  0.031293
  0.522200,  0.071202
  0.522222,  0.111111
  0.522245,  0.151020
  0.522268,  0.190930
  0.522290,  0.230839
  0.522313,  0.270748
  0.522336,  0.310658
  0.522358,  0.350567
  0.522381,  0.390476
  0.522404,  0.430385
  0.522426,  0.470295
  0.522449,  0.510204
  0.522472,  0.550113
  0.522494,  0.590023
  0.522517,  0.629932
  0.522540,  0.669841
  0.522562,  0.709751
  0.522585,  0.749660
  0.522608,  0.789569
  0.522630,  0.829478
  0.522653,  0.869388
  0.522676,  0.909297
  0.522698,  0.949206
  0.522721,  0.989116
  0.522744,  0.970975
  0.522766,  0.931066
  0.522789,  0.891156
  0.522812,  0.851247
  0.522834,  0.811338
  0.522857,  0.771429
  0.522880,  0.731519
  0.522902,  0.691610
  0.522925,  0.651701
  0.522948,  0.611791
  0.522971,  0.571882
  0.522993,  0.531973
  0.523016,  0.492063
  0.523039,  0.452154
  0.523061,  0.412245
  0.523084,  0.372336
  0.523107,  0.332426
  0.523129,  0.292517
  0.523152,  0.252608
  0.523175,  0.212698
  0.523197,  0.172789
  0.523220,  0.132880
  0.523243,  0.092971
  0.523265,  0.053061
  0.523288,  0.013152
  0.523311, -0.026757
  0.523333, -0.066667
  0.523356, -0.106576
  0.523379, -0.146485
  0.523401, -0.186395
  0.523424, -0.226304
  0.523447, -0.266213
  0.523469, -0.306122
  0.523492, -0.346032
  0.523515, -0.385941
  0.523537, -0.425850
  0.523560, -0.465760
  0.523583, -0.505669
  0.523605, -0.545578
  0.523628, -0.585488
  0.523651, -0.625397
  0.523673, -0.665306
  0.523696, -0.705215
  0.523719, -0.745125
  0.523741, -0.785034
  0.523764, -0.824943
  0.523787, -0.864853
  0.523810, -0.904762
  0.523832, -0.944671
  0.523855, -0.984580
  0.523878, -0.975510
  0.523900, -0.935601
  0.523923, -0.895692
  0.523946, -0.855782
  0.523968, -0.815873
  0.523991, -0.775964
  0.524014, -0.736054
  0.524036, -0.696145
  0.524059, -0.656236
  0.524082, -0.616327
  0.524104, -0.576417
  0.524127, -0.536508
  0.524150, -0.496599
  0.524172, -0.456689
  0.524195, -0.416780
  0.524218, -0.376871
  0.524240, -0.336961
  0.524263, -0.297052
  0.524286, -0.257143
  0.524308, -0.217234
  0.524331, -0.177324
  0.524354, -0.137415
  0.524376, -0.097506
  0.524399, -0.057596
  0.524422, -0.017687
  0.524444,  0.022222
  0.524467,  0.062132
  0.524490,  0.102041
  0.524512,  0.141950
  0.524535,  0.181859
  0.524558,  0.221769
  0.524580,  0.261678
  0.524603,  0.301587
  0.524626,  0.341497
  0.524649,  0.381406
  0.524671,  0.421315
  0.524694,  0.461224
  0.524717,  0.501134
  0.524739,  0.541043
  0.524762,  0.580952
  0.524785,  0.620862
  0.524807,  0.660771
  0.524830,  0.700680
  0.524853,  0.740590
  0.524875,  0.780499
  0.524898,  0.820408
  0.524921,  0.860317
  0.524943,  0.900227
  0.524966,  0.940136
  0.524989,  0.980045
  0.525011,  0.980045
  0.525034,  0.940136
  0.525057,  0.900227
  0.525079,  0.860317
  0.525102,  0.820408
  0.525125,  0.780499
  0.525147,  0.740590
  0.525170,  0.700680
  0.525193,  0.660771
  0.525215,  0.620862
  0.525238,  0.580952
  0.525261,  0.541043
  0.525283,  0.501134
  0.525306,  0.461224
  0.525329,  0.421315
  0.525351,  0.381406
  0.525374,  0.341497
  0.525397,  0.301587
  0.525420,  0.261678
  0.525442,  0.221769
  0.525465,  0.181859
  0.525488,  0.141950
  0.525510,  0.102041
  0.525533,  0.062132
  0.525556,  0.022222
  0.525578, -0.017687
  0.525601, -0.057596
  0.525624, -0.097506
  0.525646, -0.137415
  0.525669, -0.177324
  0.525692, -0.217234
  0.525714, -0.257143
  0.525737, -0.297052
  0.525760, -0.336961
  0.525782, -0.376871
  0.525805, -0.416780
  0.525828, -0.456689
  0.525850, -0.496599
  0.525873, -0.536508
  0.525896, -0.576417
  0.525918, -0.616327
  0.525941, -0.656236
  0.525964, -0.696145
  0.525986, -0.736054
  0.526009, -0.775964
  0.526032, -0.815873
  0.526054, -0.855782
  0.526077, -0.895692
  0.526100, -0.935601
  0.526122, -0.975510
  0.526145, -0.984580
  0.526168, -0.944671
  0.526190, -0.904762
  0.526213, -0.864853
  0.526236, -0.824943
  0.526259, -0.785034
  0.526281, -0.745125
  0.526304, -0.705215
  0.526327, -0.665306
  0.526349, -0.625397
  0.526372, -0.585488
  0.526395, -0.545578
  0.526417, -0.505669
  0.526440, -0.465760
  0.526463, -0.425850
  0.526485, -0.385941
  0.526508, -0.346032
  0.526531, -0.306122
  0.526553, -0.266213
  0.526576, -0.226304
  0.526599, -0.186395
  0.526621, -0.146485
  0.526644, -0.106576
  0.526667, -0.066667
  0.526689, -0.026757
  0.526712,  0.013152
  0.526735,  0.053061
  0.526757,  0.092971
  0.526780,  0.132880
  0.526803,  0.172789
  0.526825,  0.212698
  0.526848,  0.252608
  0.526871,  0.292517
  0.526893,  0.332426
  0.526916,  0.372336
  0.526939,  0.412245
  0.526961,  0.452154
  0.526984,  0.492063
  0.527007,  0.531973
  0.527029,  0.571882
  0.527052,  0.611791
  0.527075,  0.651701
  0.527098,  0.691610
  0.527120,  0.731519
  0.527143,  0.771429
  0.527166,  0.811338
  0.527188,  0.851247
  0.527211,  0.891156
  0.527234,  0.931066
  0.527256,  0.970975
  0.527279,  0.989116
  0.527302,  0.949206
  0.527324,  0.909297
  0.527347,  0.869388
  0.527370,  0.829478
  0.527392,  0.789569
  0.527415,  0.749660
  0.527438,  0.709751
  0.527460,  0.669841
  0.527483,  0.629932
  0.527506,  0.590023
  0.527528,  0.550113
  0.527551,  0.510204
  0.527574,  0.470295
  0.527596,  0.430385
  0.527619,  0.390476
  0.527642,  0.350567
  0.527664,  0.310658
  0.527687,  0.270748
  0.527710,  0.230839
  0.527732,  0.190930
  0.527755,  0.151020
  0.527778,  0.111111
  0.527800,  0.071202
  0.527823,  0.031293
  0.527846, -0.008617
  0.527868, -0.048526
  0.527891, -0.088435
  0.527914, -0.128345
  0.527937, -0.168254
  0.527959, -0.208163
  0.527982, -0.248073
  0.528005, -0.287982
  0.528027, -0.327891
  0.528050, -0.367800
  0.528073, -0.407710
  0.528095, -0.447619
  0.528118, -0.487528
  0.528141, -0.527438
  0.528163, -0.567347
  0.528186, -0.607256
  0.528209, -0.647166
  0.528231, -0.687075
  0.528254, -0.726984
  0.528277, -0.766893
  0.528299, -0.806803
  0.528322, -0.846712
  0.528345, -0.886621
  0.528367, -0.926531
  0.528390, -0.966440
  0.528413, -0.993651
  0.528435, -0.953741
  0.528458, -0.913832
  0.528481, -0.873923
  0.528503, -0.834014
  0.528526, -0.794104
  0.528549, -0.754195
  0.528571, -0.714286
  0.528594, -0.674376
  0.528617, -0.634467
  0.528639, -0.594558
  0.528662, -0.554649
  0.528685, -0.514739
  0.528707, -0.474830
  0.528730, -0.434921
  0.528753, -0.395011
  0.528776, -0.355102
  0.528798, -0.315193
  0.528821, -0.275283
  0.528844, -0.235374
  0.528866, -0.195465
  0.528889, -0.155556
  0.528912, -0.115646
  0.528934, -0.075737
  0.528957, -0.035828
  0.528980,  0.004082
  0.529002,  0.043991
  0.529025,  0.083900
  0.529048,  0.123810
  0.529070,  0.163719
  0.529093,  0.203628
  0.529116,  0.243537
  0.529138,  0.283447
  0.529161,  0.323356
  0.529184,  0.363265
  0.529206,  0.403175
  0.529229,  0.443084
  0.529252,  0.482993
  0.529274,  0.522902
  0.529297,  0.562812
  0.529320,  0.602721
  0.529342,  0.642630
  0.529365,  0.682540
  0.529388,  0.722449
  0.529410,  0.762358
  0.529433,  0.802268
  0.529456,  0.842177
  0.529478,  0.882086
  0.529501,  0.921995
  0.529524,  0.961905
  0.529546,  0.998186
  0.529569,  0.958277
  0.529592,  0.918367
  0.529615,  0.878458
  0.529637,  0.838549
  0.529660,  0.798639
  0.529683,  0.758730
  0.529705,  0.718821
  0.529728,  0.678912
  0.529751,  0.639002
  0.529773,  0.599093
  0.529796,  0.559184
  0.529819,  0.519274
  0.529841,  0.479365
  0.529864,  0.439456
  0.529887,  0.399546
  0.529909,  0.359637
  0.529932,  0.319728
  0.529955,  0.279819
  0.529977,  0.239909
  0.530000,  0.200000
  0.530023,  0.160091
  0.530045,  0.120181
  0.530068,  0.080272
  0.530091,  0.040363
  0.530113,  0.000454
  0.530136, -0.039456
  0.530159, -0.079365
  0.530181, -0.119274
  0.530204, -0.159184
  0.530227, -0.199093
  0.530249, -0.239002
  0.530272, -0.278912
  0.530295, -0.318821
  0.530317, -0.358730
  0.530340, -0.398639
  0.530363, -0.438549
  0.530385, -0.478458
  0.530408, -0.518367
  0.530431, -0.558277
  0.530454, -0.598186
  0.530476, -0.638095
  0.530499, -0.678005
  0.530522, -0.717914
  0.530544, -0.757823
  0.530567, -0.797732
  0.530590, -0.837642
  0.530612, -0.877551
  0.530635, -0.917460
  0.530658, -0.957370
  0.530680, -0.997279
  0.530703, -0.962812
  0.530726, -0.922902
  0.530748, -0.882993
  0.530771, -0.843084
  0.530794, -0.803175
  0.530816, -0.763265
  0.530839, -0.723356
  0.530862, -0.683447
  0.530884, -0.643537
  0.530907, -0.603628
  0.530930, -0.563719
  0.530952, -0.523810
  0.530975, -0.483900
  0.530998, -0.443991
  0.531020, -0.404082
  0.531043, -0.364172
  0.531066, -0.324263
  0.531088, -0.284354
  0.531111, -0.244444
  0.531134, -0.204535
  0.531156, -0.164626
  0.531179, -0.124717
  0.531202, -0.084807
  0.531224, -0.044898
  0.531247, -0.004989
  0.531270,  0.034921
  0.531293,  0.074830
  0.531315,  0.114739
  0.531338,  0.154649
  0.531361,  0.194558
  0.531383,  0.234467
  0.531406,  0.274376
  0.531429,  0.314286
  0.531451,  0.354195
  0.531474,  0.394104
  0.531497,  0.434014
  0.531519,  0.473923
  0.531542,  0.513832
  0.531565,  0.553741
  0.531587,  0.593651
  0.531610,  0.633560
  0.531633,  0.673469
  0.531655,  0.713379
  0.531678,  0.753288
  0.531701,  0.793197
  0.531723,  0.833107
  0.531746,  0.873016
  0.531769,  0.912925
  0.531791,  0.952834
  0.531814,  0.992744
  0.531837,  0.967347
  0.531859,  0.927438
  0.531882,  0.887528
  0.531905,  0.847619
  0.531927,  0.807710
  0.531950,  0.767800
  0.531973,  0.727891
  0.531995,  0.687982
  0.532018,  0.648073
  0.532041,  0.608163
  0.532063,  0.568254
  0.532086,  0.528345
  0.532109,  0.488435
  0.532132,  0.448526
  0.532154,  0.408617
  0.532177,  0.368707
  0.532200,  0.328798
  0.532222,  0.288889
  0.532245,  0.248980
  0.532268,  0.209070
  0.532290,  0.169161
  0.532313,  0.129252
  0.532336,  0.089342
  0.532358,  0.049433
  0.532381,  0.009524
  0.532404, -0.030385
  0.532426, -0.070295
  0.532449, -0.110204
  0.532472, -0.150113
  0.532494, -0.190023
  0.532517, -0.229932
  0.532540, -0.269841
  0.532562, -0.309751
  0.532585, -0.349660
  0.532608, -0.389569
  0.532630, -0.429478
  0.532653, -0.469388
  0.532676, -0.509297
  0.532698, -0.549206
  0.532721, -0.589116
  0.532744, -0.629025
  0.532766, -0.668934
  0.532789, -0.708844
  0.532812, -0.748753
  0.532834, -0.788662
  0.532857, -0.828571
  0.532880, -0.868481
  0.532902, -0.908390
  0.532925, -0.948299
  0.532948, -0.988209
  0.532971, -0.971882
  0.532993, -0.931973
  0.533016, -0.892063
  0.533039, -0.852154
  0.533061, -0.812245
  0.533084, -0.772336
  0.533107, -0.732426
  0.533129, -0.692517
  0.533152, -0.652608
  0.533175, -0.612698
  0.533197, -0.572789
  0.533220, -0.532880
  0.533243, -0.492971
  0.533265, -0.453061
  0.533288, -0.413152
  0.533311, -0.373243
  0.533333, -0.333333
  0.533356, -0.293424
  0.533379, -0.253515
  0.533401, -0.213605
  0.533424, -0.173696
  0.533447, -0.133787
  0.533469, -0.093878
  0.533492, -0.053968
  0.533515, -0.014059
  0.533537,  0.025850
  0.533560,  0.065760
  0.533583,  0.105669
  0.533605,  0.145578
  0.533628,  0.185488
  0.533651,  0.225397
  0.533673,  0.265306
  0.533696,  0.305215
  0.533719,  0.345125
  0.533741,  0.385034
  0.533764,  0.424943
  0.533787,  0.464853
  0.533810,  0.504762
  0.533832,  0.544671
  0.533855,  0.584580
  0.533878,  0.624490
  0.533900,  0.664399
  0.533923,  0.704308
  0.533946,  0.744218
  0.533968,  0.784127
  0.533991,  0.824036
  0.534014,  0.863946
  0.534036,  0.903855
  0.534059,  0.943764
  0.534082,  0.983673
  0.534104,  0.976417
  0.534127,  0.936508
  0.534150,  0.896599
  0.534172,  0.856689
  0.534195,  0.816780
  0.534218,  0.776871
  0.534240,  0.736961
  0.534263,  0.697052
  0.534286,  0.657143
  0.534308,  0.617234
  0.534331,  0.577324
  0.534354,  0.537415
  0.534376,  0.497506
  0.534399,  0.457596
  0.534422,  0.417687
  0.534444,  0.377778
  0.534467,  0.337868
  0.534490,  0.297959
  0.534512,  0.258050
  0.534535,  0.218141
  0.534558,  0.178231
  0.534580,  0.138322
  0.534603,  0.098413
  0.534626,  0.058503
  0.534649,  0.018594
  0.534671, -0.021315
  0.534694, -0.061224
  0.534717, -0.101134
  0.534739, -0.141043
  0.534762, -0.180952
  0.534785, -0.220862
  0.534807, -0.260771
  0.534830, -0.300680
  0.534853, -0.340590
  0.534875, -0.380499
  0.534898, -0.420408
  0.534921, -0.460317
  0.534943, -0.500227
  0.534966, -0.540136
  0.534989, -0.580045
  0.535011, -0.619955
  0.535034, -0.659864
  0.535057, -0.699773
  0.535079, -0.739683
  0.535102, -0.779592
  0.535125, -0.819501
  0.535147, -0.859410
  0.535170, -0.899320
  0.535193, -0.939229
  0.535215, -0.979138
  0.535238, -0.980952
  0.535261, -0.941043
  0.535283, -0.901134
  0.535306, -0.861224
  0.535329, -0.821315
  0.535351, -0.781406
  0.535374, -0.741497
  0.535397, -0.701587
  0.535420, -0.661678
  0.535442, -0.621769
  0.535465, -0.581859
  0.535488, -0.541950
  0.535510, -0.502041
  0.535533, -0.462132
  0.535556, -0.422222
  0.535578, -0.382313
  0.535601, -0.342404
  0.535624, -0.302494
  0.535646, -0.262585
  0.535669, -0.222676
  0.535692, -0.182766
  0.535714, -0.142857
  0.535737, -0.102948
  0.535760, -0.063039
  0.535782, -0.023129
  0.535805,  0.016780
  0.535828,  0.056689
  0.535850,  0.096599
  0.535873,  0.136508
  0.535896,  0.176417
  0.535918,  0.216327
  0.535941,  0.256236
  0.535964,  0.296145
  0.535986,  0.336054
  0.536009,  0.375964
  0.536032,  0.415873
  0.536054,  0.455782
  0.536077,  0.495692
  0.536100,  0.535601
  0.536122,  0.575510
  0.536145,  0.615420
  0.536168,  0.655329
  0.536190,  0.695238
  0.536213,  0.735147
  0.536236,  0.775057
  0.536259,  0.814966
  0.536281,  0.854875
  0.536304,  0.894785
  0.536327,  0.934694
  0.536349,  0.974603
  0.536372,  0.985488
  0.536395,  0.945578
  0.536417,  0.905669
  0.536440,  0.865760
  0.536463,  0.825850
  0.536485,  0.785941
  0.536508,  0.746032
  0.536531,  0.706122
  0.536553,  0.666213
  0.536576,  0.626304
  0.536599,  0.586395
  0.536621,  0.546485
  0.536644,  0.506576
  0.536667,  0.466667
  0.536689,  0.426757
  0.536712,  0.386848
  0.536735,  0.346939
  0.536757,  0.307029
  0.536780,  0.267120
  0.536803,  0.227211
  0.536825,  0.187302
  0.536848,  0.147392
  0.536871,  0.107483
  0.536893,  0.067574
  0.536916,  0.027664
  0.536939, -0.012245
  0.536961, -0.052154
  0.536984, -0.092063
  0.537007, -0.131973
  0.537029, -0.171882
  0.537052, -0.211791
  0.537075, -0.251701
  0.537098, -0.291610
  0.537120, -0.331519
  0.537143, -0.371429
  0.537166, -0.411338
  0.537188, -0.451247
  0.537211, -0.491156
  0.537234, -0.531066
  0.537256, -0.570975
  0.537279, -0.610884
  0.537302, -0.650794
  0.537324, -0.690703
  0.537347, -0.730612
  0.537370, -0.770522
  0.537392, -0.810431
  0.537415, -0.850340
  0.537438, -0.890249
  0.537460, -0.930159
  0.537483, -0.970068
  0.537506, -0.990023
  0.537528, -0.950113
  0.537551, -0.910204
  0.537574, -0.870295
  0.537596, -0.830385
  0.537619, -0.790476
  0.537642, -0.750567
  0.537664, -0.710658
  0.537687, -0.670748
  0.537710, -0.630839
  0.537732, -0.590930
  0.537755, -0.551020
  0.537778, -0.511111
  0.537800, -0.471202
  0.537823, -0.431293
  0.537846, -0.391383
  0.537868, -0.351474
  0.537891, -0.311565
  0.537914, -0.271655
  0.537937, -0.231746
  0.537959, -0.191837
  0.537982, -0.151927
  0.538005, -0.112018
  0.538027, -0.072109
  0.538050, -0.032200
  0.538073,  0.007710
  0.538095,  0.047619
  0.538118,  0.087528
  0.538141,  0.127438
  0.538163,  0.167347
  0.538186,  0.207256
  0.538209,  0.247166
  0.538231,  0.287075
  0.538254,  0.326984
  0.538277,  0.366893
  0.538299,  0.406803
  0.538322,  0.446712
  0.538345,  0.486621
  0.538367,  0.526531
  0.538390,  0.566440
  0.538413,  0.606349
  0.538435,  0.646259
  0.538458,  0.686168
  0.538481,  0.726077
  0.538503,  0.765986
  0.538526,  0.805896
  0.538549,  0.845805
  0.538571,  0.885714
  0.538594,  0.925624
  0.538617,  0.965533
  0.538639,  0.994558
  0.538662,  0.954649
  0.538685,  0.914739
  0.538707,  0.874830
  0.538730,  0.834921
  0.538753,  0.795011
  0.538776,  0.755102
  0.538798,  0.715193
  0.538821,  0.675283
  0.538844,  0.635374
  0.538866,  0.595465
  0.538889,  0.555556
  0.538912,  0.515646
  0.538934,  0.475737
  0.538957,  0.435828
  0.538980,  0.395918
  0.539002,  0.356009
  0.539025,  0.316100
  0.539048,  0.276190
  0.539070,  0.236281
  0.539093,  0.196372
  0.539116,  0.156463
  0.539138,  0.116553
  0.539161,  0.076644
  0.539184,  0.036735
  0.539206, -0.003175
  0.539229, -0.043084
  0.539252, -0.082993
  0.539274, -0.122902
  0.539297, -0.162812
  0.539320, -0.202721
  0.539342, -0.242630
  0.539365, -0.282540
  0.539388, -0.322449
  0.539410, -0.362358
  0.539433, -0.402268
  0.539456, -0.442177
  0.539478, -0.482086
  0.539501, -0.521995
  0.539524, -0.561905
  0.539546, -0.601814
  0.539569, -0.641723
  0.539592, -0.681633
  0.539615, -0.721542
  0.539637, -0.761451
  0.539660, -0.801361
  0.539683, -0.841270
  0.539705, -0.881179
  0.539728, -0.921088
  0.539751, -0.960998
  0.539773, -0.999093
  0.539796, -0.959184
  0.539819, -0.919274
  0.539841, -0.879365
  0.539864, -0.839456
  0.539887, -0.799546
  0.539909, -0.759637
  0.539932, -0.719728
  0.539955, -0.679819
  0.539977, -0.639909
  0.540000, -0.600000
  0.540023, -0.560091
  0.540045, -0.520181
  0.540068, -0.480272
  0.540091, -0.440363
  0.540113, -0.400454
  0.540136, -0.360544
  0.540159, -0.320635
  0.540181, -0.280726
  0.540204, -0.240816
  0.540227, -0.200907
  0.540249, -0.160998
  0.540272, -0.121088
  0.540295, -0.081179
  0.540317, -0.041270
  0.540340, -0.001361
  0.540363,  0.038549
  0.540385,  0.078458
  0.540408,  0.118367
  0.540431,  0.158277
  0.540454,  0.198186
  0.540476,  0.238095
  0.540499,  0.278005
  0.540522,  0.317914
  0.540544,  0.357823
  0.540567,  0.397732
  0.540590,  0.437642
  0.540612,  0.477551
  0.540635,  0.517460
  0.540658,  0.557370
  0.540680,  0.597279
  0.540703,  0.637188
  0.540726,  0.677098
  0.540748,  0.717007
  0.540771,  0.756916
  0.540794,  0.796825
  0.540816,  0.836735
  0.540839,  0.876644
  0.540862,  0.916553
  0.540884,  0.956463
  0.540907,  0.996372
  0.540930,  0.963719
  0.540952,  0.923810
  0.540975,  0.883900
  0.540998,  0.843991
  0.541020,  0.804082
  0.541043,  0.764172
  0.541066,  0.724263
  0.541088,  0.684354
  0.541111,  0.644444
  0.541134,  0.604535
  0.541156,  0.564626
  0.541179,  0.524717
  0.541202,  0.484807
  0.541224,  0.444898
  0.541247,  0.404989
  0.541270,  0.365079
  0.541293,  0.325170
  0.541315,  0.285261
  0.541338,  0.245351
  0.541361,  0.205442
  0.541383,  0.165533
  0.541406,  0.125624
  0.541429,  0.085714
  0.541451,  0.045805
  0.541474,  0.005896
  0.541497, -0.034014
  0.541519, -0.073923
  0.541542, -0.113832
  0.541565, -0.153741
  0.541587, -0.193651
  0.541610, -0.233560
  0.541633, -0.273469
  0.541655, -0.313379
  0.541678, -0.353288
  0.541701, -0.393197
  0.541723, -0.433107
  0.541746, -0.473016
  0.541769, -0.512925
  0.541791, -0.552834
  0.541814, -0.592744
  0.541837, -0.632653
  0.541859, -0.672562
  0.541882, -0.712472
  0.541905, -0.752381
  0.541927, -0.792290
  0.541950, -0.832200
  0.541973, -0.872109
  0.541995, -0.912018
  0.542018, -0.951927
  0.542041, -0.991837
  0.542063, -0.968254
  0.542086, -0.928345
  0.542109, -0.888435
  0.542132, -0.848526
  0.542154, -0.808617
  0.542177, -0.768707
  0.542200, -0.728798
  0.542222, -0.688889
  0.542245, -0.648980
  0.542268, -0.609070
  0.542290, -0.569161
  0.542313, -0.529252
  0.542336, -0.489342
  0.542358, -0.449433
  0.542381, -0.409524
  0.542404, -0.369615
  0.542426, -0.329705
  0.542449, -0.289796
  0.542472, -0.249887
  0.542494, -0.209977
  0.542517, -0.170068
  0.542540, -0.130159
  0.542562, -0.090249
  0.542585, -0.050340
  0.542608, -0.010431
  0.542630,  0.029478
  0.542653,  0.069388
  0.542676,  0.109297
  0.542698,  0.149206
  0.542721,  0.189116
  0.542744,  0.229025
  0.542766,  0.268934
  0.542789,  0.308844
  0.542812,  0.348753
  0.542834,  0.388662
  0.542857,  0.428571
  0.542880,  0.468481
  0.542902,  0.508390
  0.542925,  0.548299
  0.542948,  0.588209
  0.542971,  0.628118
  0.542993,  0.668027
  0.543016,  0.707937
  0.543039,  0.747846
  0.543061,  0.787755
  0.543084,  0.827664
  0.543107,  0.867574
  0.543129,  0.907483
  0.543152,  0.947392
  0.543175,  0.987302
  0.543197,  0.972789
  0.543220,  0.932880
  0.543243,  0.892971
  0.543265,  0.853061
  0.543288,  0.813152
  0.543311,  0.773243
  0.543333,  0.733333
  0.543356,  0.693424
  0.543379,  0.653515
  0.543401,  0.613605
  0.543424,  0.573696
  0.543447,  0.533787
  0.543469,  0.493878
  0.543492,  0.453968
  0.543515,  0.414059
  0.543537,  0.374150
  0.543560,  0.334240
  0.543583,  0.294331
  0.543605,  0.254422
  0.543628,  0.214512
  0.543651,  0.174603
  0.543673,  0.134694
  0.543696,  0.094785
  0.543719,  0.054875
  0.543741,  0.014966
  0.543764, -0.024943
  0.543787, -0.064853
  0.543810, -0.104762
  0.543832, -0.144671
  0.543855, -0.184580
  0.543878, -0.224490
  0.543900, -0.264399
  0.543923, -0.304308
  0.543946, -0.344218
  0.543968, -0.384127
  0.543991, -0.424036
  0.544014, -0.463946
  0.544036, -0.503855
  0.544059, -0.543764
  0.544082, -0.583673
  0.544104, -0.623583
  0.544127, -0.663492
  0.544150, -0.703401
  0.544172, -0.743311
  0.544195, -0.783220
  0.544218, -0.823129
  0.544240, -0.863039
  0.544263, -0.902948
  0.544286, -0.942857
  0.544308, -0.982766
  0.544331, -0.977324
  0.544354, -0.937415
  0.544376, -0.897506
  0.544399, -0.857596
  0.544422, -0.817687
  0.544444, -0.777778
  0.544467, -0.737868
  0.544490, -0.697959
  0.544512, -0.658050
  0.544535, -0.618141
  0.544558, -0.578231
  0.544580, -0.538322
  0.544603, -0.498413
  0.544626, -0.458503
  0.544649, -0.418594
  0.544671, -0.378685
  0.544694, -0.338776
  0.544717, -0.298866
  0.544739, -0.258957
  0.544762, -0.219048
  0.544785, -0.179138
  0.544807, -0.139229
  0.544830, -0.099320
  0.544853, -0.059410
  0.544875, -0.019501
  0.544898,  0.020408
  0.544921,  0.060317
  0.544943,  0.100227
  0.544966,  0.140136
  0.544989,  0.180045
  0.545011,  0.219955
  0.545034,  0.259864
  0.545057,  0.299773
  0.545079,  0.339683
  0.545102,  0.379592
  0.545125,  0.419501
  0.545147,  0.459410
  0.545170,  0.499320
  0.545193,  0.539229
  0.545215,  0.579138
  0.545238,  0.619048
  0.545261,  0.658957
  0.545283,  0.698866
  0.545306,  0.738776
  0.545329,  0.778685
  0.545351,  0.818594
  0.545374,  0.858503
  0.545397,  0.898413
  0.545420,  0.938322
  0.545442,  0.978231
  0.545465,  0.981859
  0.545488,  0.941950
  0.545510,  0.902041
  0.545533,  0.862132
  0.545556,  0.822222
  0.545578,  0.782313
  0.545601,  0.742404
  0.545624,  0.702494
  0.545646,  0.662585
  0.545669,  0.622676
  0.545692,  0.582766
  0.545714,  0.542857
  0.545737,  0.502948
  0.545760,  0.463039
  0.545782,  0.423129
  0.545805,  0.383220
  0.545828,  0.343311
  0.545850,  0.303401
  0.545873,  0.263492
  0.545896,  0.223583
  0.545918,  0.183673
  0.545941,  0.143764
  0.545964,  0.103855
  0.545986,  0.063946
  0.546009,  0.024036
  0.546032, -0.015873
  0.546054, -0.055782
  0.546077, -0.095692
  0.546100, -0.135601
  0.546122, -0.175510
  0.546145, -0.215420
  0.546168, -0.255329
  0.546190, -0.295238
  0.546213, -0.335147
  0.546236, -0.375057
  0.546259, -0.414966
  0.546281, -0.454875
  0.546304, -0.494785
  0.546327, -0.534694
  0.546349, -0.574603
  0.546372, -0.614512
  0.546395, -0.654422
  0.546417, -0.694331
  0.546440, -0.734240
  0.546463, -0.774150
  0.546485, -0.814059
  0.546508, -0.853968
  0.546531, -0.893878
  0.546553, -0.933787
  0.546576, -0.973696
  0.546599, -0.986395
  0.546621, -0.946485
  0.546644, -0.906576
  0.546667, -0.866667
  0.546689, -0.826757
  0.546712, -0.786848
  0.546735, -0.746939
  0.546757, -0.707029
  0.546780, -0.667120
  0.546803, -0.627211
  0.546825, -0.587302
  0.546848, -0.547392
  0.546871, -0.507483
  0.546893, -0.467574
  0.546916, -0.427664
  0.546939, -0.387755
  0.546961, -0.347846
  0.546984, -0.307937
  0.547007, -0.268027
  0.547029, -0.228118
  0.547052, -0.188209
  0.547075, -0.148299
  0.547098, -0.108390
  0.547120, -0.068481
  0.547143, -0.028571
  0.547166,  0.011338
  0.547188,  0.051247
  0.547211,  0.091156
  0.547234,  0.131066
  0.547256,  0.170975
  0.547279,  0.210884
  0.547302,  0.250794
  0.547324,  0.290703
  0.547347,  0.330612
  0.547370,  0.370522
  0.547392,  0.410431
  0.547415,  0.450340
  0.547438,  0.490249
  0.547460,  0.530159
  0.547483,  0.570068
  0.547506,  0.609977
  0.547528,  0.649887
  0.547551,  0.689796
  0.547574,  0.729705
  0.547596,  0.769615
  0.547619,  0.809524
  0.547642,  0.849433
  0.547664,  0.889342
  0.547687,  0.929252
  0.547710,  0.969161
  0.547732,  0.990930
  0.547755,  0.951020
  0.547778,  0.911111
  0.547800,  0.871202
  0.547823,  0.831293
  0.547846,  0.791383
  0.547868,  0.751474
  0.547891,  0.711565
  0.547914,  0.671655
  0.547937,  0.631746
  0.547959,  0.591837
  0.547982,  0.551927
  0.548005,  0.512018
  0.548027,  0.472109
  0.548050,  0.432200
  0.548073,  0.392290
  0.548095,  0.352381
  0.548118,  0.312472
  0.548141,  0.272562
  0.548163,  0.232653
  0.548186,  0.192744
  0.548209,  0.152834
  0.548231,  0.112925
  0.548254,  0.073016
  0.548277,  0.033107
  0.548299, -0.006803
  0.548322, -0.046712
  0.548345, -0.086621
  0.548367, -0.126531
  0.548390, -0.166440
  0.548413, -0.206349
  0.548435, -0.246259
  0.548458, -0.286168
  0.548481, -0.326077
  0.548503, -0.365986
  0.548526, -0.405896
  0.548549, -0.445805
  0.548571, -0.485714
  0.548594, -0.525624
  0.548617, -0.565533
  0.548639, -0.605442
  0.548662, -0.645351
  0.548685, -0.685261
  0.548707, -0.725170
  0.548730, -0.765079
  0.548753, -0.804989
  0.548776, -0.844898
  0.548798, -0.884807
  0.548821, -0.924717
  0.548844, -0.964626
  0.548866, -0.995465
  0.548889, -0.955556
  0.548912, -0.915646
  0.548934, -0.875737
  0.548957, -0.835828
  0.548980, -0.795918
  0.549002, -0.756009
  0.549025, -0.716100
  0.549048, -0.676190
  0.549070, -0.636281
  0.549093, -0.596372
  0.549116, -0.556463
  0.549138, -0.516553
  0.549161, -0.476644
  0.549184, -0.436735
  0.549206, -0.396825
  0.549229, -0.356916
  0.549252, -0.317007
  0.549274, -0.277098
  0.549297, -0.237188
  0.549320, -0.197279
  0.549342, -0.157370
  0.549365, -0.117460
  0.549388, -0.077551
  0.549410, -0.037642
  0.549433,  0.002268
  0.549456,  0.042177
  0.549478,  0.082086
  0.549501,  0.121995
  0.549524,  0.161905
  0.549546,  0.201814
  0.549569,  0.241723
  0.549592,  0.281633
  0.549615,  0.321542
  0.549637,  0.361451
  0.549660,  0.401361
  0.549683,  0.441270
  0.549705,  0.481179
  0.549728,  0.521088
  0.549751,  0.560998
  0.549773,  0.600907
  0.549796,  0.640816
  0.549819,  0.680726
  0.549841,  0.720635
  0.549864,  0.760544
  0.549887,  0.800454
  0.549909,  0.840363
  0.549932,  0.880272
  0.549955,  0.920181
  0.549977,  0.960091
  0.550000,  1.000000
  0.550023,  0.960091
  0.550045,  0.920181
  0.550068,  0.880272
  0.550091,  0.840363
  0.550113,  0.800454
  0.550136,  0.760544
  0.550159,  0.720635
  0.550181,  0.680726
  0.550204,  0.640816
  0.550227,  0.600907
  0.550249,  0.560998
  0.550272,  0.521088
  0.550295,  0.481179
  0.550317,  0.441270
  0.550340,  0.401361
  0.550363,  0.361451
  0.550385,  0.321542
  0.550408,  0.281633
  0.550431,  0.241723
  0.550454,  0.201814
  0.550476,  0.161905
  0.550499,  0.121995
  0.550522,  0.082086
  0.550544,  0.042177
  0.550567,  0.002268
  0.550590, -0.037642
  0.550612, -0.077551
  0.550635, -0.117460
  0.550658, -0.157370
  0.550680, -0.197279
  0.550703, -0.237188
  0.550726, -0.277098
  0.550748, -0.317007
  0.550771, -0.356916
  0.550794, -0.396825
  0.550816, -0.436735
  0.550839, -0.476644
  0.550862, -0.516553
  0.550884, -0.556463
  0.550907, -0.596372
  0.550930, -0.636281
  0.550952, -0.676190
  0.550975, -0.716100
  0.550998, -0.756009
  0.551020, -0.795918
  0.551043, -0.835828
  0.551066, -0.875737
  0.551088, -0.915646
  0.551111, -0.955556
  0.551134, -0.995465
  0.551156, -0.964626
  0.551179, -0.924717
  0.551202, -0.884807
  0.551224, -0.844898
  0.551247, -0.804989
  0.551270, -0.765079
  0.551293, -0.725170
  0.551315, -0.685261
  0.551338, -0.645351
  0.551361, -0.605442
  0.551383, -0.565533
  0.551406, -0.525624
  0.551429, -0.485714
  0.551451, -0.445805
  0.551474, -0.405896
  0.551497, -0.365986
  0.551519, -0.326077
  0.551542, -0.286168
  0.551565, -0.246259
  0.551587, -0.206349
  0.551610, -0.166440
  0.551633, -0.126531
  0.551655, -0.086621
  0.551678, -0.046712
  0.551701, -0.006803
  0.551723,  0.033107
  0.551746,  0.073016
  0.551769,  0.112925
  0.551791,  0.152834
  0.551814,  0.192744
  0.551837,  0.232653
  0.551859,  0.272562
  0.551882,  0.312472
  0.551905,  0.352381
  0.551927,  0.392290
  0.551950,  0.432200
  0.551973,  0.472109
  0.551995,  0.512018
  0.552018,  0.551927
  0.552041,  0.591837
  0.552063,  0.631746
  0.552086,  0.671655
  0.552109,  0.711565
  0.552132,  0.751474
  0.552154,  0.791383
  0.552177,  0.831293
  0.552200,  0.871202
  0.552222,  0.911111
  0.552245,  0.951020
  0.552268,  0.990930
  0.552290,  0.969161
  0.552313,  0.929252
  0.552336,  0.889342
  0.552358,  0.849433
  0.552381,  0.809524
  0.552404,  0.769615
  0.552426,  0.729705
  0.552449,  0.689796
  0.552472,  0.649887
  0.552494,  0.609977
  0.552517,  0.570068
  0.552540,  0.530159
  0.552562,  0.490249
  0.552585,  0.450340
  0.552608,  0.410431
  0.552630,  0.370522
  0.552653,  0.330612
  0.552676,  0.290703
  0.552698,  0.250794
  0.552721,  0.210884
  0.552744,  0.170975
  0.552766,  0.131066
  0.552789,  0.091156
  0.552812,  0.051247
  0.552834,  0.011338
  0.552857, -0.028571
  0.552880, -0.068481
  0.552902, -0.108390
  0.552925, -0.148299
  0.552948, -0.188209
  0.552971, -0.228118
  0.552993, -0.268027
  0.553016, -0.307937
  0.553039, -0.347846
  0.553061, -0.387755
  0.553084, -0.427664
  0.553107, -0.467574
  0.553129, -0.507483
  0.553152, -0.547392
  0.553175, -0.587302
  0.553197, -0.627211
  0.553220, -0.667120
  0.553243, -0.707029
  0.553265, -0.746939
  0.553288, -0.786848
  0.553311, -0.826757
  0.553333, -0.866667
  0.553356, -0.906576
  0.553379, -0.946485
  0.553401, -0.986395
  0.553424, -0.973696
  0.553447, -0.933787
  0.553469, -0.893878
  0.553492, -0.853968
  0.553515, -0.814059
  0.553537, -0.774150
  0.553560, -0.734240
  0.553583, -0.694331
  0.553605, -0.654422
  0.553628, -0.614512
  0.553651, -0.574603
  0.553673, -0.534694
  0.553696, -0.494785
  0.553719, -0.454875
  0.553741, -0.414966
  0.553764, -0.375057
  0.553787, -0.335147
  0.553810, -0.295238
  0.553832, -0.255329
  0.553855, -0.215420
  0.553878, -0.175510
  0.553900, -0.135601
  0.553923, -0.095692
  0.553946, -0.055782
  0.553968, -0.015873
  0.553991,  0.024036
  0.554014,  0.063946
  0.554036,  0.103855
  0.554059,  0.143764
  0.554082,  0.183673
  0.554104,  0.223583
  0.554127,  0.263492
  0.554150,  0.303401
  0.554172,  0.343311
  0.554195,  0.383220
  0.554218,  0.423129
  0.554240,  0.463039
  0.554263,  0.502948
  0.554286,  0.542857
  0.554308,  0.582766
  0.554331,  0.622676
  0.554354,  0.662585
  0.554376,  0.702494
  0.554399,  0.742404
  0.554422,  0.782313
  0.554444,  0.822222
  0.554467,  0.862132
  0.554490,  0.902041
  0.554512,  0.941950
  0.554535,  0.981859
  0.554558,  0.978231
  0.554580,  0.938322
  0.554603,  0.898413
  0.554626,  0.858503
  0.554649,  0.818594
  0.554671,  0.778685
  0.554694,  0.738776
  0.554717,  0.698866
  0.554739,  0.658957
  0.554762,  0.619048
  0.554785,  0.579138
  0.554807,  0.539229
  0.554830,  0.499320
  0.554853,  0.459410
  0.554875,  0.419501
  0.554898,  0.379592
  0.554921,  0.339683
  0.554943,  0.299773
  0.554966,  0.259864
  0.554989,  0.219955
  0.555011,  0.180045
  0.555034,  0.140136
  0.555057,  0.100227
  0.555079,  0.060317
  0.555102,  0.020408
  0.555125, -0.019501
  0.555147, -0.059410
  0.555170, -0.099320
  0.555193, -0.139229
  0.555215, -0.179138
  0.555238, -0.219048
  0.555261, -0.258957
  0.555283, -0.298866
  0.555306, -0.338776
  0.555329, -0.378685
  0.555351, -0.418594
  0.555374, -0.458503
  0.555397, -0.498413
  0.555420, -0.538322
  0.555442, -0.578231
  0.555465, -0.618141
  0.555488, -0.658050
  0.555510, -0.697959
  0.555533, -0.737868
  0.555556, -0.777778
  0.555578, -0.817687
  0.555601, -0.857596
  0.555624, -0.897506
  0.555646, -0.937415
  0.555669, -0.977324
  0.555692, -0.982766
  0.555714, -0.942857
  0.555737, -0.902948
  0.555760, -0.863039
  0.555782, -0.823129
  0.555805, -0.783220
  0.555828, -0.743311
  0.555850, -0.703401
  0.555873, -0.663492
  0.555896, -0.623583
  0.555918, -0.583673
  0.555941, -0.543764
  0.555964, -0.503855
  0.555986, -0.463946
  0.556009, -0.424036
  0.556032, -0.384127
  0.556054, -0.344218
  0.556077, -0.304308
  0.556100, -0.264399
  0.556122, -0.224490
  0.556145, -0.184580
  0.556168, -0.144671
  0.556190, -0.104762
  0.556213, -0.064853
  0.556236, -0.024943
  0.556259,  0.014966
  0.556281,  0.054875
  0.556304,  0.094785
  0.556327,  0.134694
  0.556349,  0.174603
  0.556372,  0.214512
  0.556395,  0.254422
  0.556417,  0.294331
  0.556440,  0.334240
  0.556463,  0.374150
  0.556485,  0.414059
  0.556508,  0.453968
  0.556531,  0.493878
  0.556553,  0.533787
  0.556576,  0.573696
  0.556599,  0.613605
  0.556621,  0.653515
  0.556644,  0.693424
  0.556667,  0.733333
  0.556689,  0.773243
  0.556712,  0.813152
  0.556735,  0.853061
  0.556757,  0.892971
  0.556780,  0.932880
  0.556803,  0.972789
  0.556825,  0.987302
  0.556848,  0.947392
  0.556871,  0.907483
  0.556893,  0.867574
  0.556916,  0.827664
  0.556939,  0.787755
  0.556961,  0.747846
  0.556984,  0.707937
  0.557007,  0.668027
  0.557029,  0.628118
  0.557052,  0.588209
  0.557075,  0.548299
  0.557098,  0.508390
  0.557120,  0.468481
  0.557143,  0.428571
  0.557166,  0.388662
  0.557188,  0.348753
  0.557211,  0.308844
  0.557234,  0.268934
  0.557256,  0.229025
  0.557279,  0.189116
  0.557302,  0.149206
  0.557324,  0.109297
  0.557347,  0.069388
  0.557370,  0.029478
  0.557392, -0.010431
  0.557415, -0.050340
  0.557438, -0.090249
  0.557460, -0.130159
  0.557483, -0.170068
  0.557506, -0.209977
  0.557528, -0.249887
  0.557551, -0.289796
  0.557574, -0.329705
  0.557596, -0.369615
  0.557619, -0.409524
  0.557642, -0.449433
  0.557664, -0.489342
  0.557687, -0.529252
  0.557710, -0.569161
  0.557732, -0.609070
  0.557755, -0.648980
  0.557778, -0.688889
  0.557800, -0.728798
  0.557823, -0.768707
  0.557846, -0.808617
  0.557868, -0.848526
  0.557891, -0.888435
  0.557914, -0.928345
  0.557937, -0.968254
  0.557959, -0.991837
  0.557982, -0.951927
  0.558005, -0.912018
  0.558027, -0.872109
  0.558050, -0.832200
  0.558073, -0.792290
  0.558095, -0.752381
  0.558118, -0.712472
  0.558141, -0.672562
  0.558163, -0.632653
  0.558186, -0.592744
  0.558209, -0.552834
  0.558231, -0.512925
  0.558254, -0.473016
  0.558277, -0.433107
  0.558299, -0.393197
  0.558322, -0.353288
  0.558345, -0.313379
  0.558367, -0.273469
  0.558390, -0.233560
  0.558413, -0.193651
  0.558435, -0.153741
  0.558458, -0.113832
  0.558481, -0.073923
  0.558503, -0.034014
  0.558526,  0.005896
  0.558549,  0.045805
  0.558571,  0.085714
  0.558594,  0.125624
  0.558617,  0.165533
  0.558639,  0.205442
  0.558662,  0.245351
  0.558685,  0.285261
  0.558707,  0.325170
  0.558730,  0.365079
  0.558753,  0.404989
  0.558776,  0.444898
  0.558798,  0.484807
  0.558821,  0.524717
  0.558844,  0.564626
  0.558866,  0.604535
  0.558889,  0.644444
  0.558912,  0.684354
  0.558934,  0.724263
  0.558957,  0.764172
  0.558980,  0.804082
  0.559002,  0.843991
  0.559025,  0.883900
  0.559048,  0.923810
  0.559070,  0.963719
  0.559093,  0.996372
  0.559116,  0.956463
  0.559138,  0.916553
  0.559161,  0.876644
  0.559184,  0.836735
  0.559206,  0.796825
  0.559229,  0.756916
  0.559252,  0.717007
  0.559274,  0.677098
  0.559297,  0.637188
  0.559320,  0.597279
  0.559342,  0.557370
  0.559365,  0.517460
  0.559388,  0.477551
  0.559410,  0.437642
  0.559433,  0.397732
  0.559456,  0.357823
  0.559478,  0.317914
  0.559501,  0.278005
  0.559524,  0.238095
  0.559546,  0.198186
  0.559569,  0.158277
  0.559592,  0.118367
  0.559615,  0.078458
  0.559637,  0.038549
  0.559660, -0.001361
  0.559683, -0.041270
  0.559705, -0.081179
  0.559728, -0.121088
  0.559751, -0.160998
  0.559773, -0.200907
  0.559796, -0.240816
  0.559819, -0.280726
  0.559841, -0.320635
  0.559864, -0.360544
  0.559887, -0.400454
  0.559909, -0.440363
  0.559932, -0.480272
  0.559955, -0.520181
  0.559977, -0.560091
  0.560000, -0.600000
  0.560023, -0.639909
  0.560045, -0.679819
  0.560068, -0.719728
  0.560091, -0.759637
  0.560113, -0.799546
  0.560136, -0.839456
  0.560159, -0.879365
  0.560181, -0.919274
  0.560204, -0.959184
  0.560227, -0.999093
  0.560249, -0.960998
  0.560272, -0.921088
  0.560295, -0.881179
  0.560317, -0.841270
  0.560340, -0.801361
  0.560363, -0.761451
  0.560385, -0.721542
  0.560408, -0.681633
  0.560431, -0.641723
  0.560454, -0.601814
  0.560476, -0.561905
  0.560499, -0.521995
  0.560522, -0.482086
  0.560544, -0.442177
  0.560567, -0.402268
  0.560590, -0.362358
  0.560612, -0.322449
  0.560635, -0.282540
  0.560658, -0.242630
  0.560680, -0.202721
  0.560703, -0.162812
  0.560726, -0.122902
  0.560748, -0.082993
  0.560771, -0.043084
  0.560794, -0.003175
  0.560816,  0.036735
  0.560839,  0.076644
  0.560862,  0.116553
  0.560884,  0.156463
  0.560907,  0.196372
  0.560930,  0.236281
  0.560952,  0.276190
  0.560975,  0.316100
  0.560998,  0.356009
  0.561020,  0.395918
  0.561043,  0.435828
  0.561066,  0.475737
  0.561088,  0.515646
  0.561111,  0.555556
  0.561134,  0.595465
  0.561156,  0.635374
  0.561179,  0.675283
  0.561202,  0.715193
  0.561224,  0.755102
  0.561247,  0.795011
  0.561270,  0.834921
  0.561293,  0.874830
  0.561315,  0.914739
  0.561338,  0.954649
  0.561361,  0.994558
  0.561383,  0.965533
  0.561406,  0.925624
  0.561429,  0.885714
  0.561451,  0.845805
  0.561474,  0.805896
  0.561497,  0.765986
  0.561519,  0.726077
  0.561542,  0.686168
  0.561565,  0.646259
  0.561587,  0.606349
  0.561610,  0.566440
  0.561633,  0.526531
  0.561655,  0.486621
  0.561678,  0.446712
  0.561701,  0.406803
  0.561723,  0.366893
  0.561746,  0.326984
  0.561769,  0.287075
  0.561791,  0.247166
  0.561814,  0.207256
  0.561837,  0.167347
  0.561859,  0.127438
  0.561882,  0.087528
  0.561905,  0.047619
  0.561927,  0.007710
  0.561950, -0.032200
  0.561973, -0.072109
  0.561995, -0.112018
  0.562018, -0.151927
  0.562041, -0.191837
  0.562063, -0.231746
  0.562086, -0.271655
  0.562109, -0.311565
  0.562132, -0.351474
  0.562154, -0.391383
  0.562177, -0.431293
  0.562200, -0.471202
  0.562222, -0.511111
  0.562245, -0.551020
  0.562268, -0.590930
  0.562290, -0.630839
  0.562313, -0.670748
  0.562336, -0.710658
  0.562358, -0.750567
  0.562381, -0.790476
  0.562404, -0.830385
  0.562426, -0.870295
  0.562449, -0.910204
  0.562472, -0.950113
  0.562494, -0.990023
  0.562517, -0.970068
  0.562540, -0.930159
  0.562562, -0.890249
  0.562585, -0.850340
  0.562608, -0.810431
  0.562630, -0.770522
  0.562653, -0.730612
  0.562676, -0.690703
  0.562698, -0.650794
  0.562721, -0.610884
  0.562744, -0.570975
  0.562766, -0.531066
  0.562789, -0.491156
  0.562812, -0.451247
  0.562834, -0.411338
  0.562857, -0.371429
  0.562880, -0.331519
  0.562902, -0.291610
  0.562925, -0.251701
  0.562948, -0.211791
  0.562971, -0.171882
  0.562993, -0.131973
  0.563016, -0.092063
  0.563039, -0.052154
  0.563061, -0.012245
  0.563084,  0.027664
  0.563107,  0.067574
  0.563129,  0.107483
  0.563152,  0.147392
  0.563175,  0.187302
  0.563197,  0.227211
  0.563220,  0.267120
  0.563243,  0.307029
  0.563265,  0.346939
  0.563288,  0.386848
  0.563311,  0.426757
  0.563333,  0.466667
  0.563356,  0.506576
  0.563379,  0.546485
  0.563401,  0.586395
  0.563424,  0.626304
  0.563447,  0.666213
  0.563469,  0.706122
  0.563492,  0.746032
  0.563515,  0.785941
  0.563537,  0.825850
  0.563560,  0.865760
  0.563583,  0.905669
  0.563605,  0.945578
  0.563628,  0.985488
  0.563651,  0.974603
  0.563673,  0.934694
  0.563696,  0.894785
  0.563719,  0.854875
  0.563741,  0.814966
  0.563764,  0.775057
  0.563787,  0.735147
  0.563810,  0.695238
  0.563832,  0.655329
  0.563855,  0.615420
  0.563878,  0.575510
  0.563900,  0.535601
  0.563923,  0.495692
  0.563946,  0.455782
  0.563968,  0.415873
  0.563991,  0.375964
  0.564014,  0.336054
  0.564036,  0.296145
  0.564059,  0.256236
  0.564082,  0.216327
  0.564104,  0.176417
  0.564127,  0.136508
  0.564150,  0.096599
  0.564172,  0.056689
  0.564195,  0.016780
  0.564218, -0.023129
  0.564240, -0.063039
  0.564263, -0.102948
  0.564286, -0.142857
  0.564308, -0.182766
  0.564331, -0.222676
  0.564354, -0.262585
  0.564376, -0.302494
  0.564399, -0.342404
  0.564422, -0.382313
  0.564444, -0.422222
  0.564467, -0.462132
  0.564490, -0.502041
  0.564512, -0.541950
  0.564535, -0.581859
  0.564558, -0.621769
  0.564580, -0.661678
  0.564603, -0.701587
  0.564626, -0.741497
  0.564649, -0.781406
  0.564671, -0.821315
  0.564694, -0.861224
  0.564717, -0.901134
  0.564739, -0.941043
  0.564762, -0.980952
  0.564785, -0.979138
  0.564807, -0.939229
  0.564830, -0.899320
  0.564853, -0.859410
  0.564875, -0.819501
  0.564898, -0.779592
  0.564921, -0.739683
  0.564943, -0.699773
  0.564966, -0.659864
  0.564989, -0.619955
  0.565011, -0.580045
  0.565034, -0.540136
  0.565057, -0.500227
  0.565079, -0.460317
  0.565102, -0.420408
  0.565125, -0.380499
  0.565147, -0.340590
  0.565170, -0.300680
  0.565193, -0.260771
  0.565215, -0.220862
  0.565238, -0.180952
  0.565261, -0.141043
  0.565283, -0.101134
  0.565306, -0.061224
  0.565329, -0.021315
  0.565351,  0.018594
  0.565374,  0.058503
  0.565397,  0.098413
  0.565420,  0.138322
  0.565442,  0.178231
  0.565465,  0.218141
  0.565488,  0.258050
  0.565510,  0.297959
  0.565533,  0.337868
  0.565556,  0.377778
  0.565578,  0.417687
  0.565601,  0.457596
  0.565624,  0.497506
  0.565646,  0.537415
  0.565669,  0.577324
  0.565692,  0.617234
  0.565714,  0.657143
  0.565737,  0.697052
  0.565760,  0.736961
  0.565782,  0.776871
  0.565805,  0.816780
  0.565828,  0.856689
  0.565850,  0.896599
  0.565873,  0.936508
  0.565896,  0.976417
  0.565918,  0.983673
  0.565941,  0.943764
  0.565964,  0.903855
  0.565986,  0.863946
  0.566009,  0.824036
  0.566032,  0.784127
  0.566054,  0.744218
  0.566077,  0.704308
  0.566100,  0.664399
  0.566122,  0.624490
  0.566145,  0.584580
  0.566168,  0.544671
  0.566190,  0.504762
  0.566213,  0.464853
  0.566236,  0.424943
  0.566259,  0.385034
  0.566281,  0.345125
  0.566304,  0.305215
  0.566327,  0.265306
  0.566349,  0.225397
  0.566372,  0.185488
  0.566395,  0.145578
  0.566417,  0.105669
  0.566440,  0.065760
  0.566463,  0.025850
  0.566485, -0.014059
  0.566508, -0.053968
  0.566531, -0.093878
  0.566553, -0.133787
  0.566576, -0.173696
  0.566599, -0.213605
  0.566621, -0.253515
  0.566644, -0.293424
  0.566667, -0.333333
  0.566689, -0.373243
  0.566712, -0.413152
  0.566735, -0.453061
  0.566757, -0.492971
  0.566780, -0.532880
  0.566803, -0.572789
  0.566825, -0.612698
  0.566848, -0.652608
  0.566871, -0.692517
  0.566893, -0.732426
  0.566916, -0.772336
  0.566939, -0.812245
  0.566961, -0.852154
  0.566984, -0.892063
  0.567007, -0.931973
  0.567029, -0.971882
  0.567052, -0.988209
  0.567075, -0.948299
  0.567098, -0.908390
  0.567120, -0.868481
  0.567143, -0.828571
  0.567166, -0.788662
  0.567188, -0.748753
  0.567211, -0.708844
  0.567234, -0.668934
  0.567256, -0.629025
  0.567279, -0.589116
  0.567302, -0.549206
  0.567324, -0.509297
  0.567347, -0.469388
  0.567370, -0.429478
  0.567392, -0.389569
  0.567415, -0.349660
  0.567438, -0.309751
  0.567460, -0.269841
  0.567483, -0.229932
  0.567506, -0.190023
  0.567528, -0.150113
  0.567551, -0.110204
  0.567574, -0.070295
  0.567596, -0.030385
  0.567619,  0.009524
  0.567642,  0.049433
  0.567664,  0.089342
  0.567687,  0.129252
  0.567710,  0.169161
  0.567732,  0.209070
  0.567755,  0.248980
  0.567778,  0.288889
  0.567800,  0.328798
  0.567823,  0.368707
  0.567846,  0.408617
  0.567868,  0.448526
  0.567891,  0.488435
  0.567914,  0.528345
  0.567937,  0.568254
  0.567959,  0.608163
  0.567982,  0.648073
  0.568005,  0.687982
  0.568027,  0.727891
  0.568050,  0.767800
  0.568073,  0.807710
  0.568095,  0.847619
  0.568118,  0.887528
  0.568141,  0.927438
  0.568163,  0.967347
  0.568186,  0.992744
  0.568209,  0.952834
  0.568231,  0.912925
  0.568254,  0.873016
  0.568277,  0.833107
  0.568299,  0.793197
  0.568322,  0.753288
  0.568345,  0.713379
  0.568367,  0.673469
  0.568390,  0.633560
  0.568413,  0.593651
  0.568435,  0.553741
  0.568458,  0.513832
  0.568481,  0.473923
  0.568503,  0.434014
  0.568526,  0.394104
  0.568549,  0.354195
  0.568571,  0.314286
  0.568594,  0.274376
  0.568617,  0.234467
  0.568639,  0.194558
  0.568662,  0.154649
  0.568685,  0.114739
  0.568707,  0.074830
  0.568730,  0.034921
  0.568753, -0.004989
  0.568776, -0.044898
  0.568798, -0.084807
  0.568821, -0.124717
  0.568844, -0.164626
  0.568866, -0.204535
  0.568889, -0.244444
  0.568912, -0.284354
  0.568934, -0.324263
  0.568957, -0.364172
  0.568980, -0.404082
  0.569002, -0.443991
  0.569025, -0.483900
  0.569048, -0.523810
  0.569070, -0.563719
  0.569093, -0.603628
  0.569116, -0.643537
  0.569138, -0.683447
  0.569161, -0.723356
  0.569184, -0.763265
  0.569206, -0.803175
  0.569229, -0.843084
  0.569252, -0.882993
  0.569274, -0.922902
  0.569297, -0.962812
  0.569320, -0.997279
  0.569342, -0.957370
  0.569365, -0.917460
  0.569388, -0.877551
  0.569410, -0.837642
  0.569433, -0.797732
  0.569456, -0.757823
  0.569478, -0.717914
  0.569501, -0.678005
  0.569524, -0.638095
  0.569546, -0.598186
  0.569569, -0.558277
  0.569592, -0.518367
  0.569615, -0.478458
  0.569637, -0.438549
  0.569660, -0.398639
  0.569683, -0.358730
  0.569705, -0.318821
  0.569728, -0.278912
  0.569751, -0.239002
  0.569773, -0.199093
  0.569796, -0.159184
  0.569819, -0.119274
  0.569841, -0.079365
  0.569864, -0.039456
  0.569887,  0.000454
  0.569909,  0.040363
  0.569932,  0.080272
  0.569955,  0.120181
  0.569977,  0.160091
  0.570000,  0.200000
  0.570023,  0.239909
  0.570045,  0.279819
  0.570068,  0.319728
  0.570091,  0.359637
  0.570113,  0.399546
  0.570136,  0.439456
  0.570159,  0.479365
  0.570181,  0.519274
  0.570204,  0.559184
  0.570227,  0.599093
  0.570249,  0.639002
  0.570272,  0.678912
  0.570295,  0.718821
  0.570317,  0.758730
  0.570340,  0.798639
  0.570363,  0.838549
  0.570385,  0.878458
  0.570408,  0.918367
  0.570431,  0.958277
  0.570454,  0.998186
  0.570476,  0.961905
  0.570499,  0.921995
  0.570522,  0.882086
  0.570544,  0.842177
  0.570567,  0.802268
  0.570590,  0.762358
  0.570612,  0.722449
  0.570635,  0.682540
  0.570658,  0.642630
  0.570680,  0.602721
  0.570703,  0.562812
  0.570726,  0.522902
  0.570748,  0.482993
  0.570771,  0.443084
  0.570794,  0.403175
  0.570816,  0.363265
  0.570839,  0.323356
  0.570862,  0.283447
  0.570884,  0.243537
  0.570907,  0.203628
  0.570930,  0.163719
  0.570952,  0.123810
  0.570975,  0.083900
  0.570998,  0.043991
  0.571020,  0.004082
  0.571043, -0.035828
  0.571066, -0.075737
  0.571088, -0.115646
  0.571111, -0.155556
  0.571134, -0.195465
  0.571156, -0.235374
  0.571179, -0.275283
  0.571202, -0.315193
  0.571224, -0.355102
  0.571247, -0.395011
  0.571270, -0.434921
  0.571293, -0.474830
  0.571315, -0.514739
  0.571338, -0.554649
  0.571361, -0.594558
  0.571383, -0.634467
  0.571406, -0.674376
  0.571429, -0.714286
  0.571451, -0.754195
  0.571474, -0.794104
  0.571497, -0.834014
  0.571519, -0.873923
  0.571542, -0.913832
  0.571565, -0.953741
  0.571587, -0.993651
  0.571610, -0.966440
  0.571633, -0.926531
  0.571655, -0.886621
  0.571678, -0.846712
  0.571701, -0.806803
  0.571723, -0.766893
  0.571746, -0.726984
  0.571769, -0.687075
  0.571791, -0.647166
  0.571814, -0.607256
  0.571837, -0.567347
  0.571859, -0.527438
  0.571882, -0.487528
  0.571905, -0.447619
  0.571927, -0.407710
  0.571950, -0.367800
  0.571973, -0.327891
  0.571995, -0.287982
  0.572018, -0.248073
  0.572041, -0.208163
  0.572063, -0.168254
  0.572086, -0.128345
  0.572109, -0.088435
  0.572132, -0.048526
  0.572154, -0.008617
  0.572177,  0.031293
  0.572200,  0.071202
  0.572222,  0.111111
  0.572245,  0.151020
  0.572268,  0.190930
  0.572290,  0.230839
  0.572313,  0.270748
  0.572336,  0.310658
  0.572358,  0.350567
  0.572381,  0.390476
  0.572404,  0.430385
  0.572426,  0.470295
  0.572449,  0.510204
  0.572472,  0.550113
  0.572494,  0.590023
  0.572517,  0.629932
  0.572540,  0.669841
  0.572562,  0.709751
  0.572585,  0.749660
  0.572608,  0.789569
  0.572630,  0.829478
  0.572653,  0.869388
  0.572676,  0.909297
  0.572698,  0.949206
  0.572721,  0.989116
  0.572744,  0.970975
  0.572766,  0.931066
  0.572789,  0.891156
  0.572812,  0.851247
  0.572834,  0.811338
  0.572857,  0.771429
  0.572880,  0.731519
  0.572902,  0.691610
  0.572925,  0.651701
  0.572948,  0.611791
  0.572971,  0.571882
  0.572993,  0.531973
  0.573016,  0.492063
  0.573039,  0.452154
  0.573061,  0.412245
  0.573084,  0.372336
  0.573107,  0.332426
  0.573129,  0.292517
  0.573152,  0.252608
  0.573175,  0.212698
  0.573197,  0.172789
  0.573220,  0.132880
  0.573243,  0.092971
  0.573265,  0.053061
  0.573288,  0.013152
  0.573311, -0.026757
  0.573333, -0.066667
  0.573356, -0.106576
  0.573379, -0.146485
  0.573401, -0.186395
  0.573424, -0.226304
  0.573447, -0.266213
  0.573469, -0.306122
  0.573492, -0.346032
  0.573515, -0.385941
  0.573537, -0.425850
  0.573560, -0.465760
  0.573583, -0.505669
  0.573605, -0.545578
  0.573628, -0.585488
  0.573651, -0.625397
  0.573673, -0.665306
  0.573696, -0.705215
  0.573719, -0.745125
  0.573741, -0.785034
  0.573764, -0.824943
  0.573787, -0.864853
  0.573810, -0.904762
  0.573832, -0.944671
  0.573855, -0.984580
  0.573878, -0.975510
  0.573900, -0.935601
  0.573923, -0.895692
  0.573946, -0.855782
  0.573968, -0.815873
  0.573991, -0.775964
  0.574014, -0.736054
  0.574036, -0.696145
  0.574059, -0.656236
  0.574082, -0.616327
  0.574104, -0.576417
  0.574127, -0.536508
  0.574150, -0.496599
  0.574172, -0.456689
  0.574195, -0.416780
  0.574218, -0.376871
  0.574240, -0.336961
  0.574263, -0.297052
  0.574286, -0.257143
  0.574308, -0.217234
  0.574331, -0.177324
  0.574354, -0.137415
  0.574376, -0.097506
  0.574399, -0.057596
  0.574422, -0.017687
  0.574444,  0.022222
  0.574467,  0.062132
  0.574490,  0.102041
  0.574512,  0.141950
  0.574535,  0.181859
  0.574558,  0.221769
  0.574580,  0.261678
  0.574603,  0.301587
  0.574626,  0.341497
  0.574649,  0.381406
  0.574671,  0.421315
  0.574694,  0.461224
  0.574717,  0.501134
  0.574739,  0.541043
  0.574762,  0.580952
  0.574785,  0.620862
  0.574807,  0.660771
  0.574830,  0.700680
  0.574853,  0.740590
  0.574875,  0.780499
  0.574898,  0.820408
  0.574921,  0.860317
  0.574943,  0.900227
  0.574966,  0.940136
  0.574989,  0.980045
  0.575011,  0.980045
  0.575034,  0.940136
  0.575057,  0.900227
  0.575079,  0.860317
  0.575102,  0.820408
  0.575125,  0.780499
  0.575147,  0.740590
  0.575170,  0.700680
  0.575193,  0.660771
  0.575215,  0.620862
  0.575238,  0.580952
  0.575261,  0.541043
  0.575283,  0.501134
  0.575306,  0.461224
  0.575329,  0.421315
  0.575351,  0.381406
  0.575374,  0.341497
  0.575397,  0.301587
  0.575420,  0.261678
  0.575442,  0.221769
  0.575465,  0.181859
  0.575488,  0.141950
  0.575510,  0.102041
  0.575533,  0.062132
  0.575556,  0.022222
  0.575578, -0.017687
  0.575601, -0.057596
  0.575624, -0.097506
  0.575646, -0.137415
  0.575669, -0.177324
  0.575692, -0.217234
  0.575714, -0.257143
  0.575737, -0.297052
  0.575760, -0.336961
  0.575782, -0.376871
  0.575805, -0.416780
  0.575828, -0.456689
  0.575850, -0.496599
  0.575873, -0.536508
  0.575896, -0.576417
  0.575918, -0.616327
  0.575941, -0.656236
  0.575964, -0.696145
  0.575986, -0.736054
  0.576009, -0.775964
  0.576032, -0.815873
  0.576054, -0.855782
  0.576077, -0.895692
  0.576100, -0.935601
  0.576122, -0.975510
  0.576145, -0.984580
  0.576168, -0.944671
  0.576190, -0.904762
  0.576213, -0.864853
  0.576236, -0.824943
  0.576259, -0.785034
  0.576281, -0.745125
  0.576304, -0.705215
  0.576327, -0.665306
  0.576349, -0.625397
  0.576372, -0.585488
  0.576395, -0.545578
  0.576417, -0.505669
  0.576440, -0.465760
  0.576463, -0.425850
  0.576485, -0.385941
  0.576508, -0.346032
  0.576531, -0.306122
  0.576553, -0.266213
  0.576576, -0.226304
  0.576599, -0.186395
  0.576621, -0.146485
  0.576644, -0.106576
  0.576667, -0.066667
  0.576689, -0.026757
  0.576712,  0.013152
  0.576735,  0.053061
  0.576757,  0.092971
  0.576780,  0.132880
  0.576803,  0.172789
  0.576825,  0.212698
  0.576848,  0.252608
  0.576871,  0.292517
  0.576893,  0.332426
  0.576916,  0.372336
  0.576939,  0.412245
  0.576961,  0.452154
  0.576984,  0.492063
  0.577007,  0.531973
  0.577029,  0.571882
  0.577052,  0.611791
  0.577075,  0.651701
  0.577098,  0.691610
  0.577120,  0.731519
  0.577143,  0.771429
  0.577166,  0.811338
  0.577188,  0.851247
  0.577211,  0.891156
  0.577234,  0.931066
  0.577256,  0.970975
  0.577279,  0.989116
  0.577302,  0.949206
  0.577324,  0.909297
  0.577347,  0.869388
  0.577370,  0.829478
  0.577392,  0.789569
  0.577415,  0.749660
  0.577438,  0.709751
  0.577460,  0.669841
  0.577483,  0.629932
  0.577506,  0.590023
  0.577528,  0.550113
  0.577551,  0.510204
  0.577574,  0.470295
  0.577596,  0.430385
  0.577619,  0.390476
  0.577642,  0.350567
  0.577664,  0.310658
  0.577687,  0.270748
  0.577710,  0.230839
  0.577732,  0.190930
  0.577755,  0.151020
  0.577778,  0.111111
  0.577800,  0.071202
  0.577823,  0.031293
  0.577846, -0.008617
  0.577868, -0.048526
  0.577891, -0.088435
  0.577914, -0.128345
  0.577937, -0.168254
  0.577959, -0.208163
  0.577982, -0.248073
  0.578005, -0.287982
  0.578027, -0.327891
  0.578050, -0.367800
  0.578073, -0.407710
  0.578095, -0.447619
  0.578118, -0.487528
  0.578141, -0.527438
  0.578163, -0.567347
  0.578186, -0.607256
  0.578209, -0.647166
  0.578231, -0.687075
  0.578254, -0.726984
  0.578277, -0.766893
  0.578299, -0.806803
  0.578322, -0.846712
  0.578345, -0.886621
  0.578367, -0.926531
  0.578390, -0.966440
  0.578413, -0.993651
  0.578435, -0.953741
  0.578458, -0.913832
  0.578481, -0.873923
  0.578503, -0.834014
  0.578526, -0.794104
  0.578549, -0.754195
  0.578571, -0.714286
  0.578594, -0.674376
  0.578617, -0.634467
  0.578639, -0.594558
  0.578662, -0.554649
  0.578685, -0.514739
  0.578707, -0.474830
  0.578730, -0.434921
  0.578753, -0.395011
  0.578776, -0.355102
  0.578798, -0.315193
  0.578821, -0.275283
  0.578844, -0.235374
  0.578866, -0.195465
  0.578889, -0.155556
  0.578912, -0.115646
  0.578934, -0.075737
  0.578957, -0.035828
  0.578980,  0.004082
  0.579002,  0.043991
  0.579025,  0.083900
  0.579048,  0.123810
  0.579070,  0.163719
  0.579093,  0.203628
  0.579116,  0.243537
  0.579138,  0.283447
  0.579161,  0.323356
  0.579184,  0.363265
  0.579206,  0.403175
  0.579229,  0.443084
  0.579252,  0.482993
  0.579274,  0.522902
  0.579297,  0.562812
  0.579320,  0.602721
  0.579342,  0.642630
  0.579365,  0.682540
  0.579388,  0.722449
  0.579410,  0.762358
  0.579433,  0.802268
  0.579456,  0.842177
  0.579478,  0.882086
  0.579501,  0.921995
  0.579524,  0.961905
  0.579546,  0.998186
  0.579569,  0.958277
  0.579592,  0.918367
  0.579615,  0.878458
  0.579637,  0.838549
  0.579660,  0.798639
  0.579683,  0.758730
  0.579705,  0.718821
  0.579728,  0.678912
  0.579751,  0.639002
  0.579773,  0.599093
  0.579796,  0.559184
  0.579819,  0.519274
  0.579841,  0.479365
  0.579864,  0.439456
  0.579887,  0.399546
  0.579909,  0.359637
  0.579932,  0.319728
  0.579955,  0.279819
  0.579977,  0.239909
  0.580000,  0.200000
  0.580023,  0.160091
  0.580045,  0.120181
  0.580068,  0.080272
  0.580091,  0.040363
  0.580113,  0.000454
  0.580136, -0.039456
  0.580159, -0.079365
  0.580181, -0.119274
  0.580204, -0.159184
  0.580227, -0.199093
  0.580249, -0.239002
  0.580272, -0.278912
  0.580295, -0.318821
  0.580317, -0.358730
  0.580340, -0.398639
  0.580363, -0.438549
  0.580385, -0.478458
  0.580408, -0.518367
  0.580431, -0.558277
  0.580454, -0.598186
  0.580476, -0.638095
  0.580499, -0.678005
  0.580522, -0.717914
  0.580544, -0.757823
  0.580567, -0.797732
  0.580590, -0.837642
  0.580612, -0.877551
  0.580635, -0.917460
  0.580658, -0.957370
  0.580680, -0.997279
  0.580703, -0.962812
  0.580726, -0.922902
  0.580748, -0.882993
  0.580771, -0.843084
  0.580794, -0.803175
  0.580816, -0.763265
  0.580839, -0.723356
  0.580862, -0.683447
  0.580884, -0.643537
  0.580907, -0.603628
  0.580930, -0.563719
  0.580952, -0.523810
  0.580975, -0.483900
  0.580998, -0.443991
  0.581020, -0.404082
  0.581043, -0.364172
  0.581066, -0.324263
  0.581088, -0.284354
  0.581111, -0.244444
  0.581134, -0.204535
  0.581156, -0.164626
  0.581179, -0.124717
  0.581202, -0.084807
  0.581224, -0.044898
  0.581247, -0.004989
  0.581270,  0.034921
  0.581293,  0.074830
  0.581315,  0.114739
  0.581338,  0.154649
  0.581361,  0.194558
  0.581383,  0.234467
  0.581406,  0.274376
  0.581429,  0.314286
  0.581451,  0.354195
  0.581474,  0.394104
  0.581497,  0.434014
  0.581519,  0.473923
  0.581542,  0.513832
  0.581565,  0.553741
  0.581587,  0.593651
  0.581610,  0.633560
  0.581633,  0.673469
  0.581655,  0.713379
  0.581678,  0.753288
  0.581701,  0.793197
  0.581723,  0.833107
  0.581746,  0.873016
  0.581769,  0.912925
  0.581791,  0.952834
  0.581814,  0.992744
  0.581837,  0.967347
  0.581859,  0.927438
  0.581882,  0.887528
  0.581905,  0.847619
  0.581927,  0.807710
  0.581950,  0.767800
  0.581973,  0.727891
  0.581995,  0.687982
  0.582018,  0.648073
  0.582041,  0.608163
  0.582063,  0.568254
  0.582086,  0.528345
  0.582109,  0.488435
  0.582132,  0.448526
  0.582154,  0.408617
  0.582177,  0.368707
  0.582200,  0.328798
  0.582222,  0.288889
  0.582245,  0.248980
  0.582268,  0.209070
  0.582290,  0.169161
  0.582313,  0.129252
  0.582336,  0.089342
  0.582358,  0.049433
  0.582381,  0.009524
  0.582404, -0.030385
  0.582426, -0.070295
  0.582449, -0.110204
  0.582472, -0.150113
  0.582494, -0.190023
  0.582517, -0.229932
  0.582540, -0.269841
  0.582562, -0.309751
  0.582585, -0.349660
  0.582608, -0.389569
  0.582630, -0.429478
  0.582653, -0.469388
  0.582676, -0.509297
  0.582698, -0.549206
  0.582721, -0.589116
  0.582744, -0.629025
  0.582766, -0.668934
  0.582789, -0.708844
  0.582812, -0.748753
  0.582834, -0.788662
  0.582857, -0.828571
  0.582880, -0.868481
  0.582902, -0.908390
  0.582925, -0.948299
  0.582948, -0.988209
  0.582971, -0.971882
  0.582993, -0.931973
  0.583016, -0.892063
  0.583039, -0.852154
  0.583061, -0.812245
  0.583084, -0.772336
  0.583107, -0.732426
  0.583129, -0.692517
  0.583152, -0.652608
  0.583175, -0.612698
  0.583197, -0.572789
  0.583220, -0.532880
  0.583243, -0.492971
  0.583265, -0.453061
  0.583288, -0.413152
  0.583311, -0.373243
  0.583333, -0.333333
  0.583356, -0.293424
  0.583379, -0.253515
  0.583401, -0.213605
  0.583424, -0.173696
  0.583447, -0.133787
  0.583469, -0.093878
  0.583492, -0.053968
  0.583515, -0.014059
  0.583537,  0.025850
  0.583560,  0.065760
  0.583583,  0.105669
  0.583605,  0.145578
  0.583628,  0.185488
  0.583651,  0.225397
  0.583673,  0.265306
  0.583696,  0.305215
  0.583719,  0.345125
  0.583741,  0.385034
  0.583764,  0.424943
  0.583787,  0.464853
  0.583810,  0.504762
  0.583832,  0.544671
  0.583855,  0.584580
  0.583878,  0.624490
  0.583900,  0.664399
  0.583923,  0.704308
  0.583946,  0.744218
  0.583968,  0.784127
  0.583991,  0.824036
  0.584014,  0.863946
  0.584036,  0.903855
  0.584059,  0.943764
  0.584082,  0.983673
  0.584104,  0.976417
  0.584127,  0.936508
  0.584150,  0.896599
  0.584172,  0.856689
  0.584195,  0.816780
  0.584218,  0.776871
  0.584240,  0.736961
  0.584263,  0.697052
  0.584286,  0.657143
  0.584308,  0.617234
  0.584331,  0.577324
  0.584354,  0.537415
  0.584376,  0.497506
  0.584399,  0.457596
  0.584422,  0.417687
  0.584444,  0.377778
  0.584467,  0.337868
  0.584490,  0.297959
  0.584512,  0.258050
  0.584535,  0.218141
  0.584558,  0.178231
  0.584580,  0.138322
  0.584603,  0.098413
  0.584626,  0.058503
  0.584649,  0.018594
  0.584671, -0.021315
  0.584694, -0.061224
  0.584717, -0.101134
  0.584739, -0.141043
  0.584762, -0.180952
  0.584785, -0.220862
  0.584807, -0.260771
  0.584830, -0.300680
  0.584853, -0.340590
  0.584875, -0.380499
  0.584898, -0.420408
  0.584921, -0.460317
  0.584943, -0.500227
  0.584966, -0.540136
  0.584989, -0.580045
  0.585011, -0.619955
  0.585034, -0.659864
  0.585057, -0.699773
  0.585079, -0.739683
  0.585102, -0.779592
  0.585125, -0.819501
  0.585147, -0.859410
  0.585170, -0.899320
  0.585193, -0.939229
  0.585215, -0.979138
  0.585238, -0.980952
  0.585261, -0.941043
  0.585283, -0.901134
  0.585306, -0.861224
  0.585329, -0.821315
  0.585351, -0.781406
  0.585374, -0.741497
  0.585397, -0.701587
  0.585420, -0.661678
  0.585442, -0.621769
  0.585465, -0.581859
  0.585488, -0.541950
  0.585510, -0.502041
  0.585533, -0.462132
  0.585556, -0.422222
  0.585578, -0.382313
  0.585601, -0.342404
  0.585624, -0.302494
  0.585646, -0.262585
  0.585669, -0.222676
  0.585692, -0.182766
  0.585714, -0.142857
  0.585737, -0.102948
  0.585760, -0.063039
  0.585782, -0.023129
  0.585805,  0.016780
  0.585828,  0.056689
  0.585850,  0.096599
  0.585873,  0.136508
  0.585896,  0.176417
  0.585918,  0.216327
  0.585941,  0.256236
  0.585964,  0.296145
  0.585986,  0.336054
  0.586009,  0.375964
  0.586032,  0.415873
  0.586054,  0.455782
  0.586077,  0.495692
  0.586100,  0.535601
  0.586122,  0.575510
  0.586145,  0.615420
  0.586168,  0.655329
  0.586190,  0.695238
  0.586213,  0.735147
  0.586236,  0.775057
  0.586259,  0.814966
  0.586281,  0.854875
  0.586304,  0.894785
  0.586327,  0.934694
  0.586349,  0.974603
  0.586372,  0.985488
  0.586395,  0.945578
  0.586417,  0.905669
  0.586440,  0.865760
  0.586463,  0.825850
  0.586485,  0.785941
  0.586508,  0.746032
  0.586531,  0.706122
  0.586553,  0.666213
  0.586576,  0.626304
  0.586599,  0.586395
  0.586621,  0.546485
  0.586644,  0.506576
  0.586667,  0.466667
  0.586689,  0.426757
  0.586712,  0.386848
  0.586735,  0.346939
  0.586757,  0.307029
  0.586780,  0.267120
  0.586803,  0.227211
  0.586825,  0.187302
  0.586848,  0.147392
  0.586871,  0.107483
  0.586893,  0.067574
  0.586916,  0.027664
  0.586939, -0.012245
  0.586961, -0.052154
  0.586984, -0.092063
  0.587007, -0.131973
  0.587029, -0.171882
  0.587052, -0.211791
  0.587075, -0.251701
  0.587098, -0.291610
  0.587120, -0.331519
  0.587143, -0.371429
  0.587166, -0.411338
  0.587188, -0.451247
  0.587211, -0.491156
  0.587234, -0.531066
  0.587256, -0.570975
  0.587279, -0.610884
  0.587302, -0.650794
  0.587324, -0.690703
  0.587347, -0.730612
  0.587370, -0.770522
  0.587392, -0.810431
  0.587415, -0.850340
  0.587438, -0.890249
  0.587460, -0.930159
  0.587483, -0.970068
  0.587506, -0.990023
  0.587528, -0.950113
  0.587551, -0.910204
  0.587574, -0.870295
  0.587596, -0.830385
  0.587619, -0.790476
  0.587642, -0.750567
  0.587664, -0.710658
  0.587687, -0.670748
  0.587710, -0.630839
  0.587732, -0.590930
  0.587755, -0.551020
  0.587778, -0.511111
  0.587800, -0.471202
  0.587823, -0.431293
  0.587846, -0.391383
  0.587868, -0.351474
  0.587891, -0.311565
  0.587914, -0.271655
  0.587937, -0.231746
  0.587959, -0.191837
  0.587982, -0.151927
  0.588005, -0.112018
  0.588027, -0.072109
  0.588050, -0.032200
  0.588073,  0.007710
  0.588095,  0.047619
  0.588118,  0.087528
  0.588141,  0.127438
  0.588163,  0.167347
  0.588186,  0.207256
  0.588209,  0.247166
  0.588231,  0.287075
  0.588254,  0.326984
  0.588277,  0.366893
  0.588299,  0.406803
  0.588322,  0.446712
  0.588345,  0.486621
  0.588367,  0.526531
  0.588390,  0.566440
  0.588413,  0.606349
  0.588435,  0.646259
  0.588458,  0.686168
  0.588481,  0.726077
  0.588503,  0.765986
  0.588526,  0.805896
  0.588549,  0.845805
  0.588571,  0.885714
  0.588594,  0.925624
  0.588617,  0.965533
  0.588639,  0.994558
  0.588662,  0.954649
  0.588685,  0.914739
  0.588707,  0.874830
  0.588730,  0.834921
  0.588753,  0.795011
  0.588776,  0.755102
  0.588798,  0.715193
  0.588821,  0.675283
  0.588844,  0.635374
  0.588866,  0.595465
  0.588889,  0.555556
  0.588912,  0.515646
  0.588934,  0.475737
  0.588957,  0.435828
  0.588980,  0.395918
  0.589002,  0.356009
  0.589025,  0.316100
  0.589048,  0.276190
  0.589070,  0.236281
  0.589093,  0.196372
  0.589116,  0.156463
  0.589138,  0.116553
  0.589161,  0.076644
  0.589184,  0.036735
  0.589206, -0.003175
  0.589229, -0.043084
  0.589252, -0.082993
  0.589274, -0.122902
  0.589297, -0.162812
  0.589320, -0.202721
  0.589342, -0.242630
  0.589365, -0.282540
  0.589388, -0.322449
  0.589410, -0.362358
  0.589433, -0.402268
  0.589456, -0.442177
  0.589478, -0.482086
  0.589501, -0.521995
  0.589524, -0.561905
  0.589546, -0.601814
  0.589569, -0.641723
  0.589592, -0.681633
  0.589615, -0.721542
  0.589637, -0.761451
  0.589660, -0.801361
  0.589683, -0.841270
  0.589705, -0.881179
  0.589728, -0.921088
  0.589751, -0.960998
  0.589773, -0.999093
  0.589796, -0.959184
  0.589819, -0.919274
  0.589841, -0.879365
  0.589864, -0.839456
  0.589887, -0.799546
  0.589909, -0.759637
  0.589932, -0.719728
  0.589955, -0.679819
  0.589977, -0.639909
  0.590000, -0.600000
  0.590023, -0.560091
  0.590045, -0.520181
  0.590068, -0.480272
  0.590091, -0.440363
  0.590113, -0.400454
  0.590136, -0.360544
  0.590159, -0.320635
  0.590181, -0.280726
  0.590204, -0.240816
  0.590227, -0.200907
  0.590249, -0.160998
  0.590272, -0.121088
  0.590295, -0.081179
  0.590317, -0.041270
  0.590340, -0.001361
  0.590363,  0.038549
  0.590385,  0.078458
  0.590408,  0.118367
  0.590431,  0.158277
  0.590454,  0.198186
  0.590476,  0.238095
  0.590499,  0.278005
  0.590522,  0.317914
  0.590544,  0.357823
  0.590567,  0.397732
  0.590590,  0.437642
  0.590612,  0.477551
  0.590635,  0.517460
  0.590658,  0.557370
  0.590680,  0.597279
  0.590703,  0.637188
  0.590726,  0.677098
  0.590748,  0.717007
  0.590771,  0.756916
  0.590794,  0.796825
  0.590816,  0.836735
  0.590839,  0.876644
  0.590862,  0.916553
  0.590884,  0.956463
  0.590907,  0.996372
  0.590930,  0.963719
  0.590952,  0.923810
  0.590975,  0.883900
  0.590998,  0.843991
  0.591020,  0.804082
  0.591043,  0.764172
  0.591066,  0.724263
  0.591088,  0.684354
  0.591111,  0.644444
  0.591134,  0.604535
  0.591156,  0.564626
  0.591179,  0.524717
  0.591202,  0.484807
  0.591224,  0.444898
  0.591247,  0.404989
  0.591270,  0.365079
  0.591293,  0.325170
  0.591315,  0.285261
  0.591338,  0.245351
  0.591361,  0.205442
  0.591383,  0.165533
  0.591406,  0.125624
  0.591429,  0.085714
  0.591451,  0.045805
  0.591474,  0.005896
  0.591497, -0.034014
  0.591519, -0.073923
  0.591542, -0.113832
  0.591565, -0.153741
  0.591587, -0.193651
  0.591610, -0.233560
  0.591633, -0.273469
  0.591655, -0.313379
  0.591678, -0.353288
  0.591701, -0.393197
  0.591723, -0.433107
  0.591746, -0.473016
  0.591769, -0.512925
  0.591791, -0.552834
  0.591814, -0.592744
  0.591837, -0.632653
  0.591859, -0.672562
  0.591882, -0.712472
  0.591905, -0.752381
  0.591927, -0.792290
  0.591950, -0.832200
  0.591973, -0.872109
  0.591995, -0.912018
  0.592018, -0.951927
  0.592041, -0.991837
  0.592063, -0.968254
  0.592086, -0.928345
  0.592109, -0.888435
  0.592132, -0.848526
  0.592154, -0.808617
  0.592177, -0.768707
  0.592200, -0.728798
  0.592222, -0.688889
  0.592245, -0.648980
  0.592268, -0.609070
  0.592290, -0.569161
  0.592313, -0.529252
  0.592336, -0.489342
  0.592358, -0.449433
  0.592381, -0.409524
  0.592404, -0.369615
  0.592426, -0.329705
  0.592449, -0.289796
  0.592472, -0.249887
  0.592494, -0.209977
  0.592517, -0.170068
  0.592540, -0.130159
  0.592562, -0.090249
  0.592585, -0.050340
  0.592608, -0.010431
  0.592630,  0.029478
  0.592653,  0.069388
  0.592676,  0.109297
  0.592698,  0.149206
  0.592721,  0.189116
  0.592744,  0.229025
  0.592766,  0.268934
  0.592789,  0.308844
  0.592812,  0.348753
  0.592834,  0.388662
  0.592857,  0.428571
  0.592880,  0.468481
  0.592902,  0.508390
  0.592925,  0.548299
  0.592948,  0.588209
  0.592971,  0.628118
  0.592993,  0.668027
  0.593016,  0.707937
  0.593039,  0.747846
  0.593061,  0.787755
  0.593084,  0.827664
  0.593107,  0.867574
  0.593129,  0.907483
  0.593152,  0.947392
  0.593175,  0.987302
  0.593197,  0.972789
  0.593220,  0.932880
  0.593243,  0.892971
  0.593265,  0.853061
  0.593288,  0.813152
  0.593311,  0.773243
  0.593333,  0.733333
  0.593356,  0.693424
  0.593379,  0.653515
  0.593401,  0.613605
  0.593424,  0.573696
  0.593447,  0.533787
  0.593469,  0.493878
  0.593492,  0.453968
  0.593515,  0.414059
  0.593537,  0.374150
  0.593560,  0.334240
  0.593583,  0.294331
  0.593605,  0.254422
  0.593628,  0.214512
  0.593651,  0.174603
  0.593673,  0.134694
  0.593696,  0.094785
  0.593719,  0.054875
  0.593741,  0.014966
  0.593764, -0.024943
  0.593787, -0.064853
  0.593810, -0.104762
  0.593832, -0.144671
  0.593855, -0.184580
  0.593878, -0.224490
  0.593900, -0.264399
  0.593923, -0.304308
  0.593946, -0.344218
  0.593968, -0.384127
  0.593991, -0.424036
  0.594014, -0.463946
  0.594036, -0.503855
  0.594059, -0.543764
  0.594082, -0.583673
  0.594104, -0.623583
  0.594127, -0.663492
  0.594150, -0.703401
  0.594172, -0.743311
  0.594195, -0.783220
  0.594218, -0.823129
  0.594240, -0.863039
  0.594263, -0.902948
  0.594286, -0.942857
  0.594308, -0.982766
  0.594331, -0.977324
  0.594354, -0.937415
  0.594376, -0.897506
  0.594399, -0.857596
  0.594422, -0.817687
  0.594444, -0.777778
  0.594467, -0.737868
  0.594490, -0.697959
  0.594512, -0.658050
  0.594535, -0.618141
  0.594558, -0.578231
  0.594580, -0.538322
  0.594603, -0.498413
  0.594626, -0.458503
  0.594649, -0.418594
  0.594671, -0.378685
  0.594694, -0.338776
  0.594717, -0.298866
  0.594739, -0.258957
  0.594762, -0.219048
  0.594785, -0.179138
  0.594807, -0.139229
  0.594830, -0.099320
  0.594853, -0.059410
  0.594875, -0.019501
  0.594898,  0.020408
  0.594921,  0.060317
  0.594943,  0.100227
  0.594966,  0.140136
  0.594989,  0.180045
  0.595011,  0.219955
  0.595034,  0.259864
  0.595057,  0.299773
  0.595079,  0.339683
  0.595102,  0.379592
  0.595125,  0.419501
  0.595147,  0.459410
  0.595170,  0.499320
  0.595193,  0.539229
  0.595215,  0.579138
  0.595238,  0.619048
  0.595261,  0.658957
  0.595283,  0.698866
  0.595306,  0.738776
  0.595329,  0.778685
  0.595351,  0.818594
  0.595374,  0.858503
  0.595397,  0.898413
  0.595420,  0.938322
  0.595442,  0.978231
  0.595465,  0.981859
  0.595488,  0.941950
  0.595510,  0.902041
  0.595533,  0.862132
  0.595556,  0.822222
  0.595578,  0.782313
  0.595601,  0.742404
  0.595624,  0.702494
  0.595646,  0.662585
  0.595669,  0.622676
  0.595692,  0.582766
  0.595714,  0.542857
  0.595737,  0.502948
  0.595760,  0.463039
  0.595782,  0.423129
  0.595805,  0.383220
  0.595828,  0.343311
  0.595850,  0.303401
  0.595873,  0.263492
  0.595896,  0.223583
  0.595918,  0.183673
  0.595941,  0.143764
  0.595964,  0.103855
  0.595986,  0.063946
  0.596009,  0.024036
  0.596032, -0.015873
  0.596054, -0.055782
  0.596077, -0.095692
  0.596100, -0.135601
  0.596122, -0.175510
  0.596145, -0.215420
  0.596168, -0.255329
  0.596190, -0.295238
  0.596213, -0.335147
  0.596236, -0.375057
  0.596259, -0.414966
  0.596281, -0.454875
  0.596304, -0.494785
  0.596327, -0.534694
  0.596349, -0.574603
  0.596372, -0.614512
  0.596395, -0.654422
  0.596417, -0.694331
  0.596440, -0.734240
  0.596463, -0.774150
  0.596485, -0.814059
  0.596508, -0.853968
  0.596531, -0.893878
  0.596553, -0.933787
  0.596576, -0.973696
  0.596599, -0.986395
  0.596621, -0.946485
  0.596644, -0.906576
  0.596667, -0.866667
  0.596689, -0.826757
  0.596712, -0.786848
  0.596735, -0.746939
  0.596757, -0.707029
  0.596780, -0.667120
  0.596803, -0.627211
  0.596825, -0.587302
  0.596848, -0.547392
  0.596871, -0.507483
  0.596893, -0.467574
  0.596916, -0.427664
  0.596939, -0.387755
  0.596961, -0.347846
  0.596984, -0.307937
  0.597007, -0.268027
  0.597029, -0.228118
  0.597052, -0.188209
  0.597075, -0.148299
  0.597098, -0.108390
  0.597120, -0.068481
  0.597143, -0.028571
  0.597166,  0.011338
  0.597188,  0.051247
  0.597211,  0.091156
  0.597234,  0.131066
  0.597256,  0.170975
  0.597279,  0.210884
  0.597302,  0.250794
  0.597324,  0.290703
  0.597347,  0.330612
  0.597370,  0.370522
  0.597392,  0.410431
  0.597415,  0.450340
  0.597438,  0.490249
  0.597460,  0.530159
  0.597483,  0.570068
  0.597506,  0.609977
  0.597528,  0.649887
  0.597551,  0.689796
  0.597574,  0.729705
  0.597596,  0.769615
  0.597619,  0.809524
  0.597642,  0.849433
  0.597664,  0.889342
  0.597687,  0.929252
  0.597710,  0.969161
  0.597732,  0.990930
  0.597755,  0.951020
  0.597778,  0.911111
  0.597800,  0.871202
  0.597823,  0.831293
  0.597846,  0.791383
  0.597868,  0.751474
  0.597891,  0.711565
  0.597914,  0.671655
  0.597937,  0.631746
  0.597959,  0.591837
  0.597982,  0.551927
  0.598005,  0.512018
  0.598027,  0.472109
  0.598050,  0.432200
  0.598073,  0.392290
  0.598095,  0.352381
  0.598118,  0.312472
  0.598141,  0.272562
  0.598163,  0.232653
  0.598186,  0.192744
  0.598209,  0.152834
  0.598231,  0.112925
  0.598254,  0.073016
  0.598277,  0.033107
  0.598299, -0.006803
  0.598322, -0.046712
  0.598345, -0.086621
  0.598367, -0.126531
  0.598390, -0.166440
  0.598413, -0.206349
  0.598435, -0.246259
  0.598458, -0.286168
  0.598481, -0.326077
  0.598503, -0.365986
  0.598526, -0.405896
  0.598549, -0.445805
  0.598571, -0.485714
  0.598594, -0.525624
  0.598617, -0.565533
  0.598639, -0.605442
  0.598662, -0.645351
  0.598685, -0.685261
  0.598707, -0.725170
  0.598730, -0.765079
  0.598753, -0.804989
  0.598776, -0.844898
  0.598798, -0.884807
  0.598821, -0.924717
  0.598844, -0.964626
  0.598866, -0.995465
  0.598889, -0.955556
  0.598912, -0.915646
  0.598934, -0.875737
  0.598957, -0.835828
  0.598980, -0.795918
  0.599002, -0.756009
  0.599025, -0.716100
  0.599048, -0.676190
  0.599070, -0.636281
  0.599093, -0.596372
  0.599116, -0.556463
  0.599138, -0.516553
  0.599161, -0.476644
  0.599184, -0.436735
  0.599206, -0.396825
  0.599229, -0.356916
  0.599252, -0.317007
  0.599274, -0.277098
  0.599297, -0.237188
  0.599320, -0.197279
  0.599342, -0.157370
  0.599365, -0.117460
  0.599388, -0.077551
  0.599410, -0.037642
  0.599433,  0.002268
  0.599456,  0.042177
  0.599478,  0.082086
  0.599501,  0.121995
  0.599524,  0.161905
  0.599546,  0.201814
  0.599569,  0.241723
  0.599592,  0.281633
  0.599615,  0.321542
  0.599637,  0.361451
  0.599660,  0.401361
  0.599683,  0.441270
  0.599705,  0.481179
  0.599728,  0.521088
  0.599751,  0.560998
  0.599773,  0.600907
  0.599796,  0.640816
  0.599819,  0.680726
  0.599841,  0.720635
  0.599864,  0.760544
  0.599887,  0.800454
  0.599909,  0.840363
  0.599932,  0.880272
  0.599955,  0.920181
  0.599977,  0.960091
  0.600000,  1.000000
  0.600023,  0.960091
  0.600045,  0.920181
  0.600068,  0.880272
  0.600091,  0.840363
  0.600113,  0.800454
  0.600136,  0.760544
  0.600159,  0.720635
  0.600181,  0.680726
  0.600204,  0.640816
  0.600227,  0.600907
  0.600249,  0.560998
  0.600272,  0.521088
  0.600295,  0.481179
  0.600317,  0.441270
  0.600340,  0.401361
  0.600363,  0.361451
  0.600385,  0.321542
  0.600408,  0.281633
  0.600431,  0.241723
  0.600454,  0.201814
  0.600476,  0.161905
  0.600499,  0.121995
  0.600522,  0.082086
  0.600544,  0.042177
  0.600567,  0.002268
  0.600590, -0.037642
  0.600612, -0.077551
  0.600635, -0.117460
  0.600658, -0.157370
  0.600680, -0.197279
  0.600703, -0.237188
  0.600726, -0.277098
  0.600748, -0.317007
  0.600771, -0.356916
  0.600794, -0.396825
  0.600816, -0.436735
  0.600839, -0.476644
  0.600862, -0.516553
  0.600884, -0.556463
  0.600907, -0.596372
  0.600930, -0.636281
  0.600952, -0.676190
  0.600975, -0.716100
  0.600998, -0.756009
  0.601020, -0.795918
  0.601043, -0.835828
  0.601066, -0.875737
  0.601088, -0.915646
  0.601111, -0.955556
  0.601134, -0.995465
  0.601156, -0.964626
  0.601179, -0.924717
  0.601202, -0.884807
  0.601224, -0.844898
  0.601247, -0.804989
  0.601270, -0.765079
  0.601293, -0.725170
  0.601315, -0.685261
  0.601338, -0.645351
  0.601361, -0.605442
  0.601383, -0.565533
  0.601406, -0.525624
  0.601429, -0.485714
  0.601451, -0.445805
  0.601474, -0.405896
  0.601497, -0.365986
  0.601519, -0.326077
  0.601542, -0.286168
  0.601565, -0.246259
  0.601587, -0.206349
  0.601610, -0.166440
  0.601633, -0.126531
  0.601655, -0.086621
  0.601678, -0.046712
  0.601701, -0.006803
  0.601723,  0.033107
  0.601746,  0.073016
  0.601769,  0.112925
  0.601791,  0.152834
  0.601814,  0.192744
  0.601837,  0.232653
  0.601859,  0.272562
  0.601882,  0.312472
  0.601905,  0.352381
  0.601927,  0.392290
  0.601950,  0.432200
  0.601973,  0.472109
  0.601995,  0.512018
  0.602018,  0.551927
  0.602041,  0.591837
  0.602063,  0.631746
  0.602086,  0.671655
  0.602109,  0.711565
  0.602132,  0.751474
  0.602154,  0.791383
  0.602177,  0.831293
  0.602200,  0.871202
  0.602222,  0.911111
  0.602245,  0.951020
  0.602268,  0.990930
  0.602290,  0.969161
  0.602313,  0.929252
  0.602336,  0.889342
  0.602358,  0.849433
  0.602381,  0.809524
  0.602404,  0.769615
  0.602426,  0.729705
  0.602449,  0.689796
  0.602472,  0.649887
  0.602494,  0.609977
  0.602517,  0.570068
  0.602540,  0.530159
  0.602562,  0.490249
  0.602585,  0.450340
  0.602608,  0.410431
  0.602630,  0.370522
  0.602653,  0.330612
  0.602676,  0.290703
  0.602698,  0.250794
  0.602721,  0.210884
  0.602744,  0.170975
  0.602766,  0.131066
  0.602789,  0.091156
  0.602812,  0.051247
  0.602834,  0.011338
  0.602857, -0.028571
  0.602880, -0.068481
  0.602902, -0.108390
  0.602925, -0.148299
  0.602948, -0.188209
  0.602971, -0.228118
  0.602993, -0.268027
  0.603016, -0.307937
  0.603039, -0.347846
  0.603061, -0.387755
  0.603084, -0.427664
  0.603107, -0.467574
  0.603129, -0.507483
  0.603152, -0.547392
  0.603175, -0.587302
  0.603197, -0.627211
  0.603220, -0.667120
  0.603243, -0.707029
  0.603265, -0.746939
  0.603288, -0.786848
  0.603311, -0.826757
  0.603333, -0.866667
  0.603356, -0.906576
  0.603379, -0.946485
  0.603401, -0.986395
  0.603424, -0.973696
  0.603447, -0.933787
  0.603469, -0.893878
  0.603492, -0.853968
  0.603515, -0.814059
  0.603537, -0.774150
  0.603560, -0.734240
  0.603583, -0.694331
  0.603605, -0.654422
  0.603628, -0.614512
  0.603651, -0.574603
  0.603673, -0.534694
  0.603696, -0.494785
  0.603719, -0.454875
  0.603741, -0.414966
  0.603764, -0.375057
  0.603787, -0.335147
  0.603810, -0.295238
  0.603832, -0.255329
  0.603855, -0.215420
  0.603878, -0.175510
  0.603900, -0.135601
  0.603923, -0.095692
  0.603946, -0.055782
  0.603968, -0.015873
  0.603991,  0.024036
  0.604014,  0.063946
  0.604036,  0.103855
  0.604059,  0.143764
  0.604082,  0.183673
  0.604104,  0.223583
  0.604127,  0.263492
  0.604150,  0.303401
  0.604172,  0.343311
  0.604195,  0.383220
  0.604218,  0.423129
  0.604240,  0.463039
  0.604263,  0.502948
  0.604286,  0.542857
  0.604308,  0.582766
  0.604331,  0.622676
  0.604354,  0.662585
  0.604376,  0.702494
  0.604399,  0.742404
  0.604422,  0.782313
  0.604444,  0.822222
  0.604467,  0.862132
  0.604490,  0.902041
  0.604512,  0.941950
  0.604535,  0.981859
  0.604558,  0.978231
  0.604580,  0.938322
  0.604603,  0.898413
  0.604626,  0.858503
  0.604649,  0.818594
  0.604671,  0.778685
  0.604694,  0.738776
  0.604717,  0.698866
  0.604739,  0.658957
  0.604762,  0.619048
  0.604785,  0.579138
  0.604807,  0.539229
  0.604830,  0.499320
  0.604853,  0.459410
  0.604875,  0.419501
  0.604898,  0.379592
  0.604921,  0.339683
  0.604943,  0.299773
  0.604966,  0.259864
  0.604989,  0.219955
  0.605011,  0.180045
  0.605034,  0.140136
  0.605057,  0.100227
  0.605079,  0.060317
  0.605102,  0.020408
  0.605125, -0.019501
  0.605147, -0.059410
  0.605170, -0.099320
  0.605193, -0.139229
  0.605215, -0.179138
  0.605238, -0.219048
  0.605261, -0.258957
  0.605283, -0.298866
  0.605306, -0.338776
  0.605329, -0.378685
  0.605351, -0.418594
  0.605374, -0.458503
  0.605397, -0.498413
  0.605420, -0.538322
  0.605442, -0.578231
  0.605465, -0.618141
  0.605488, -0.658050
  0.605510, -0.697959
  0.605533, -0.737868
  0.605556, -0.777778
  0.605578, -0.817687
  0.605601, -0.857596
  0.605624, -0.897506
  0.605646, -0.937415
  0.605669, -0.977324
  0.605692, -0.982766
  0.605714, -0.942857
  0.605737, -0.902948
  0.605760, -0.863039
  0.605782, -0.823129
  0.605805, -0.783220
  0.605828, -0.743311
  0.605850, -0.703401
  0.605873, -0.663492
  0.605896, -0.623583
  0.605918, -0.583673
  0.605941, -0.543764
  0.605964, -0.503855
  0.605986, -0.463946
  0.606009, -0.424036
  0.606032, -0.384127
  0.606054, -0.344218
  0.606077, -0.304308
  0.606100, -0.264399
  0.606122, -0.224490
  0.606145, -0.184580
  0.606168, -0.144671
  0.606190, -0.104762
  0.606213, -0.064853
  0.606236, -0.024943
  0.606259,  0.014966
  0.606281,  0.054875
  0.606304,  0.094785
  0.606327,  0.134694
  0.606349,  0.174603
  0.606372,  0.214512
  0.606395,  0.254422
  0.606417,  0.294331
  0.606440,  0.334240
  0.606463,  0.374150
  0.606485,  0.414059
  0.606508,  0.453968
  0.606531,  0.493878
  0.606553,  0.533787
  0.606576,  0.573696
  0.606599,  0.613605
  0.606621,  0.653515
  0.606644,  0.693424
  0.606667,  0.733333
  0.606689,  0.773243
  0.606712,  0.813152
  0.606735,  0.853061
  0.606757,  0.892971
  0.606780,  0.932880
  0.606803,  0.972789
  0.606825,  0.987302
  0.606848,  0.947392
  0.606871,  0.907483
  0.606893,  0.867574
  0.606916,  0.827664
  0.606939,  0.787755
  0.606961,  0.747846
  0.606984,  0.707937
  0.607007,  0.668027
  0.607029,  0.628118
  0.607052,  0.588209
  0.607075,  0.548299
  0.607098,  0.508390
  0.607120,  0.468481
  0.607143,  0.428571
  0.607166,  0.388662
  0.607188,  0.348753
  0.607211,  0.308844
  0.607234,  0.268934
  0.607256,  0.229025
  0.607279,  0.189116
  0.607302,  0.149206
  0.607324,  0.109297
  0.607347,  0.069388
  0.607370,  0.029478
  0.607392, -0.010431
  0.607415, -0.050340
  0.607438, -0.090249
  0.607460, -0.130159
  0.607483, -0.170068
  0.607506, -0.209977
  0.607528, -0.249887
  0.607551, -0.289796
  0.607574, -0.329705
  0.607596, -0.369615
  0.607619, -0.409524
  0.607642, -0.449433
  0.607664, -0.489342
  0.607687, -0.529252
  0.607710, -0.569161
  0.607732, -0.609070
  0.607755, -0.648980
  0.607778, -0.688889
  0.607800, -0.728798
  0.607823, -0.768707
  0.607846, -0.808617
  0.607868, -0.848526
  0.607891, -0.888435
  0.607914, -0.928345
  0.607937, -0.968254
  0.607959, -0.991837
  0.607982, -0.951927
  0.608005, -0.912018
  0.608027, -0.872109
  0.608050, -0.832200
  0.608073, -0.792290
  0.608095, -0.752381
  0.608118, -0.712472
  0.608141, -0.672562
  0.608163, -0.632653
  0.608186, -0.592744
  0.608209, -0.552834
  0.608231, -0.512925
  0.608254, -0.473016
  0.608277, -0.433107
  0.608299, -0.393197
  0.608322, -0.353288
  0.608345, -0.313379
  0.608367, -0.273469
  0.608390, -0.233560
  0.608413, -0.193651
  0.608435, -0.153741
  0.608458, -0.113832
  0.608481, -0.073923
  0.608503, -0.034014
  0.608526,  0.005896
  0.608549,  0.045805
  0.608571,  0.085714
  0.608594,  0.125624
  0.608617,  0.165533
  0.608639,  0.205442
  0.608662,  0.245351
  0.608685,  0.285261
  0.608707,  0.325170
  0.608730,  0.365079
  0.608753,  0.404989
  0.608776,  0.444898
  0.608798,  0.484807
  0.608821,  0.524717
  0.608844,  0.564626
  0.608866,  0.604535
  0.608889,  0.644444
  0.608912,  0.684354
  0.608934,  0.724263
  0.608957,  0.764172
  0.608980,  0.804082
  0.609002,  0.843991
  0.609025,  0.883900
  0.609048,  0.923810
  0.609070,  0.963719
  0.609093,  0.996372
  0.609116,  0.956463
  0.609138,  0.916553
  0.609161,  0.876644
  0.609184,  0.836735
  0.609206,  0.796825
  0.609229,  0.756916
  0.609252,  0.717007
  0.609274,  0.677098
  0.609297,  0.637188
  0.609320,  0.597279
  0.609342,  0.557370
  0.609365,  0.517460
  0.609388,  0.477551
  0.609410,  0.437642
  0.609433,  0.397732
  0.609456,  0.357823
  0.609478,  0.317914
  0.609501,  0.278005
  0.609524,  0.238095
  0.609546,  0.198186
  0.609569,  0.158277
  0.609592,  0.118367
  0.609615,  0.078458
  0.609637,  0.038549
  0.609660, -0.001361
  0.609683, -0.041270
  0.609705, -0.081179
  0.609728, -0.121088
  0.609751, -0.160998
  0.609773, -0.200907
  0.609796, -0.240816
  0.609819, -0.280726
  0.609841, -0.320635
  0.609864, -0.360544
  0.609887, -0.400454
  0.609909, -0.440363
  0.609932, -0.480272
  0.609955, -0.520181
  0.609977, -0.560091
  0.610000, -0.600000
  0.610023, -0.639909
  0.610045, -0.679819
  0.610068, -0.719728
  0.610091, -0.759637
  0.610113, -0.799546
  0.610136, -0.839456
  0.610159, -0.879365
  0.610181, -0.919274
  0.610204, -0.959184
  0.610227, -0.999093
  0.610249, -0.960998
  0.610272, -0.921088
  0.610295, -0.881179
  0.610317, -0.841270
  0.610340, -0.801361
  0.610363, -0.761451
  0.610385, -0.721542
  0.610408, -0.681633
  0.610431, -0.641723
  0.610454, -0.601814
  0.610476, -0.561905
  0.610499, -0.521995
  0.610522, -0.482086
  0.610544, -0.442177
  0.610567, -0.402268
  0.610590, -0.362358
  0.610612, -0.322449
  0.610635, -0.282540
  0.610658, -0.242630
  0.610680, -0.202721
  0.610703, -0.162812
  0.610726, -0.122902
  0.610748, -0.082993
  0.610771, -0.043084
  0.610794, -0.003175
  0.610816,  0.036735
  0.610839,  0.076644
  0.610862,  0.116553
  0.610884,  0.156463
  0.610907,  0.196372
  0.610930,  0.236281
  0.610952,  0.276190
  0.610975,  0.316100
  0.610998,  0.356009
  0.611020,  0.395918
  0.611043,  0.435828
  0.611066,  0.475737
  0.611088,  0.515646
  0.611111,  0.555556
  0.611134,  0.595465
  0.611156,  0.635374
  0.611179,  0.675283
  0.611202,  0.715193
  0.611224,  0.755102
  0.611247,  0.795011
  0.611270,  0.834921
  0.611293,  0.874830
  0.611315,  0.914739
  0.611338,  0.954649
  0.611361,  0.994558
  0.611383,  0.965533
  0.611406,  0.925624
  0.611429,  0.885714
  0.611451,  0.845805
  0.611474,  0.805896
  0.611497,  0.765986
  0.611519,  0.726077
  0.611542,  0.686168
  0.611565,  0.646259
  0.611587,  0.606349
  0.611610,  0.566440
  0.611633,  0.526531
  0.611655,  0.486621
  0.611678,  0.446712
  0.611701,  0.406803
  0.611723,  0.366893
  0.611746,  0.326984
  0.611769,  0.287075
  0.611791,  0.247166
  0.611814,  0.207256
  0.611837,  0.167347
  0.611859,  0.127438
  0.611882,  0.087528
  0.611905,  0.047619
  0.611927,  0.007710
  0.611950, -0.032200
  0.611973, -0.072109
  0.611995, -0.112018
  0.612018, -0.151927
  0.612041, -0.191837
  0.612063, -0.231746
  0.612086, -0.271655
  0.612109, -0.311565
  0.612132, -0.351474
  0.612154, -0.391383
  0.612177, -0.431293
  0.612200, -0.471202
  0.612222, -0.511111
  0.612245, -0.551020
  0.612268, -0.590930
  0.612290, -0.630839
  0.612313, -0.670748
  0.612336, -0.710658
  0.612358, -0.750567
  0.612381, -0.790476
  0.612404, -0.830385
  0.612426, -0.870295
  0.612449, -0.910204
  0.612472, -0.950113
  0.612494, -0.990023
  0.612517, -0.970068
  0.612540, -0.930159
  0.612562, -0.890249
  0.612585, -0.850340
  0.612608, -0.810431
  0.612630, -0.770522
  0.612653, -0.730612
  0.612676, -0.690703
  0.612698, -0.650794
  0.612721, -0.610884
  0.612744, -0.570975
  0.612766, -0.531066
  0.612789, -0.491156
  0.612812, -0.451247
  0.612834, -0.411338
  0.612857, -0.371429
  0.612880, -0.331519
  0.612902, -0.291610
  0.612925, -0.251701
  0.612948, -0.211791
  0.612971, -0.171882
  0.612993, -0.131973
  0.613016, -0.092063
  0.613039, -0.052154
  0.613061, -0.012245
  0.613084,  0.027664
  0.613107,  0.067574
  0.613129,  0.107483
  0.613152,  0.147392
  0.613175,  0.187302
  0.613197,  0.227211
  0.613220,  0.267120
  0.613243,  0.307029
  0.613265,  0.346939
  0.613288,  0.386848
  0.613311,  0.426757
  0.613333,  0.466667
  0.613356,  0.506576
  0.613379,  0.546485
  0.613401,  0.586395
  0.613424,  0.626304
  0.613447,  0.666213
  0.613469,  0.706122
  0.613492,  0.746032
  0.613515,  0.785941
  0.613537,  0.825850
  0.613560,  0.865760
  0.613583,  0.905669
  0.613605,  0.945578
  0.613628,  0.985488
  0.613651,  0.974603
  0.613673,  0.934694
  0.613696,  0.894785
  0.613719,  0.854875
  0.613741,  0.814966
  0.613764,  0.775057
  0.613787,  0.735147
  0.613810,  0.695238
  0.613832,  0.655329
  0.613855,  0.615420
  0.613878,  0.575510
  0.613900,  0.535601
  0.613923,  0.495692
  0.613946,  0.455782
  0.613968,  0.415873
  0.613991,  0.375964
  0.614014,  0.336054
  0.614036,  0.296145
  0.614059,  0.256236
  0.614082,  0.216327
  0.614104,  0.176417
  0.614127,  0.136508
  0.614150,  0.096599
  0.614172,  0.056689
  0.614195,  0.016780
  0.614218, -0.023129
  0.614240, -0.063039
  0.614263, -0.102948
  0.614286, -0.142857
  0.614308, -0.182766
  0.614331, -0.222676
  0.614354, -0.262585
  0.614376, -0.302494
  0.614399, -0.342404
  0.614422, -0.382313
  0.614444, -0.422222
  0.614467, -0.462132
  0.614490, -0.502041
  0.614512, -0.541950
  0.614535, -0.581859
  0.614558, -0.621769
  0.614580, -0.661678
  0.614603, -0.701587
  0.614626, -0.741497
  0.614649, -0.781406
  0.614671, -0.821315
  0.614694, -0.861224
  0.614717, -0.901134
  0.614739, -0.941043
  0.614762, -0.980952
  0.614785, -0.979138
  0.614807, -0.939229
  0.614830, -0.899320
  0.614853, -0.859410
  0.614875, -0.819501
  0.614898, -0.779592
  0.614921, -0.739683
  0.614943, -0.699773
  0.614966, -0.659864
  0.614989, -0.619955
  0.615011, -0.580045
  0.615034, -0.540136
  0.615057, -0.500227
  0.615079, -0.460317
  0.615102, -0.420408
  0.615125, -0.380499
  0.615147, -0.340590
  0.615170, -0.300680
  0.615193, -0.260771
  0.615215, -0.220862
  0.615238, -0.180952
  0.615261, -0.141043
  0.615283, -0.101134
  0.615306, -0.061224
  0.615329, -0.021315
  0.615351,  0.018594
  0.615374,  0.058503
  0.615397,  0.098413
  0.615420,  0.138322
  0.615442,  0.178231
  0.615465,  0.218141
  0.615488,  0.258050
  0.615510,  0.297959
  0.615533,  0.337868
  0.615556,  0.377778
  0.615578,  0.417687
  0.615601,  0.457596
  0.615624,  0.497506
  0.615646,  0.537415
  0.615669,  0.577324
  0.615692,  0.617234
  0.615714,  0.657143
  0.615737,  0.697052
  0.615760,  0.736961
  0.615782,  0.776871
  0.615805,  0.816780
  0.615828,  0.856689
  0.615850,  0.896599
  0.615873,  0.936508
  0.615896,  0.976417
  0.615918,  0.983673
  0.615941,  0.943764
  0.615964,  0.903855
  0.615986,  0.863946
  0.616009,  0.824036
  0.616032,  0.784127
  0.616054,  0.744218
  0.616077,  0.704308
  0.616100,  0.664399
  0.616122,  0.624490
  0.616145,  0.584580
  0.616168,  0.544671
  0.616190,  0.504762
  0.616213,  0.464853
  0.616236,  0.424943
  0.616259,  0.385034
  0.616281,  0.345125
  0.616304,  0.305215
  0.616327,  0.265306
  0.616349,  0.225397
  0.616372,  0.185488
  0.616395,  0.145578
  0.616417,  0.105669
  0.616440,  0.065760
  0.616463,  0.025850
  0.616485, -0.014059
  0.616508, -0.053968
  0.616531, -0.093878
  0.616553, -0.133787
  0.616576, -0.173696
  0.616599, -0.213605
  0.616621, -0.253515
  0.616644, -0.293424
  0.616667, -0.333333
  0.616689, -0.373243
  0.616712, -0.413152
  0.616735, -0.453061
  0.616757, -0.492971
  0.616780, -0.532880
  0.616803, -0.572789
  0.616825, -0.612698
  0.616848, -0.652608
  0.616871, -0.692517
  0.616893, -0.732426
  0.616916, -0.772336
  0.616939, -0.812245
  0.616961, -0.852154
  0.616984, -0.892063
  0.617007, -0.931973
  0.617029, -0.971882
  0.617052, -0.988209
  0.617075, -0.948299
  0.617098, -0.908390
  0.617120, -0.868481
  0.617143, -0.828571
  0.617166, -0.788662
  0.617188, -0.748753
  0.617211, -0.708844
  0.617234, -0.668934
  0.617256, -0.629025
  0.617279, -0.589116
  0.617302, -0.549206
  0.617324, -0.509297
  0.617347, -0.469388
  0.617370, -0.429478
  0.617392, -0.389569
  0.617415, -0.349660
  0.617438, -0.309751
  0.617460, -0.269841
  0.617483, -0.229932
  0.617506, -0.190023
  0.617528, -0.150113
  0.617551, -0.110204
  0.617574, -0.070295
  0.617596, -0.030385
  0.617619,  0.009524
  0.617642,  0.049433
  0.617664,  0.089342
  0.617687,  0.129252
  0.617710,  0.169161
  0.617732,  0.209070
  0.617755,  0.248980
  0.617778,  0.288889
  0.617800,  0.328798
  0.617823,  0.368707
  0.617846,  0.408617
  0.617868,  0.448526
  0.617891,  0.488435
  0.617914,  0.528345
  0.617937,  0.568254
  0.617959,  0.608163
  0.617982,  0.648073
  0.618005,  0.687982
  0.618027,  0.727891
  0.618050,  0.767800
  0.618073,  0.807710
  0.618095,  0.847619
  0.618118,  0.887528
  0.618141,  0.927438
  0.618163,  0.967347
  0.618186,  0.992744
  0.618209,  0.952834
  0.618231,  0.912925
  0.618254,  0.873016
  0.618277,  0.833107
  0.618299,  0.793197
  0.618322,  0.753288
  0.618345,  0.713379
  0.618367,  0.673469
  0.618390,  0.633560
  0.618413,  0.593651
  0.618435,  0.553741
  0.618458,  0.513832
  0.618481,  0.473923
  0.618503,  0.434014
  0.618526,  0.394104
  0.618549,  0.354195
  0.618571,  0.314286
  0.618594,  0.274376
  0.618617,  0.234467
  0.618639,  0.194558
  0.618662,  0.154649
  0.618685,  0.114739
  0.618707,  0.074830
  0.618730,  0.034921
  0.618753, -0.004989
  0.618776, -0.044898
  0.618798, -0.084807
  0.618821, -0.124717
  0.618844, -0.164626
  0.618866, -0.204535
  0.618889, -0.244444
  0.618912, -0.284354
  0.618934, -0.324263
  0.618957, -0.364172
  0.618980, -0.404082
  0.619002, -0.443991
  0.619025, -0.483900
  0.619048, -0.523810
  0.619070, -0.563719
  0.619093, -0.603628
  0.619116, -0.643537
  0.619138, -0.683447
  0.619161, -0.723356
  0.619184, -0.763265
  0.619206, -0.803175
  0.619229, -0.843084
  0.619252, -0.882993
  0.619274, -0.922902
  0.619297, -0.962812
  0.619320, -0.997279
  0.619342, -0.957370
  0.619365, -0.917460
  0.619388, -0.877551
  0.619410, -0.837642
  0.619433, -0.797732
  0.619456, -0.757823
  0.619478, -0.717914
  0.619501, -0.678005
  0.619524, -0.638095
  0.619546, -0.598186
  0.619569, -0.558277
  0.619592, -0.518367
  0.619615, -0.478458
  0.619637, -0.438549
  0.619660, -0.398639
  0.619683, -0.358730
  0.619705, -0.318821
  0.619728, -0.278912
  0.619751, -0.239002
  0.619773, -0.199093
  0.619796, -0.159184
  0.619819, -0.119274
  0.619841, -0.079365
  0.619864, -0.039456
  0.619887,  0.000454
  0.619909,  0.040363
  0.619932,  0.080272
  0.619955,  0.120181
  0.619977,  0.160091
  0.620000,  0.200000
  0.620023,  0.239909
  0.620045,  0.279819
  0.620068,  0.319728
  0.620091,  0.359637
  0.620113,  0.399546
  0.620136,  0.439456
  0.620159,  0.479365
  0.620181,  0.519274
  0.620204,  0.559184
  0.620227,  0.599093
  0.620249,  0.639002
  0.620272,  0.678912
  0.620295,  0.718821
  0.620317,  0.758730
  0.620340,  0.798639
  0.620363,  0.838549
  0.620385,  0.878458
  0.620408,  0.918367
  0.620431,  0.958277
  0.620454,  0.998186
  0.620476,  0.961905
  0.620499,  0.921995
  0.620522,  0.882086
  0.620544,  0.842177
  0.620567,  0.802268
  0.620590,  0.762358
  0.620612,  0.722449
  0.620635,  0.682540
  0.620658,  0.642630
  0.620680,  0.602721
  0.620703,  0.562812
  0.620726,  0.522902
  0.620748,  0.482993
  0.620771,  0.443084
  0.620794,  0.403175
  0.620816,  0.363265
  0.620839,  0.323356
  0.620862,  0.283447
  0.620884,  0.243537
  0.620907,  0.203628
  0.620930,  0.163719
  0.620952,  0.123810
  0.620975,  0.083900
  0.620998,  0.043991
  0.621020,  0.004082
  0.621043, -0.035828
  0.621066, -0.075737
  0.621088, -0.115646
  0.621111, -0.155556
  0.621134, -0.195465
  0.621156, -0.235374
  0.621179, -0.275283
  0.621202, -0.315193
  0.621224, -0.355102
  0.621247, -0.395011
  0.621270, -0.434921
  0.621293, -0.474830
  0.621315, -0.514739
  0.621338, -0.554649
  0.621361, -0.594558
  0.621383, -0.634467
  0.621406, -0.674376
  0.621429, -0.714286
  0.621451, -0.754195
  0.621474, -0.794104
  0.621497, -0.834014
  0.621519, -0.873923
  0.621542, -0.913832
  0.621565, -0.953741
  0.621587, -0.993651
  0.621610, -0.966440
  0.621633, -0.926531
  0.621655, -0.886621
  0.621678, -0.846712
  0.621701, -0.806803
  0.621723, -0.766893
  0.621746, -0.726984
  0.621769, -0.687075
  0.621791, -0.647166
  0.621814, -0.607256
  0.621837, -0.567347
  0.621859, -0.527438
  0.621882, -0.487528
  0.621905, -0.447619
  0.621927, -0.407710
  0.621950, -0.367800
  0.621973, -0.327891
  0.621995, -0.287982
  0.622018, -0.248073
  0.622041, -0.208163
  0.622063, -0.168254
  0.622086, -0.128345
  0.622109, -0.088435
  0.622132, -0.048526
  0.622154, -0.008617
  0.622177,  0.031293
  0.622200,  0.071202
  0.622222,  0.111111
  0.622245,  0.151020
  0.622268,  0.190930
  0.622290,  0.230839
  0.622313,  0.270748
  0.622336,  0.310658
  0.622358,  0.350567
  0.622381,  0.390476
  0.622404,  0.430385
  0.622426,  0.470295
  0.622449,  0.510204
  0.622472,  0.550113
  0.622494,  0.590023
  0.622517,  0.629932
  0.622540,  0.669841
  0.622562,  0.709751
  0.622585,  0.749660
  0.622608,  0.789569
  0.622630,  0.829478
  0.622653,  0.869388
  0.622676,  0.909297
  0.622698,  0.949206
  0.622721,  0.989116
  0.622744,  0.970975
  0.622766,  0.931066
  0.622789,  0.891156
  0.622812,  0.851247
  0.622834,  0.811338
  0.622857,  0.771429
  0.622880,  0.731519
  0.622902,  0.691610
  0.622925,  0.651701
  0.622948,  0.611791
  0.622971,  0.571882
  0.622993,  0.531973
  0.623016,  0.492063
  0.623039,  0.452154
  0.623061,  0.412245
  0.623084,  0.372336
  0.623107,  0.332426
  0.623129,  0.292517
  0.623152,  0.252608
  0.623175,  0.212698
  0.623197,  0.172789
  0.623220,  0.132880
  0.623243,  0.092971
  0.623265,  0.053061
  0.623288,  0.013152
  0.623311, -0.026757
  0.623333, -0.066667
  0.623356, -0.106576
  0.623379, -0.146485
  0.623401, -0.186395
  0.623424, -0.226304
  0.623447, -0.266213
  0.623469, -0.306122
  0.623492, -0.346032
  0.623515, -0.385941
  0.623537, -0.425850
  0.623560, -0.465760
  0.623583, -0.505669
  0.623605, -0.545578
  0.623628, -0.585488
  0.623651, -0.625397
  0.623673, -0.665306
  0.623696, -0.705215
  0.623719, -0.745125
  0.623741, -0.785034
  0.623764, -0.824943
  0.623787, -0.864853
  0.623810, -0.904762
  0.623832, -0.944671
  0.623855, -0.984580
  0.623878, -0.975510
  0.623900, -0.935601
  0.623923, -0.895692
  0.623946, -0.855782
  0.623968, -0.815873
  0.623991, -0.775964
  0.624014, -0.736054
  0.624036, -0.696145
  0.624059, -0.656236
  0.624082, -0.616327
  0.624104, -0.576417
  0.624127, -0.536508
  0.624150, -0.496599
  0.624172, -0.456689
  0.624195, -0.416780
  0.624218, -0.376871
  0.624240, -0.336961
  0.624263, -0.297052
  0.624286, -0.257143
  0.624308, -0.217234
  0.624331, -0.177324
  0.624354, -0.137415
  0.624376, -0.097506
  0.624399, -0.057596
  0.624422, -0.017687
  0.624444,  0.022222
  0.624467,  0.062132
  0.624490,  0.102041
  0.624512,  0.141950
  0.624535,  0.181859
  0.624558,  0.221769
  0.624580,  0.261678
  0.624603,  0.301587
  0.624626,  0.341497
  0.624649,  0.381406
  0.624671,  0.421315
  0.624694,  0.461224
  0.624717,  0.501134
  0.624739,  0.541043
  0.624762,  0.580952
  0.624785,  0.620862
  0.624807,  0.660771
  0.624830,  0.700680
  0.624853,  0.740590
  0.624875,  0.780499
  0.624898,  0.820408
  0.624921,  0.860317
  0.624943,  0.900227
  0.624966,  0.940136
  0.624989,  0.980045
  0.625011,  0.980045
  0.625034,  0.940136
  0.625057,  0.900227
  0.625079,  0.860317
  0.625102,  0.820408
  0.625125,  0.780499
  0.625147,  0.740590
  0.625170,  0.700680
  0.625193,  0.660771
  0.625215,  0.620862
  0.625238,  0.580952
  0.625261,  0.541043
  0.625283,  0.501134
  0.625306,  0.461224
  0.625329,  0.421315
  0.625351,  0.381406
  0.625374,  0.341497
  0.625397,  0.301587
  0.625420,  0.261678
  0.625442,  0.221769
  0.625465,  0.181859
  0.625488,  0.141950
  0.625510,  0.102041
  0.625533,  0.062132
  0.625556,  0.022222
  0.625578, -0.017687
  0.625601, -0.057596
  0.625624, -0.097506
  0.625646, -0.137415
  0.625669, -0.177324
  0.625692, -0.217234
  0.625714, -0.257143
  0.625737, -0.297052
  0.625760, -0.336961
  0.625782, -0.376871
  0.625805, -0.416780
  0.625828, -0.456689
  0.625850, -0.496599
  0.625873, -0.536508
  0.625896, -0.576417
  0.625918, -0.616327
  0.625941, -0.656236
  0.625964, -0.696145
  0.625986, -0.736054
  0.626009, -0.775964
  0.626032, -0.815873
  0.626054, -0.855782
  0.626077, -0.895692
  0.626100, -0.935601
  0.626122, -0.975510
  0.626145, -0.984580
  0.626168, -0.944671
  0.626190, -0.904762
  0.626213, -0.864853
  0.626236, -0.824943
  0.626259, -0.785034
  0.626281, -0.745125
  0.626304, -0.705215
  0.626327, -0.665306
  0.626349, -0.625397
  0.626372, -0.585488
  0.626395, -0.545578
  0.626417, -0.505669
  0.626440, -0.465760
  0.626463, -0.425850
  0.626485, -0.385941
  0.626508, -0.346032
  0.626531, -0.306122
  0.626553, -0.266213
  0.626576, -0.226304
  0.626599, -0.186395
  0.626621, -0.146485
  0.626644, -0.106576
  0.626667, -0.066667
  0.626689, -0.026757
  0.626712,  0.013152
  0.626735,  0.053061
  0.626757,  0.092971
  0.626780,  0.132880
  0.626803,  0.172789
  0.626825,  0.212698
  0.626848,  0.252608
  0.626871,  0.292517
  0.626893,  0.332426
  0.626916,  0.372336
  0.626939,  0.412245
  0.626961,  0.452154
  0.626984,  0.492063
  0.627007,  0.531973
  0.627029,  0.571882
  0.627052,  0.611791
  0.627075,  0.651701
  0.627098,  0.691610
  0.627120,  0.731519
  0.627143,  0.771429
  0.627166,  0.811338
  0.627188,  0.851247
  0.627211,  0.891156
  0.627234,  0.931066
  0.627256,  0.970975
  0.627279,  0.989116
  0.627302,  0.949206
  0.627324,  0.909297
  0.627347,  0.869388
  0.627370,  0.829478
  0.627392,  0.789569
  0.627415,  0.749660
  0.627438,  0.709751
  0.627460,  0.669841
  0.627483,  0.629932
  0.627506,  0.590023
  0.627528,  0.550113
  0.627551,  0.510204
  0.627574,  0.470295
  0.627596,  0.430385
  0.627619,  0.390476
  0.627642,  0.350567
  0.627664,  0.310658
  0.627687,  0.270748
  0.627710,  0.230839
  0.627732,  0.190930
  0.627755,  0.151020
  0.627778,  0.111111
  0.627800,  0.071202
  0.627823,  0.031293
  0.627846, -0.008617
  0.627868, -0.048526
  0.627891, -0.088435
  0.627914, -0.128345
  0.627937, -0.168254
  0.627959, -0.208163
  0.627982, -0.248073
  0.628005, -0.287982
  0.628027, -0.327891
  0.628050, -0.367800
  0.628073, -0.407710
  0.628095, -0.447619
  0.628118, -0.487528
  0.628141, -0.527438
  0.628163, -0.567347
  0.628186, -0.607256
  0.628209, -0.647166
  0.628231, -0.687075
  0.628254, -0.726984
  0.628277, -0.766893
  0.628299, -0.806803
  0.628322, -0.846712
  0.628345, -0.886621
  0.628367, -0.926531
  0.628390, -0.966440
  0.628413, -0.993651
  0.628435, -0.953741
  0.628458, -0.913832
  0.628481, -0.873923
  0.628503, -0.834014
  0.628526, -0.794104
  0.628549, -0.754195
  0.628571, -0.714286
  0.628594, -0.674376
  0.628617, -0.634467
  0.628639, -0.594558
  0.628662, -0.554649
  0.628685, -0.514739
  0.628707, -0.474830
  0.628730, -0.434921
  0.628753, -0.395011
  0.628776, -0.355102
  0.628798, -0.315193
  0.628821, -0.275283
  0.628844, -0.235374
  0.628866, -0.195465
  0.628889, -0.155556
  0.628912, -0.115646
  0.628934, -0.075737
  0.628957, -0.035828
  0.628980,  0.004082
  0.629002,  0.043991
  0.629025,  0.083900
  0.629048,  0.123810
  0.629070,  0.163719
  0.629093,  0.203628
  0.629116,  0.243537
  0.629138,  0.283447
  0.629161,  0.323356
  0.629184,  0.363265
  0.629206,  0.403175
  0.629229,  0.443084
  0.629252,  0.482993
  0.629274,  0.522902
  0.629297,  0.562812
  0.629320,  0.602721
  0.629342,  0.642630
  0.629365,  0.682540
  0.629388,  0.722449
  0.629410,  0.762358
  0.629433,  0.802268
  0.629456,  0.842177
  0.629478,  0.882086
  0.629501,  0.921995
  0.629524,  0.961905
  0.629546,  0.998186
  0.629569,  0.958277
  0.629592,  0.918367
  0.629615,  0.878458
  0.629637,  0.838549
  0.629660,  0.798639
  0.629683,  0.758730
  0.629705,  0.718821
  0.629728,  0.678912
  0.629751,  0.639002
  0.629773,  0.599093
  0.629796,  0.559184
  0.629819,  0.519274
  0.629841,  0.479365
  0.629864,  0.439456
  0.629887,  0.399546
  0.629909,  0.359637
  0.629932,  0.319728
  0.629955,  0.279819
  0.629977,  0.239909
  0.630000,  0.200000
  0.630023,  0.160091
  0.630045,  0.120181
  0.630068,  0.080272
  0.630091,  0.040363
  0.630113,  0.000454
  0.630136, -0.039456
  0.630159, -0.079365
  0.630181, -0.119274
  0.630204, -0.159184
  0.630227, -0.199093
  0.630249, -0.239002
  0.630272, -0.278912
  0.630295, -0.318821
  0.630317, -0.358730
  0.630340, -0.398639
  0.630363, -0.438549
  0.630385, -0.478458
  0.630408, -0.518367
  0.630431, -0.558277
  0.630454, -0.598186
  0.630476, -0.638095
  0.630499, -0.678005
  0.630522, -0.717914
  0.630544, -0.757823
  0.630567, -0.797732
  0.630590, -0.837642
  0.630612, -0.877551
  0.630635, -0.917460
  0.630658, -0.957370
  0.630680, -0.997279
  0.630703, -0.962812
  0.630726, -0.922902
  0.630748, -0.882993
  0.630771, -0.843084
  0.630794, -0.803175
  0.630816, -0.763265
  0.630839, -0.723356
  0.630862, -0.683447
  0.630884, -0.643537
  0.630907, -0.603628
  0.630930, -0.563719
  0.630952, -0.523810
  0.630975, -0.483900
  0.630998, -0.443991
  0.631020, -0.404082
  0.631043, -0.364172
  0.631066, -0.324263
  0.631088, -0.284354
  0.631111, -0.244444
  0.631134, -0.204535
  0.631156, -0.164626
  0.631179, -0.124717
  0.631202, -0.084807
  0.631224, -0.044898
  0.631247, -0.004989
  0.631270,  0.034921
  0.631293,  0.074830
  0.631315,  0.114739
  0.631338,  0.154649
  0.631361,  0.194558
  0.631383,  0.234467
  0.631406,  0.274376
  0.631429,  0.314286
  0.631451,  0.354195
  0.631474,  0.394104
  0.631497,  0.434014
  0.631519,  0.473923
  0.631542,  0.513832
  0.631565,  0.553741
  0.631587,  0.593651
  0.631610,  0.633560
  0.631633,  0.673469
  0.631655,  0.713379
  0.631678,  0.753288
  0.631701,  0.793197
  0.631723,  0.833107
  0.631746,  0.873016
  0.631769,  0.912925
  0.631791,  0.952834
  0.631814,  0.992744
  0.631837,  0.967347
  0.631859,  0.927438
  0.631882,  0.887528
  0.631905,  0.847619
  0.631927,  0.807710
  0.631950,  0.767800
  0.631973,  0.727891
  0.631995,  0.687982
  0.632018,  0.648073
  0.632041,  0.608163
  0.632063,  0.568254
  0.632086,  0.528345
  0.632109,  0.488435
  0.632132,  0.448526
  0.632154,  0.408617
  0.632177,  0.368707
  0.632200,  0.328798
  0.632222,  0.288889
  0.632245,  0.248980
  0.632268,  0.209070
  0.632290,  0.169161
  0.632313,  0.129252
  0.632336,  0.089342
  0.632358,  0.049433
  0.632381,  0.009524
  0.632404, -0.030385
  0.632426, -0.070295
  0.632449, -0.110204
  0.632472, -0.150113
  0.632494, -0.190023
  0.632517, -0.229932
  0.632540, -0.269841
  0.632562, -0.309751
  0.632585, -0.349660
  0.632608, -0.389569
  0.632630, -0.429478
  0.632653, -0.469388
  0.632676, -0.509297
  0.632698, -0.549206
  0.632721, -0.589116
  0.632744, -0.629025
  0.632766, -0.668934
  0.632789, -0.708844
  0.632812, -0.748753
  0.632834, -0.788662
  0.632857, -0.828571
  0.632880, -0.868481
  0.632902, -0.908390
  0.632925, -0.948299
  0.632948, -0.988209
  0.632971, -0.971882
  0.632993, -0.931973
  0.633016, -0.892063
  0.633039, -0.852154
  0.633061, -0.812245
  0.633084, -0.772336
  0.633107, -0.732426
  0.633129, -0.692517
  0.633152, -0.652608
  0.633175, -0.612698
  0.633197, -0.572789
  0.633220, -0.532880
  0.633243, -0.492971
  0.633265, -0.453061
  0.633288, -0.413152
  0.633311, -0.373243
  0.633333, -0.333333
  0.633356, -0.293424
  0.633379, -0.253515
  0.633401, -0.213605
  0.633424, -0.173696
  0.633447, -0.133787
  0.633469, -0.093878
  0.633492, -0.053968
  0.633515, -0.014059
  0.633537,  0.025850
  0.633560,  0.065760
  0.633583,  0.105669
  0.633605,  0.145578
  0.633628,  0.185488
  0.633651,  0.225397
  0.633673,  0.265306
  0.633696,  0.305215
  0.633719,  0.345125
  0.633741,  0.385034
  0.633764,  0.424943
  0.633787,  0.464853
  0.633810,  0.504762
  0.633832,  0.544671
  0.633855,  0.584580
  0.633878,  0.624490
  0.633900,  0.664399
  0.633923,  0.704308
  0.633946,  0.744218
  0.633968,  0.784127
  0.633991,  0.824036
  0.634014,  0.863946
  0.634036,  0.903855
  0.634059,  0.943764
  0.634082,  0.983673
  0.634104,  0.976417
  0.634127,  0.936508
  0.634150,  0.896599
  0.634172,  0.856689
  0.634195,  0.816780
  0.634218,  0.776871
  0.634240,  0.736961
  0.634263,  0.697052
  0.634286,  0.657143
  0.634308,  0.617234
  0.634331,  0.577324
  0.634354,  0.537415
  0.634376,  0.497506
  0.634399,  0.457596
  0.634422,  0.417687
  0.634444,  0.377778
  0.634467,  0.337868
  0.634490,  0.297959
  0.634512,  0.258050
  0.634535,  0.218141
  0.634558,  0.178231
  0.634580,  0.138322
  0.634603,  0.098413
  0.634626,  0.058503
  0.634649,  0.018594
  0.634671, -0.021315
  0.634694, -0.061224
  0.634717, -0.101134
  0.634739, -0.141043
  0.634762, -0.180952
  0.634785, -0.220862
  0.634807, -0.260771
  0.634830, -0.300680
  0.634853, -0.340590
  0.634875, -0.380499
  0.634898, -0.420408
  0.634921, -0.460317
  0.634943, -0.500227
  0.634966, -0.540136
  0.634989, -0.580045
  0.635011, -0.619955
  0.635034, -0.659864
  0.635057, -0.699773
  0.635079, -0.739683
  0.635102, -0.779592
  0.635125, -0.819501
  0.635147, -0.859410
  0.635170, -0.899320
  0.635193, -0.939229
  0.635215, -0.979138
  0.635238, -0.980952
  0.635261, -0.941043
  0.635283, -0.901134
  0.635306, -0.861224
  0.635329, -0.821315
  0.635351, -0.781406
  0.635374, -0.741497
  0.635397, -0.701587
  0.635420, -0.661678
  0.635442, -0.621769
  0.635465, -0.581859
  0.635488, -0.541950
  0.635510, -0.502041
  0.635533, -0.462132
  0.635556, -0.422222
  0.635578, -0.382313
  0.635601, -0.342404
  0.635624, -0.302494
  0.635646, -0.262585
  0.635669, -0.222676
  0.635692, -0.182766
  0.635714, -0.142857
  0.635737, -0.102948
  0.635760, -0.063039
  0.635782, -0.023129
  0.635805,  0.016780
  0.635828,  0.056689
  0.635850,  0.096599
  0.635873,  0.136508
  0.635896,  0.176417
  0.635918,  0.216327
  0.635941,  0.256236
  0.635964,  0.296145
  0.635986,  0.336054
  0.636009,  0.375964
  0.636032,  0.415873
  0.636054,  0.455782
  0.636077,  0.495692
  0.636100,  0.535601
  0.636122,  0.575510
  0.636145,  0.615420
  0.636168,  0.655329
  0.636190,  0.695238
  0.636213,  0.735147
  0.636236,  0.775057
  0.636259,  0.814966
  0.636281,  0.854875
  0.636304,  0.894785
  0.636327,  0.934694
  0.636349,  0.974603
  0.636372,  0.985488
  0.636395,  0.945578
  0.636417,  0.905669
  0.636440,  0.865760
  0.636463,  0.825850
  0.636485,  0.785941
  0.636508,  0.746032
  0.636531,  0.706122
  0.636553,  0.666213
  0.636576,  0.626304
  0.636599,  0.586395
  0.636621,  0.546485
  0.636644,  0.506576
  0.636667,  0.466667
  0.636689,  0.426757
  0.636712,  0.386848
  0.636735,  0.346939
  0.636757,  0.307029
  0.636780,  0.267120
  0.636803,  0.227211
  0.636825,  0.187302
  0.636848,  0.147392
  0.636871,  0.107483
  0.636893,  0.067574
  0.636916,  0.027664
  0.636939, -0.012245
  0.636961, -0.052154
  0.636984, -0.092063
  0.637007, -0.131973
  0.637029, -0.171882
  0.637052, -0.211791
  0.637075, -0.251701
  0.637098, -0.291610
  0.637120, -0.331519
  0.637143, -0.371429
  0.637166, -0.411338
  0.637188, -0.451247
  0.637211, -0.491156
  0.637234, -0.531066
  0.637256, -0.570975
  0.637279, -0.610884
  0.637302, -0.650794
  0.637324, -0.690703
  0.637347, -0.730612
  0.637370, -0.770522
  0.637392, -0.810431
  0.637415, -0.850340
  0.637438, -0.890249
  0.637460, -0.930159
  0.637483, -0.970068
  0.637506, -0.990023
  0.637528, -0.950113
  0.637551, -0.910204
  0.637574, -0.870295
  0.637596, -0.830385
  0.637619, -0.790476
  0.637642, -0.750567
  0.637664, -0.710658
  0.637687, -0.670748
  0.637710, -0.630839
  0.637732, -0.590930
  0.637755, -0.551020
  0.637778, -0.511111
  0.637800, -0.471202
  0.637823, -0.431293
  0.637846, -0.391383
  0.637868, -0.351474
  0.637891, -0.311565
  0.637914, -0.271655
  0.637937, -0.231746
  0.637959, -0.191837
  0.637982, -0.151927
  0.638005, -0.112018
  0.638027, -0.072109
  0.638050, -0.032200
  0.638073,  0.007710
  0.638095,  0.047619
  0.638118,  0.087528
  0.638141,  0.127438
  0.638163,  0.167347
  0.638186,  0.207256
  0.638209,  0.247166
  0.638231,  0.287075
  0.638254,  0.326984
  0.638277,  0.366893
  0.638299,  0.406803
  0.638322,  0.446712
  0.638345,  0.486621
  0.638367,  0.526531
  0.638390,  0.566440
  0.638413,  0.606349
  0.638435,  0.646259
  0.638458,  0.686168
  0.638481,  0.726077
  0.638503,  0.765986
  0.638526,  0.805896
  0.638549,  0.845805
  0.638571,  0.885714
  0.638594,  0.925624
  0.638617,  0.965533
  0.638639,  0.994558
  0.638662,  0.954649
  0.638685,  0.914739
  0.638707,  0.874830
  0.638730,  0.834921
  0.638753,  0.795011
  0.638776,  0.755102
  0.638798,  0.715193
  0.638821,  0.675283
  0.638844,  0.635374
  0.638866,  0.595465
  0.638889,  0.555556
  0.638912,  0.515646
  0.638934,  0.475737
  0.638957,  0.435828
  0.638980,  0.395918
  0.639002,  0.356009
  0.639025,  0.316100
  0.639048,  0.276190
  0.639070,  0.236281
  0.639093,  0.196372
  0.639116,  0.156463
  0.639138,  0.116553
  0.639161,  0.076644
  0.639184,  0.036735
  0.639206, -0.003175
  0.639229, -0.043084
  0.639252, -0.082993
  0.639274, -0.122902
  0.639297, -0.162812
  0.639320, -0.202721
  0.639342, -0.242630
  0.639365, -0.282540
  0.639388, -0.322449
  0.639410, -0.362358
  0.639433, -0.402268
  0.639456, -0.442177
  0.639478, -0.482086
  0.639501, -0.521995
  0.639524, -0.561905
  0.639546, -0.601814
  0.639569, -0.641723
  0.639592, -0.681633
  0.639615, -0.721542
  0.639637, -0.761451
  0.639660, -0.801361
  0.639683, -0.841270
  0.639705, -0.881179
  0.639728, -0.921088
  0.639751, -0.960998
  0.639773, -0.999093
  0.639796, -0.959184
  0.639819, -0.919274
  0.639841, -0.879365
  0.639864, -0.839456
  0.639887, -0.799546
  0.639909, -0.759637
  0.639932, -0.719728
  0.639955, -0.679819
  0.639977, -0.639909
  0.640000, -0.600000
  0.640023, -0.560091
  0.640045, -0.520181
  0.640068, -0.480272
  0.640091, -0.440363
  0.640113, -0.400454
  0.640136, -0.360544
  0.640159, -0.320635
  0.640181, -0.280726
  0.640204, -0.240816
  0.640227, -0.200907
  0.640249, -0.160998
  0.640272, -0.121088
  0.640295, -0.081179
  0.640317, -0.041270
  0.640340, -0.001361
  0.640363,  0.038549
  0.640385,  0.078458
  0.640408,  0.118367
  0.640431,  0.158277
  0.640454,  0.198186
  0.640476,  0.238095
  0.640499,  0.278005
  0.640522,  0.317914
  0.640544,  0.357823
  0.640567,  0.397732
  0.640590,  0.437642
  0.640612,  0.477551
  0.640635,  0.517460
  0.640658,  0.557370
  0.640680,  0.597279
  0.640703,  0.637188
  0.640726,  0.677098
  0.640748,  0.717007
  0.640771,  0.756916
  0.640794,  0.796825
  0.640816,  0.836735
  0.640839,  0.876644
  0.640862,  0.916553
  0.640884,  0.956463
  0.640907,  0.996372
  0.640930,  0.963719
  0.640952,  0.923810
  0.640975,  0.883900
  0.640998,  0.843991
  0.641020,  0.804082
  0.641043,  0.764172
  0.641066,  0.724263
  0.641088,  0.684354
  0.641111,  0.644444
  0.641134,  0.604535
  0.641156,  0.564626
  0.641179,  0.524717
  0.641202,  0.484807
  0.641224,  0.444898
  0.641247,  0.404989
  0.641270,  0.365079
  0.641293,  0.325170
  0.641315,  0.285261
  0.641338,  0.245351
  0.641361,  0.205442
  0.641383,  0.165533
  0.641406,  0.125624
  0.641429,  0.085714
  0.641451,  0.045805
  0.641474,  0.005896
  0.641497, -0.034014
  0.641519, -0.073923
  0.641542, -0.113832
  0.641565, -0.153741
  0.641587, -0.193651
  0.641610, -0.233560
  0.641633, -0.273469
  0.641655, -0.313379
  0.641678, -0.353288
  0.641701, -0.393197
  0.641723, -0.433107
  0.641746, -0.473016
  0.641769, -0.512925
  0.641791, -0.552834
  0.641814, -0.592744
  0.641837, -0.632653
  0.641859, -0.672562
  0.641882, -0.712472
  0.641905, -0.752381
  0.641927, -0.792290
  0.641950, -0.832200
  0.641973, -0.872109
  0.641995, -0.912018
  0.642018, -0.951927
  0.642041, -0.991837
  0.642063, -0.968254
  0.642086, -0.928345
  0.642109, -0.888435
  0.642132, -0.848526
  0.642154, -0.808617
  0.642177, -0.768707
  0.642200, -0.728798
  0.642222, -0.688889
  0.642245, -0.648980
  0.642268, -0.609070
  0.642290, -0.569161
  0.642313, -0.529252
  0.642336, -0.489342
  0.642358, -0.449433
  0.642381, -0.409524
  0.642404, -0.369615
  0.642426, -0.329705
  0.642449, -0.289796
  0.642472, -0.249887
  0.642494, -0.209977
  0.642517, -0.170068
  0.642540, -0.130159
  0.642562, -0.090249
  0.642585, -0.050340
  0.642608, -0.010431
  0.642630,  0.029478
  0.642653,  0.069388
  0.642676,  0.109297
  0.642698,  0.149206
  0.642721,  0.189116
  0.642744,  0.229025
  0.642766,  0.268934
  0.642789,  0.308844
  0.642812,  0.348753
  0.642834,  0.388662
  0.642857,  0.428571
  0.642880,  0.468481
  0.642902,  0.508390
  0.642925,  0.548299
  0.642948,  0.588209
  0.642971,  0.628118
  0.642993,  0.668027
  0.643016,  0.707937
  0.643039,  0.747846
  0.643061,  0.787755
  0.643084,  0.827664
  0.643107,  0.867574
  0.643129,  0.907483
  0.643152,  0.947392
  0.643175,  0.987302
  0.643197,  0.972789
  0.643220,  0.932880
  0.643243,  0.892971
  0.643265,  0.853061
  0.643288,  0.813152
  0.643311,  0.773243
  0.643333,  0.733333
  0.643356,  0.693424
  0.643379,  0.653515
  0.643401,  0.613605
  0.643424,  0.573696
  0.643447,  0.533787
  0.643469,  0.493878
  0.643492,  0.453968
  0.643515,  0.414059
  0.643537,  0.374150
  0.643560,  0.334240
  0.643583,  0.294331
  0.643605,  0.254422
  0.643628,  0.214512
  0.643651,  0.174603
  0.643673,  0.134694
  0.643696,  0.094785
  0.643719,  0.054875
  0.643741,  0.014966
  0.643764, -0.024943
  0.643787, -0.064853
  0.643810, -0.104762
  0.643832, -0.144671
  0.643855, -0.184580
  0.643878, -0.224490
  0.643900, -0.264399
  0.643923, -0.304308
  0.643946, -0.344218
  0.643968, -0.384127
  0.643991, -0.424036
  0.644014, -0.463946
  0.644036, -0.503855
  0.644059, -0.543764
  0.644082, -0.583673
  0.644104, -0.623583
  0.644127, -0.663492
  0.644150, -0.703401
  0.644172, -0.743311
  0.644195, -0.783220
  0.644218, -0.823129
  0.644240, -0.863039
  0.644263, -0.902948
  0.644286, -0.942857
  0.644308, -0.982766
  0.644331, -0.977324
  0.644354, -0.937415
  0.644376, -0.897506
  0.644399, -0.857596
  0.644422, -0.817687
  0.644444, -0.777778
  0.644467, -0.737868
  0.644490, -0.697959
  0.644512, -0.658050
  0.644535, -0.618141
  0.644558, -0.578231
  0.644580, -0.538322
  0.644603, -0.498413
  0.644626, -0.458503
  0.644649, -0.418594
  0.644671, -0.378685
  0.644694, -0.338776
  0.644717, -0.298866
  0.644739, -0.258957
  0.644762, -0.219048
  0.644785, -0.179138
  0.644807, -0.139229
  0.644830, -0.099320
  0.644853, -0.059410
  0.644875, -0.019501
  0.644898,  0.020408
  0.644921,  0.060317
  0.644943,  0.100227
  0.644966,  0.140136
  0.644989,  0.180045
  0.645011,  0.219955
  0.645034,  0.259864
  0.645057,  0.299773
  0.645079,  0.339683
  0.645102,  0.379592
  0.645125,  0.419501
  0.645147,  0.459410
  0.645170,  0.499320
  0.645193,  0.539229
  0.645215,  0.579138
  0.645238,  0.619048
  0.645261,  0.658957
  0.645283,  0.698866
  0.645306,  0.738776
  0.645329,  0.778685
  0.645351,  0.818594
  0.645374,  0.858503
  0.645397,  0.898413
  0.645420,  0.938322
  0.645442,  0.978231
  0.645465,  0.981859
  0.645488,  0.941950
  0.645510,  0.902041
  0.645533,  0.862132
  0.645556,  0.822222
  0.645578,  0.782313
  0.645601,  0.742404
  0.645624,  0.702494
  0.645646,  0.662585
  0.645669,  0.622676
  0.645692,  0.582766
  0.645714,  0.542857
  0.645737,  0.502948
  0.645760,  0.463039
  0.645782,  0.423129
  0.645805,  0.383220
  0.645828,  0.343311
  0.645850,  0.303401
  0.645873,  0.263492
  0.645896,  0.223583
  0.645918,  0.183673
  0.645941,  0.143764
  0.645964,  0.103855
  0.645986,  0.063946
  0.646009,  0.024036
  0.646032, -0.015873
  0.646054, -0.055782
  0.646077, -0.095692
  0.646100, -0.135601
  0.646122, -0.175510
  0.646145, -0.215420
  0.646168, -0.255329
  0.646190, -0.295238
  0.646213, -0.335147
  0.646236, -0.375057
  0.646259, -0.414966
  0.646281, -0.454875
  0.646304, -0.494785
  0.646327, -0.534694
  0.646349, -0.574603
  0.646372, -0.614512
  0.646395, -0.654422
  0.646417, -0.694331
  0.646440, -0.734240
  0.646463, -0.774150
  0.646485, -0.814059
  0.646508, -0.853968
  0.646531, -0.893878
  0.646553, -0.933787
  0.646576, -0.973696
  0.646599, -0.986395
  0.646621, -0.946485
  0.646644, -0.906576
  0.646667, -0.866667
  0.646689, -0.826757
  0.646712, -0.786848
  0.646735, -0.746939
  0.646757, -0.707029
  0.646780, -0.667120
  0.646803, -0.627211
  0.646825, -0.587302
  0.646848, -0.547392
  0.646871, -0.507483
  0.646893, -0.467574
  0.646916, -0.427664
  0.646939, -0.387755
  0.646961, -0.347846
  0.646984, -0.307937
  0.647007, -0.268027
  0.647029, -0.228118
  0.647052, -0.188209
  0.647075, -0.148299
  0.647098, -0.108390
  0.647120, -0.068481
  0.647143, -0.028571
  0.647166,  0.011338
  0.647188,  0.051247
  0.647211,  0.091156
  0.647234,  0.131066
  0.647256,  0.170975
  0.647279,  0.210884
  0.647302,  0.250794
  0.647324,  0.290703
  0.647347,  0.330612
  0.647370,  0.370522
  0.647392,  0.410431
  0.647415,  0.450340
  0.647438,  0.490249
  0.647460,  0.530159
  0.647483,  0.570068
  0.647506,  0.609977
  0.647528,  0.649887
  0.647551,  0.689796
  0.647574,  0.729705
  0.647596,  0.769615
  0.647619,  0.809524
  0.647642,  0.849433
  0.647664,  0.889342
  0.647687,  0.929252
  0.647710,  0.969161
  0.647732,  0.990930
  0.647755,  0.951020
  0.647778,  0.911111
  0.647800,  0.871202
  0.647823,  0.831293
  0.647846,  0.791383
  0.647868,  0.751474
  0.647891,  0.711565
  0.647914,  0.671655
  0.647937,  0.631746
  0.647959,  0.591837
  0.647982,  0.551927
  0.648005,  0.512018
  0.648027,  0.472109
  0.648050,  0.432200
  0.648073,  0.392290
  0.648095,  0.352381
  0.648118,  0.312472
  0.648141,  0.272562
  0.648163,  0.232653
  0.648186,  0.192744
  0.648209,  0.152834
  0.648231,  0.112925
  0.648254,  0.073016
  0.648277,  0.033107
  0.648299, -0.006803
  0.648322, -0.046712
  0.648345, -0.086621
  0.648367, -0.126531
  0.648390, -0.166440
  0.648413, -0.206349
  0.648435, -0.246259
  0.648458, -0.286168
  0.648481, -0.326077
  0.648503, -0.365986
  0.648526, -0.405896
  0.648549, -0.445805
  0.648571, -0.485714
  0.648594, -0.525624
  0.648617, -0.565533
  0.648639, -0.605442
  0.648662, -0.645351
  0.648685, -0.685261
  0.648707, -0.725170
  0.648730, -0.765079
  0.648753, -0.804989
  0.648776, -0.844898
  0.648798, -0.884807
  0.648821, -0.924717
  0.648844, -0.964626
  0.648866, -0.995465
  0.648889, -0.955556
  0.648912, -0.915646
  0.648934, -0.875737
  0.648957, -0.835828
  0.648980, -0.795918
  0.649002, -0.756009
  0.649025, -0.716100
  0.649048, -0.676190
  0.649070, -0.636281
  0.649093, -0.596372
  0.649116, -0.556463
  0.649138, -0.516553
  0.649161, -0.476644
  0.649184, -0.436735
  0.649206, -0.396825
  0.649229, -0.356916
  0.649252, -0.317007
  0.649274, -0.277098
  0.649297, -0.237188
  0.649320, -0.197279
  0.649342, -0.157370
  0.649365, -0.117460
  0.649388, -0.077551
  0.649410, -0.037642
  0.649433,  0.002268
  0.649456,  0.042177
  0.649478,  0.082086
  0.649501,  0.121995
  0.649524,  0.161905
  0.649546,  0.201814
  0.649569,  0.241723
  0.649592,  0.281633
  0.649615,  0.321542
  0.649637,  0.361451
  0.649660,  0.401361
  0.649683,  0.441270
  0.649705,  0.481179
  0.649728,  0.521088
  0.649751,  0.560998
  0.649773,  0.600907
  0.649796,  0.640816
  0.649819,  0.680726
  0.649841,  0.720635
  0.649864,  0.760544
  0.649887,  0.800454
  0.649909,  0.840363
  0.649932,  0.880272
  0.649955,  0.920181
  0.649977,  0.960091
  0.650000,  1.000000
  0.650023,  0.960091
  0.650045,  0.920181
  0.650068,  0.880272
  0.650091,  0.840363
  0.650113,  0.800454
  0.650136,  0.760544
  0.650159,  0.720635
  0.650181,  0.680726
  0.650204,  0.640816
  0.650227,  0.600907
  0.650249,  0.560998
  0.650272,  0.521088
  0.650295,  0.481179
  0.650317,  0.441270
  0.650340,  0.401361
  0.650363,  0.361451
  0.650385,  0.321542
  0.650408,  0.281633
  0.650431,  0.241723
  0.650454,  0.201814
  0.650476,  0.161905
  0.650499,  0.121995
  0.650522,  0.082086
  0.650544,  0.042177
  0.650567,  0.002268
  0.650590, -0.037642
  0.650612, -0.077551
  0.650635, -0.117460
  0.650658, -0.157370
  0.650680, -0.197279
  0.650703, -0.237188
  0.650726, -0.277098
  0.650748, -0.317007
  0.650771, -0.356916
  0.650794, -0.396825
  0.650816, -0.436735
  0.650839, -0.476644
  0.650862, -0.516553
  0.650884, -0.556463
  0.650907, -0.596372
  0.650930, -0.636281
  0.650952, -0.676190
  0.650975, -0.716100
  0.650998, -0.756009
  0.651020, -0.795918
  0.651043, -0.835828
  0.651066, -0.875737
  0.651088, -0.915646
  0.651111, -0.955556
  0.651134, -0.995465
  0.651156, -0.964626
  0.651179, -0.924717
  0.651202, -0.884807
  0.651224, -0.844898
  0.651247, -0.804989
  0.651270, -0.765079
  0.651293, -0.725170
  0.651315, -0.685261
  0.651338, -0.645351
  0.651361, -0.605442
  0.651383, -0.565533
  0.651406, -0.525624
  0.651429, -0.485714
  0.651451, -0.445805
  0.651474, -0.405896
  0.651497, -0.365986
  0.651519, -0.326077
  0.651542, -0.286168
  0.651565, -0.246259
  0.651587, -0.206349
  0.651610, -0.166440
  0.651633, -0.126531
  0.651655, -0.086621
  0.651678, -0.046712
  0.651701, -0.006803
  0.651723,  0.033107
  0.651746,  0.073016
  0.651769,  0.112925
  0.651791,  0.152834
  0.651814,  0.192744
  0.651837,  0.232653
  0.651859,  0.272562
  0.651882,  0.312472
  0.651905,  0.352381
  0.651927,  0.392290
  0.651950,  0.432200
  0.651973,  0.472109
  0.651995,  0.512018
  0.652018,  0.551927
  0.652041,  0.591837
  0.652063,  0.631746
  0.652086,  0.671655
  0.652109,  0.711565
  0.652132,  0.751474
  0.652154,  0.791383
  0.652177,  0.831293
  0.652200,  0.871202
  0.652222,  0.911111
  0.652245,  0.951020
  0.652268,  0.990930
  0.652290,  0.969161
  0.652313,  0.929252
  0.652336,  0.889342
  0.652358,  0.849433
  0.652381,  0.809524
  0.652404,  0.769615
  0.652426,  0.729705
  0.652449,  0.689796
  0.652472,  0.649887
  0.652494,  0.609977
  0.652517,  0.570068
  0.652540,  0.530159
  0.652562,  0.490249
  0.652585,  0.450340
  0.652608,  0.410431
  0.652630,  0.370522
  0.652653,  0.330612
  0.652676,  0.290703
  0.652698,  0.250794
  0.652721,  0.210884
  0.652744,  0.170975
  0.652766,  0.131066
  0.652789,  0.091156
  0.652812,  0.051247
  0.652834,  0.011338
  0.652857, -0.028571
  0.652880, -0.068481
  0.652902, -0.108390
  0.652925, -0.148299
  0.652948, -0.188209
  0.652971, -0.228118
  0.652993, -0.268027
  0.653016, -0.307937
  0.653039, -0.347846
  0.653061, -0.387755
  0.653084, -0.427664
  0.653107, -0.467574
  0.653129, -0.507483
  0.653152, -0.547392
  0.653175, -0.587302
  0.653197, -0.627211
  0.653220, -0.667120
  0.653243, -0.707029
  0.653265, -0.746939
  0.653288, -0.786848
  0.653311, -0.826757
  0.653333, -0.866667
  0.653356, -0.906576
  0.653379, -0.946485
  0.653401, -0.986395
  0.653424, -0.973696
  0.653447, -0.933787
  0.653469, -0.893878
  0.653492, -0.853968
  0.653515, -0.814059
  0.653537, -0.774150
  0.653560, -0.734240
  0.653583, -0.694331
  0.653605, -0.654422
  0.653628, -0.614512
  0.653651, -0.574603
  0.653673, -0.534694
  0.653696, -0.494785
  0.653719, -0.454875
  0.653741, -0.414966
  0.653764, -0.375057
  0.653787, -0.335147
  0.653810, -0.295238
  0.653832, -0.255329
  0.653855, -0.215420
  0.653878, -0.175510
  0.653900, -0.135601
  0.653923, -0.095692
  0.653946, -0.055782
  0.653968, -0.015873
  0.653991,  0.024036
  0.654014,  0.063946
  0.654036,  0.103855
  0.654059,  0.143764
  0.654082,  0.183673
  0.654104,  0.223583
  0.654127,  0.263492
  0.654150,  0.303401
  0.654172,  0.343311
  0.654195,  0.383220
  0.654218,  0.423129
  0.654240,  0.463039
  0.654263,  0.502948
  0.654286,  0.542857
  0.654308,  0.582766
  0.654331,  0.622676
  0.654354,  0.662585
  0.654376,  0.702494
  0.654399,  0.742404
  0.654422,  0.782313
  0.654444,  0.822222
  0.654467,  0.862132
  0.654490,  0.902041
  0.654512,  0.941950
  0.654535,  0.981859
  0.654558,  0.978231
  0.654580,  0.938322
  0.654603,  0.898413
  0.654626,  0.858503
  0.654649,  0.818594
  0.654671,  0.778685
  0.654694,  0.738776
  0.654717,  0.698866
  0.654739,  0.658957
  0.654762,  0.619048
  0.654785,  0.579138
  0.654807,  0.539229
  0.654830,  0.499320
  0.654853,  0.459410
  0.654875,  0.419501
  0.654898,  0.379592
  0.654921,  0.339683
  0.654943,  0.299773
  0.654966,  0.259864
  0.654989,  0.219955
  0.655011,  0.180045
  0.655034,  0.140136
  0.655057,  0.100227
  0.655079,  0.060317
  0.655102,  0.020408
  0.655125, -0.019501
  0.655147, -0.059410
  0.655170, -0.099320
  0.655193, -0.139229
  0.655215, -0.179138
  0.655238, -0.219048
  0.655261, -0.258957
  0.655283, -0.298866
  0.655306, -0.338776
  0.655329, -0.378685
  0.655351, -0.418594
  0.655374, -0.458503
  0.655397, -0.498413
  0.655420, -0.538322
  0.655442, -0.578231
  0.655465, -0.618141
  0.655488, -0.658050
  0.655510, -0.697959
  0.655533, -0.737868
  0.655556, -0.777778
  0.655578, -0.817687
  0.655601, -0.857596
  0.655624, -0.897506
  0.655646, -0.937415
  0.655669, -0.977324
  0.655692, -0.982766
  0.655714, -0.942857
  0.655737, -0.902948
  0.655760, -0.863039
  0.655782, -0.823129
  0.655805, -0.783220
  0.655828, -0.743311
  0.655850, -0.703401
  0.655873, -0.663492
  0.655896, -0.623583
  0.655918, -0.583673
  0.655941, -0.543764
  0.655964, -0.503855
  0.655986, -0.463946
  0.656009, -0.424036
  0.656032, -0.384127
  0.656054, -0.344218
  0.656077, -0.304308
  0.656100, -0.264399
  0.656122, -0.224490
  0.656145, -0.184580
  0.656168, -0.144671
  0.656190, -0.104762
  0.656213, -0.064853
  0.656236, -0.024943
  0.656259,  0.014966
  0.656281,  0.054875
  0.656304,  0.094785
  0.656327,  0.134694
  0.656349,  0.174603
  0.656372,  0.214512
  0.656395,  0.254422
  0.656417,  0.294331
  0.656440,  0.334240
  0.656463,  0.374150
  0.656485,  0.414059
  0.656508,  0.453968
  0.656531,  0.493878
  0.656553,  0.533787
  0.656576,  0.573696
  0.656599,  0.613605
  0.656621,  0.653515
  0.656644,  0.693424
  0.656667,  0.733333
  0.656689,  0.773243
  0.656712,  0.813152
  0.656735,  0.853061
  0.656757,  0.892971
  0.656780,  0.932880
  0.656803,  0.972789
  0.656825,  0.987302
  0.656848,  0.947392
  0.656871,  0.907483
  0.656893,  0.867574
  0.656916,  0.827664
  0.656939,  0.787755
  0.656961,  0.747846
  0.656984,  0.707937
  0.657007,  0.668027
  0.657029,  0.628118
  0.657052,  0.588209
  0.657075,  0.548299
  0.657098,  0.508390
  0.657120,  0.468481
  0.657143,  0.428571
  0.657166,  0.388662
  0.657188,  0.348753
  0.657211,  0.308844
  0.657234,  0.268934
  0.657256,  0.229025
  0.657279,  0.189116
  0.657302,  0.149206
  0.657324,  0.109297
  0.657347,  0.069388
  0.657370,  0.029478
  0.657392, -0.010431
  0.657415, -0.050340
  0.657438, -0.090249
  0.657460, -0.130159
  0.657483, -0.170068
  0.657506, -0.209977
  0.657528, -0.249887
  0.657551, -0.289796
  0.657574, -0.329705
  0.657596, -0.369615
  0.657619, -0.409524
  0.657642, -0.449433
  0.657664, -0.489342
  0.657687, -0.529252
  0.657710, -0.569161
  0.657732, -0.609070
  0.657755, -0.648980
  0.657778, -0.688889
  0.657800, -0.728798
  0.657823, -0.768707
  0.657846, -0.808617
  0.657868, -0.848526
  0.657891, -0.888435
  0.657914, -0.928345
  0.657937, -0.968254
  0.657959, -0.991837
  0.657982, -0.951927
  0.658005, -0.912018
  0.658027, -0.872109
  0.658050, -0.832200
  0.658073, -0.792290
  0.658095, -0.752381
  0.658118, -0.712472
  0.658141, -0.672562
  0.658163, -0.632653
  0.658186, -0.592744
  0.658209, -0.552834
  0.658231, -0.512925
  0.658254, -0.473016
  0.658277, -0.433107
  0.658299, -0.393197
  0.658322, -0.353288
  0.658345, -0.313379
  0.658367, -0.273469
  0.658390, -0.233560
  0.658413, -0.193651
  0.658435, -0.153741
  0.658458, -0.113832
  0.658481, -0.073923
  0.658503, -0.034014
  0.658526,  0.005896
  0.658549,  0.045805
  0.658571,  0.085714
  0.658594,  0.125624
  0.658617,  0.165533
  0.658639,  0.205442
  0.658662,  0.245351
  0.658685,  0.285261
  0.658707,  0.325170
  0.658730,  0.365079
  0.658753,  0.404989
  0.658776,  0.444898
  0.658798,  0.484807
  0.658821,  0.524717
  0.658844,  0.564626
  0.658866,  0.604535
  0.658889,  0.644444
  0.658912,  0.684354
  0.658934,  0.724263
  0.658957,  0.764172
  0.658980,  0.804082
  0.659002,  0.843991
  0.659025,  0.883900
  0.659048,  0.923810
  0.659070,  0.963719
  0.659093,  0.996372
  0.659116,  0.956463
  0.659138,  0.916553
  0.659161,  0.876644
  0.659184,  0.836735
  0.659206,  0.796825
  0.659229,  0.756916
  0.659252,  0.717007
  0.659274,  0.677098
  0.659297,  0.637188
  0.659320,  0.597279
  0.659342,  0.557370
  0.659365,  0.517460
  0.659388,  0.477551
  0.659410,  0.437642
  0.659433,  0.397732
  0.659456,  0.357823
  0.659478,  0.317914
  0.659501,  0.278005
  0.659524,  0.238095
  0.659546,  0.198186
  0.659569,  0.158277
  0.659592,  0.118367
  0.659615,  0.078458
  0.659637,  0.038549
  0.659660, -0.001361
  0.659683, -0.041270
  0.659705, -0.081179
  0.659728, -0.121088
  0.659751, -0.160998
  0.659773, -0.200907
  0.659796, -0.240816
  0.659819, -0.280726
  0.659841, -0.320635
  0.659864, -0.360544
  0.659887, -0.400454
  0.659909, -0.440363
  0.659932, -0.480272
  0.659955, -0.520181
  0.659977, -0.560091
  0.660000, -0.600000
  0.660023, -0.639909
  0.660045, -0.679819
  0.660068, -0.719728
  0.660091, -0.759637
  0.660113, -0.799546
  0.660136, -0.839456
  0.660159, -0.879365
  0.660181, -0.919274
  0.660204, -0.959184
  0.660227, -0.999093
  0.660249, -0.960998
  0.660272, -0.921088
  0.660295, -0.881179
  0.660317, -0.841270
  0.660340, -0.801361
  0.660363, -0.761451
  0.660385, -0.721542
  0.660408, -0.681633
  0.660431, -0.641723
  0.660454, -0.601814
  0.660476, -0.561905
  0.660499, -0.521995
  0.660522, -0.482086
  0.660544, -0.442177
  0.660567, -0.402268
  0.660590, -0.362358
  0.660612, -0.322449
  0.660635, -0.282540
  0.660658, -0.242630
  0.660680, -0.202721
  0.660703, -0.162812
  0.660726, -0.122902
  0.660748, -0.082993
  0.660771, -0.043084
  0.660794, -0.003175
  0.660816,  0.036735
  0.660839,  0.076644
  0.660862,  0.116553
  0.660884,  0.156463
  0.660907,  0.196372
  0.660930,  0.236281
  0.660952,  0.276190
  0.660975,  0.316100
  0.660998,  0.356009
  0.661020,  0.395918
  0.661043,  0.435828
  0.661066,  0.475737
  0.661088,  0.515646
  0.661111,  0.555556
  0.661134,  0.595465
  0.661156,  0.635374
  0.661179,  0.675283
  0.661202,  0.715193
  0.661224,  0.755102
  0.661247,  0.795011
  0.661270,  0.834921
  0.661293,  0.874830
  0.661315,  0.914739
  0.661338,  0.954649
  0.661361,  0.994558
  0.661383,  0.965533
  0.661406,  0.925624
  0.661429,  0.885714
  0.661451,  0.845805
  0.661474,  0.805896
  0.661497,  0.765986
  0.661519,  0.726077
  0.661542,  0.686168
  0.661565,  0.646259
  0.661587,  0.606349
  0.661610,  0.566440
  0.661633,  0.526531
  0.661655,  0.486621
  0.661678,  0.446712
  0.661701,  0.406803
  0.661723,  0.366893
  0.661746,  0.326984
  0.661769,  0.287075
  0.661791,  0.247166
  0.661814,  0.207256
  0.661837,  0.167347
  0.661859,  0.127438
  0.661882,  0.087528
  0.661905,  0.047619
  0.661927,  0.007710
  0.661950, -0.032200
  0.661973, -0.072109
  0.661995, -0.112018
  0.662018, -0.151927
  0.662041, -0.191837
  0.662063, -0.231746
  0.662086, -0.271655
  0.662109, -0.311565
  0.662132, -0.351474
  0.662154, -0.391383
  0.662177, -0.431293
  0.662200, -0.471202
  0.662222, -0.511111
  0.662245, -0.551020
  0.662268, -0.590930
  0.662290, -0.630839
  0.662313, -0.670748
  0.662336, -0.710658
  0.662358, -0.750567
  0.662381, -0.790476
  0.662404, -0.830385
  0.662426, -0.870295
  0.662449, -0.910204
  0.662472, -0.950113
  0.662494, -0.990023
  0.662517, -0.970068
  0.662540, -0.930159
  0.662562, -0.890249
  0.662585, -0.850340
  0.662608, -0.810431
  0.662630, -0.770522
  0.662653, -0.730612
  0.662676, -0.690703
  0.662698, -0.650794
  0.662721, -0.610884
  0.662744, -0.570975
  0.662766, -0.531066
  0.662789, -0.491156
  0.662812, -0.451247
  0.662834, -0.411338
  0.662857, -0.371429
  0.662880, -0.331519
  0.662902, -0.291610
  0.662925, -0.251701
  0.662948, -0.211791
  0.662971, -0.171882
  0.662993, -0.131973
  0.663016, -0.092063
  0.663039, -0.052154
  0.663061, -0.012245
  0.663084,  0.027664
  0.663107,  0.067574
  0.663129,  0.107483
  0.663152,  0.147392
  0.663175,  0.187302
  0.663197,  0.227211
  0.663220,  0.267120
  0.663243,  0.307029
  0.663265,  0.346939
  0.663288,  0.386848
  0.663311,  0.426757
  0.663333,  0.466667
  0.663356,  0.506576
  0.663379,  0.546485
  0.663401,  0.586395
  0.663424,  0.626304
  0.663447,  0.666213
  0.663469,  0.706122
  0.663492,  0.746032
  0.663515,  0.785941
  0.663537,  0.825850
  0.663560,  0.865760
  0.663583,  0.905669
  0.663605,  0.945578
  0.663628,  0.985488
  0.663651,  0.974603
  0.663673,  0.934694
  0.663696,  0.894785
  0.663719,  0.854875
  0.663741,  0.814966
  0.663764,  0.775057
  0.663787,  0.735147
  0.663810,  0.695238
  0.663832,  0.655329
  0.663855,  0.615420
  0.663878,  0.575510
  0.663900,  0.535601
  0.663923,  0.495692
  0.663946,  0.455782
  0.663968,  0.415873
  0.663991,  0.375964
  0.664014,  0.336054
  0.664036,  0.296145
  0.664059,  0.256236
  0.664082,  0.216327
  0.664104,  0.176417
  0.664127,  0.136508
  0.664150,  0.096599
  0.664172,  0.056689
  0.664195,  0.016780
  0.664218, -0.023129
  0.664240, -0.063039
  0.664263, -0.102948
  0.664286, -0.142857
  0.664308, -0.182766
  0.664331, -0.222676
  0.664354, -0.262585
  0.664376, -0.302494
  0.664399, -0.342404
  0.664422, -0.382313
  0.664444, -0.422222
  0.664467, -0.462132
  0.664490, -0.502041
  0.664512, -0.541950
  0.664535, -0.581859
  0.664558, -0.621769
  0.664580, -0.661678
  0.664603, -0.701587
  0.664626, -0.741497
  0.664649, -0.781406
  0.664671, -0.821315
  0.664694, -0.861224
  0.664717, -0.901134
  0.664739, -0.941043
  0.664762, -0.980952
  0.664785, -0.979138
  0.664807, -0.939229
  0.664830, -0.899320
  0.664853, -0.859410
  0.664875, -0.819501
  0.664898, -0.779592
  0.664921, -0.739683
  0.664943, -0.699773
  0.664966, -0.659864
  0.664989, -0.619955
  0.665011, -0.580045
  0.665034, -0.540136
  0.665057, -0.500227
  0.665079, -0.460317
  0.665102, -0.420408
  0.665125, -0.380499
  0.665147, -0.340590
  0.665170, -0.300680
  0.665193, -0.260771
  0.665215, -0.220862
  0.665238, -0.180952
  0.665261, -0.141043
  0.665283, -0.101134
  0.665306, -0.061224
  0.665329, -0.021315
  0.665351,  0.018594
  0.665374,  0.058503
  0.665397,  0.098413
  0.665420,  0.138322
  0.665442,  0.178231
  0.665465,  0.218141
  0.665488,  0.258050
  0.665510,  0.297959
  0.665533,  0.337868
  0.665556,  0.377778
  0.665578,  0.417687
  0.665601,  0.457596
  0.665624,  0.497506
  0.665646,  0.537415
  0.665669,  0.577324
  0.665692,  0.617234
  0.665714,  0.657143
  0.665737,  0.697052
  0.665760,  0.736961
  0.665782,  0.776871
  0.665805,  0.816780
  0.665828,  0.856689
  0.665850,  0.896599
  0.665873,  0.936508
  0.665896,  0.976417
  0.665918,  0.983673
  0.665941,  0.943764
  0.665964,  0.903855
  0.665986,  0.863946
  0.666009,  0.824036
  0.666032,  0.784127
  0.666054,  0.744218
  0.666077,  0.704308
  0.666100,  0.664399
  0.666122,  0.624490
  0.666145,  0.584580
  0.666168,  0.544671
  0.666190,  0.504762
  0.666213,  0.464853
  0.666236,  0.424943
  0.666259,  0.385034
  0.666281,  0.345125
  0.666304,  0.305215
  0.666327,  0.265306
  0.666349,  0.225397
  0.666372,  0.185488
  0.666395,  0.145578
  0.666417,  0.105669
  0.666440,  0.065760
  0.666463,  0.025850
  0.666485, -0.014059
  0.666508, -0.053968
  0.666531, -0.093878
  0.666553, -0.133787
  0.666576, -0.173696
  0.666599, -0.213605
  0.666621, -0.253515
  0.666644, -0.293424
  0.666667, -0.333333
  0.666689, -0.373243
  0.666712, -0.413152
  0.666735, -0.453061
  0.666757, -0.492971
  0.666780, -0.532880
  0.666803, -0.572789
  0.666825, -0.612698
  0.666848, -0.652608
  0.666871, -0.692517
  0.666893, -0.732426
  0.666916, -0.772336
  0.666939, -0.812245
  0.666961, -0.852154
  0.666984, -0.892063
  0.667007, -0.931973
  0.667029, -0.971882
  0.667052, -0.988209
  0.667075, -0.948299
  0.667098, -0.908390
  0.667120, -0.868481
  0.667143, -0.828571
  0.667166, -0.788662
  0.667188, -0.748753
  0.667211, -0.708844
  0.667234, -0.668934
  0.667256, -0.629025
  0.667279, -0.589116
  0.667302, -0.549206
  0.667324, -0.509297
  0.667347, -0.469388
  0.667370, -0.429478
  0.667392, -0.389569
  0.667415, -0.349660
  0.667438, -0.309751
  0.667460, -0.269841
  0.667483, -0.229932
  0.667506, -0.190023
  0.667528, -0.150113
  0.667551, -0.110204
  0.667574, -0.070295
  0.667596, -0.030385
  0.667619,  0.009524
  0.667642,  0.049433
  0.667664,  0.089342
  0.667687,  0.129252
  0.667710,  0.169161
  0.667732,  0.209070
  0.667755,  0.248980
  0.667778,  0.288889
  0.667800,  0.328798
  0.667823,  0.368707
  0.667846,  0.408617
  0.667868,  0.448526
  0.667891,  0.488435
  0.667914,  0.528345
  0.667937,  0.568254
  0.667959,  0.608163
  0.667982,  0.648073
  0.668005,  0.687982
  0.668027,  0.727891
  0.668050,  0.767800
  0.668073,  0.807710
  0.668095,  0.847619
  0.668118,  0.887528
  0.668141,  0.927438
  0.668163,  0.967347
  0.668186,  0.992744
  0.668209,  0.952834
  0.668231,  0.912925
  0.668254,  0.873016
  0.668277,  0.833107
  0.668299,  0.793197
  0.668322,  0.753288
  0.668345,  0.713379
  0.668367,  0.673469
  0.668390,  0.633560
  0.668413,  0.593651
  0.668435,  0.553741
  0.668458,  0.513832
  0.668481,  0.473923
  0.668503,  0.434014
  0.668526,  0.394104
  0.668549,  0.354195
  0.668571,  0.314286
  0.668594,  0.274376
  0.668617,  0.234467
  0.668639,  0.194558
  0.668662,  0.154649
  0.668685,  0.114739
  0.668707,  0.074830
  0.668730,  0.034921
  0.668753, -0.004989
  0.668776, -0.044898
  0.668798, -0.084807
  0.668821, -0.124717
  0.668844, -0.164626
  0.668866, -0.204535
  0.668889, -0.244444
  0.668912, -0.284354
  0.668934, -0.324263
  0.668957, -0.364172
  0.668980, -0.404082
  0.669002, -0.443991
  0.669025, -0.483900
  0.669048, -0.523810
  0.669070, -0.563719
  0.669093, -0.603628
  0.669116, -0.643537
  0.669138, -0.683447
  0.669161, -0.723356
  0.669184, -0.763265
  0.669206, -0.803175
  0.669229, -0.843084
  0.669252, -0.882993
  0.669274, -0.922902
  0.669297, -0.962812
  0.669320, -0.997279
  0.669342, -0.957370
  0.669365, -0.917460
  0.669388, -0.877551
  0.669410, -0.837642
  0.669433, -0.797732
  0.669456, -0.757823
  0.669478, -0.717914
  0.669501, -0.678005
  0.669524, -0.638095
  0.669546, -0.598186
  0.669569, -0.558277
  0.669592, -0.518367
  0.669615, -0.478458
  0.669637, -0.438549
  0.669660, -0.398639
  0.669683, -0.358730
  0.669705, -0.318821
  0.669728, -0.278912
  0.669751, -0.239002
  0.669773, -0.199093
  0.669796, -0.159184
  0.669819, -0.119274
  0.669841, -0.079365
  0.669864, -0.039456
  0.669887,  0.000454
  0.669909,  0.040363
  0.669932,  0.080272
  0.669955,  0.120181
  0.669977,  0.160091
  0.670000,  0.200000
  0.670023,  0.239909
  0.670045,  0.279819
  0.670068,  0.319728
  0.670091,  0.359637
  0.670113,  0.399546
  0.670136,  0.439456
  0.670159,  0.479365
  0.670181,  0.519274
  0.670204,  0.559184
  0.670227,  0.599093
  0.670249,  0.639002
  0.670272,  0.678912
  0.670295,  0.718821
  0.670317,  0.758730
  0.670340,  0.798639
  0.670363,  0.838549
  0.670385,  0.878458
  0.670408,  0.918367
  0.670431,  0.958277
  0.670454,  0.998186
  0.670476,  0.961905
  0.670499,  0.921995
  0.670522,  0.882086
  0.670544,  0.842177
  0.670567,  0.802268
  0.670590,  0.762358
  0.670612,  0.722449
  0.670635,  0.682540
  0.670658,  0.642630
  0.670680,  0.602721
  0.670703,  0.562812
  0.670726,  0.522902
  0.670748,  0.482993
  0.670771,  0.443084
  0.670794,  0.403175
  0.670816,  0.363265
  0.670839,  0.323356
  0.670862,  0.283447
  0.670884,  0.243537
  0.670907,  0.203628
  0.670930,  0.163719
  0.670952,  0.123810
  0.670975,  0.083900
  0.670998,  0.043991
  0.671020,  0.004082
  0.671043, -0.035828
  0.671066, -0.075737
  0.671088, -0.115646
  0.671111, -0.155556
  0.671134, -0.195465
  0.671156, -0.235374
  0.671179, -0.275283
  0.671202, -0.315193
  0.671224, -0.355102
  0.671247, -0.395011
  0.671270, -0.434921
  0.671293, -0.474830
  0.671315, -0.514739
  0.671338, -0.554649
  0.671361, -0.594558
  0.671383, -0.634467
  0.671406, -0.674376
  0.671429, -0.714286
  0.671451, -0.754195
  0.671474, -0.794104
  0.671497, -0.834014
  0.671519, -0.873923
  0.671542, -0.913832
  0.671565, -0.953741
  0.671587, -0.993651
  0.671610, -0.966440
  0.671633, -0.926531
  0.671655, -0.886621
  0.671678, -0.846712
  0.671701, -0.806803
  0.671723, -0.766893
  0.671746, -0.726984
  0.671769, -0.687075
  0.671791, -0.647166
  0.671814, -0.607256
  0.671837, -0.567347
  0.671859, -0.527438
  0.671882, -0.487528
  0.671905, -0.447619
  0.671927, -0.407710
  0.671950, -0.367800
  0.671973, -0.327891
  0.671995, -0.287982
  0.672018, -0.248073
  0.672041, -0.208163
  0.672063, -0.168254
  0.672086, -0.128345
  0.672109, -0.088435
  0.672132, -0.048526
  0.672154, -0.008617
  0.672177,  0.031293
  0.672200,  0.071202
  0.672222,  0.111111
  0.672245,  0.151020
  0.672268,  0.190930
  0.672290,  0.230839
  0.672313,  0.270748
  0.672336,  0.310658
  0.672358,  0.350567
  0.672381,  0.390476
  0.672404,  0.430385
  0.672426,  0.470295
  0.672449,  0.510204
  0.672472,  0.550113
  0.672494,  0.590023
  0.672517,  0.629932
  0.672540,  0.669841
  0.672562,  0.709751
  0.672585,  0.749660
  0.672608,  0.789569
  0.672630,  0.829478
  0.672653,  0.869388
  0.672676,  0.909297
  0.672698,  0.949206
  0.672721,  0.989116
  0.672744,  0.970975
  0.672766,  0.931066
  0.672789,  0.891156
  0.672812,  0.851247
  0.672834,  0.811338
  0.672857,  0.771429
  0.672880,  0.731519
  0.672902,  0.691610
  0.672925,  0.651701
  0.672948,  0.611791
  0.672971,  0.571882
  0.672993,  0.531973
  0.673016,  0.492063
  0.673039,  0.452154
  0.673061,  0.412245
  0.673084,  0.372336
  0.673107,  0.332426
  0.673129,  0.292517
  0.673152,  0.252608
  0.673175,  0.212698
  0.673197,  0.172789
  0.673220,  0.132880
  0.673243,  0.092971
  0.673265,  0.053061
  0.673288,  0.013152
  0.673311, -0.026757
  0.673333, -0.066667
  0.673356, -0.106576
  0.673379, -0.146485
  0.673401, -0.186395
  0.673424, -0.226304
  0.673447, -0.266213
  0.673469, -0.306122
  0.673492, -0.346032
  0.673515, -0.385941
  0.673537, -0.425850
  0.673560, -0.465760
  0.673583, -0.505669
  0.673605, -0.545578
  0.673628, -0.585488
  0.673651, -0.625397
  0.673673, -0.665306
  0.673696, -0.705215
  0.673719, -0.745125
  0.673741, -0.785034
  0.673764, -0.824943
  0.673787, -0.864853
  0.673810, -0.904762
  0.673832, -0.944671
  0.673855, -0.984580
  0.673878, -0.975510
  0.673900, -0.935601
  0.673923, -0.895692
  0.673946, -0.855782
  0.673968, -0.815873
  0.673991, -0.775964
  0.674014, -0.736054
  0.674036, -0.696145
  0.674059, -0.656236
  0.674082, -0.616327
  0.674104, -0.576417
  0.674127, -0.536508
  0.674150, -0.496599
  0.674172, -0.456689
  0.674195, -0.416780
  0.674218, -0.376871
  0.674240, -0.336961
  0.674263, -0.297052
  0.674286, -0.257143
  0.674308, -0.217234
  0.674331, -0.177324
  0.674354, -0.137415
  0.674376, -0.097506
  0.674399, -0.057596
  0.674422, -0.017687
  0.674444,  0.022222
  0.674467,  0.062132
  0.674490,  0.102041
  0.674512,  0.141950
  0.674535,  0.181859
  0.674558,  0.221769
  0.674580,  0.261678
  0.674603,  0.301587
  0.674626,  0.341497
  0.674649,  0.381406
  0.674671,  0.421315
  0.674694,  0.461224
  0.674717,  0.501134
  0.674739,  0.541043
  0.674762,  0.580952
  0.674785,  0.620862
  0.674807,  0.660771
  0.674830,  0.700680
  0.674853,  0.740590
  0.674875,  0.780499
  0.674898,  0.820408
  0.674921,  0.860317
  0.674943,  0.900227
  0.674966,  0.940136
  0.674989,  0.980045
  0.675011,  0.980045
  0.675034,  0.940136
  0.675057,  0.900227
  0.675079,  0.860317
  0.675102,  0.820408
  0.675125,  0.780499
  0.675147,  0.740590
  0.675170,  0.700680
  0.675193,  0.660771
  0.675215,  0.620862
  0.675238,  0.580952
  0.675261,  0.541043
  0.675283,  0.501134
  0.675306,  0.461224
  0.675329,  0.421315
  0.675351,  0.381406
  0.675374,  0.341497
  0.675397,  0.301587
  0.675420,  0.261678
  0.675442,  0.221769
  0.675465,  0.181859
  0.675488,  0.141950
  0.675510,  0.102041
  0.675533,  0.062132
  0.675556,  0.022222
  0.675578, -0.017687
  0.675601, -0.057596
  0.675624, -0.097506
  0.675646, -0.137415
  0.675669, -0.177324
  0.675692, -0.217234
  0.675714, -0.257143
  0.675737, -0.297052
  0.675760, -0.336961
  0.675782, -0.376871
  0.675805, -0.416780
  0.675828, -0.456689
  0.675850, -0.496599
  0.675873, -0.536508
  0.675896, -0.576417
  0.675918, -0.616327
  0.675941, -0.656236
  0.675964, -0.696145
  0.675986, -0.736054
  0.676009, -0.775964
  0.676032, -0.815873
  0.676054, -0.855782
  0.676077, -0.895692
  0.676100, -0.935601
  0.676122, -0.975510
  0.676145, -0.984580
  0.676168, -0.944671
  0.676190, -0.904762
  0.676213, -0.864853
  0.676236, -0.824943
  0.676259, -0.785034
  0.676281, -0.745125
  0.676304, -0.705215
  0.676327, -0.665306
  0.676349, -0.625397
  0.676372, -0.585488
  0.676395, -0.545578
  0.676417, -0.505669
  0.676440, -0.465760
  0.676463, -0.425850
  0.676485, -0.385941
  0.676508, -0.346032
  0.676531, -0.306122
  0.676553, -0.266213
  0.676576, -0.226304
  0.676599, -0.186395
  0.676621, -0.146485
  0.676644, -0.106576
  0.676667, -0.066667
  0.676689, -0.026757
  0.676712,  0.013152
  0.676735,  0.053061
  0.676757,  0.092971
  0.676780,  0.132880
  0.676803,  0.172789
  0.676825,  0.212698
  0.676848,  0.252608
  0.676871,  0.292517
  0.676893,  0.332426
  0.676916,  0.372336
  0.676939,  0.412245
  0.676961,  0.452154
  0.676984,  0.492063
  0.677007,  0.531973
  0.677029,  0.571882
  0.677052,  0.611791
  0.677075,  0.651701
  0.677098,  0.691610
  0.677120,  0.731519
  0.677143,  0.771429
  0.677166,  0.811338
  0.677188,  0.851247
  0.677211,  0.891156
  0.677234,  0.931066
  0.677256,  0.970975
  0.677279,  0.989116
  0.677302,  0.949206
  0.677324,  0.909297
  0.677347,  0.869388
  0.677370,  0.829478
  0.677392,  0.789569
  0.677415,  0.749660
  0.677438,  0.709751
  0.677460,  0.669841
  0.677483,  0.629932
  0.677506,  0.590023
  0.677528,  0.550113
  0.677551,  0.510204
  0.677574,  0.470295
  0.677596,  0.430385
  0.677619,  0.390476
  0.677642,  0.350567
  0.677664,  0.310658
  0.677687,  0.270748
  0.677710,  0.230839
  0.677732,  0.190930
  0.677755,  0.151020
  0.677778,  0.111111
  0.677800,  0.071202
  0.677823,  0.031293
  0.677846, -0.008617
  0.677868, -0.048526
  0.677891, -0.088435
  0.677914, -0.128345
  0.677937, -0.168254
  0.677959, -0.208163
  0.677982, -0.248073
  0.678005, -0.287982
  0.678027, -0.327891
  0.678050, -0.367800
  0.678073, -0.407710
  0.678095, -0.447619
  0.678118, -0.487528
  0.678141, -0.527438
  0.678163, -0.567347
  0.678186, -0.607256
  0.678209, -0.647166
  0.678231, -0.687075
  0.678254, -0.726984
  0.678277, -0.766893
  0.678299, -0.806803
  0.678322, -0.846712
  0.678345, -0.886621
  0.678367, -0.926531
  0.678390, -0.966440
  0.678413, -0.993651
  0.678435, -0.953741
  0.678458, -0.913832
  0.678481, -0.873923
  0.678503, -0.834014
  0.678526, -0.794104
  0.678549, -0.754195
  0.678571, -0.714286
  0.678594, -0.674376
  0.678617, -0.634467
  0.678639, -0.594558
  0.678662, -0.554649
  0.678685, -0.514739
  0.678707, -0.474830
  0.678730, -0.434921
  0.678753, -0.395011
  0.678776, -0.355102
  0.678798, -0.315193
  0.678821, -0.275283
  0.678844, -0.235374
  0.678866, -0.195465
  0.678889, -0.155556
  0.678912, -0.115646
  0.678934, -0.075737
  0.678957, -0.035828
  0.678980,  0.004082
  0.679002,  0.043991
  0.679025,  0.083900
  0.679048,  0.123810
  0.679070,  0.163719
  0.679093,  0.203628
  0.679116,  0.243537
  0.679138,  0.283447
  0.679161,  0.323356
  0.679184,  0.363265
  0.679206,  0.403175
  0.679229,  0.443084
  0.679252,  0.482993
  0.679274,  0.522902
  0.679297,  0.562812
  0.679320,  0.602721
  0.679342,  0.642630
  0.679365,  0.682540
  0.679388,  0.722449
  0.679410,  0.762358
  0.679433,  0.802268
  0.679456,  0.842177
  0.679478,  0.882086
  0.679501,  0.921995
  0.679524,  0.961905
  0.679546,  0.998186
  0.679569,  0.958277
  0.679592,  0.918367
  0.679615,  0.878458
  0.679637,  0.838549
  0.679660,  0.798639
  0.679683,  0.758730
  0.679705,  0.718821
  0.679728,  0.678912
  0.679751,  0.639002
  0.679773,  0.599093
  0.679796,  0.559184
  0.679819,  0.519274
  0.679841,  0.479365
  0.679864,  0.439456
  0.679887,  0.399546
  0.679909,  0.359637
  0.679932,  0.319728
  0.679955,  0.279819
  0.679977,  0.239909
  0.680000,  0.200000
  0.680023,  0.160091
  0.680045,  0.120181
  0.680068,  0.080272
  0.680091,  0.040363
  0.680113,  0.000454
  0.680136, -0.039456
  0.680159, -0.079365
  0.680181, -0.119274
  0.680204, -0.159184
  0.680227, -0.199093
  0.680249, -0.239002
  0.680272, -0.278912
  0.680295, -0.318821
  0.680317, -0.358730
  0.680340, -0.398639
  0.680363, -0.438549
  0.680385, -0.478458
  0.680408, -0.518367
  0.680431, -0.558277
  0.680454, -0.598186
  0.680476, -0.638095
  0.680499, -0.678005
  0.680522, -0.717914
  0.680544, -0.757823
  0.680567, -0.797732
  0.680590, -0.837642
  0.680612, -0.877551
  0.680635, -0.917460
  0.680658, -0.957370
  0.680680, -0.997279
  0.680703, -0.962812
  0.680726, -0.922902
  0.680748, -0.882993
  0.680771, -0.843084
  0.680794, -0.803175
  0.680816, -0.763265
  0.680839, -0.723356
  0.680862, -0.683447
  0.680884, -0.643537
  0.680907, -0.603628
  0.680930, -0.563719
  0.680952, -0.523810
  0.680975, -0.483900
  0.680998, -0.443991
  0.681020, -0.404082
  0.681043, -0.364172
  0.681066, -0.324263
  0.681088, -0.284354
  0.681111, -0.244444
  0.681134, -0.204535
  0.681156, -0.164626
  0.681179, -0.124717
  0.681202, -0.084807
  0.681224, -0.044898
  0.681247, -0.004989
  0.681270,  0.034921
  0.681293,  0.074830
  0.681315,  0.114739
  0.681338,  0.154649
  0.681361,  0.194558
  0.681383,  0.234467
  0.681406,  0.274376
  0.681429,  0.314286
  0.681451,  0.354195
  0.681474,  0.394104
  0.681497,  0.434014
  0.681519,  0.473923
  0.681542,  0.513832
  0.681565,  0.553741
  0.681587,  0.593651
  0.681610,  0.633560
  0.681633,  0.673469
  0.681655,  0.713379
  0.681678,  0.753288
  0.681701,  0.793197
  0.681723,  0.833107
  0.681746,  0.873016
  0.681769,  0.912925
  0.681791,  0.952834
  0.681814,  0.992744
  0.681837,  0.967347
  0.681859,  0.927438
  0.681882,  0.887528
  0.681905,  0.847619
  0.681927,  0.807710
  0.681950,  0.767800
  0.681973,  0.727891
  0.681995,  0.687982
  0.682018,  0.648073
  0.682041,  0.608163
  0.682063,  0.568254
  0.682086,  0.528345
  0.682109,  0.488435
  0.682132,  0.448526
  0.682154,  0.408617
  0.682177,  0.368707
  0.682200,  0.328798
  0.682222,  0.288889
  0.682245,  0.248980
  0.682268,  0.209070
  0.682290,  0.169161
  0.682313,  0.129252
  0.682336,  0.089342
  0.682358,  0.049433
  0.682381,  0.009524
  0.682404, -0.030385
  0.682426, -0.070295
  0.682449, -0.110204
  0.682472, -0.150113
  0.682494, -0.190023
  0.682517, -0.229932
  0.682540, -0.269841
  0.682562, -0.309751
  0.682585, -0.349660
  0.682608, -0.389569
  0.682630, -0.429478
  0.682653, -0.469388
  0.682676, -0.509297
  0.682698, -0.549206
  0.682721, -0.589116
  0.682744, -0.629025
  0.682766, -0.668934
  0.682789, -0.708844
  0.682812, -0.748753
  0.682834, -0.788662
  0.682857, -0.828571
  0.682880, -0.868481
  0.682902, -0.908390
  0.682925, -0.948299
  0.682948, -0.988209
  0.682971, -0.971882
  0.682993, -0.931973
  0.683016, -0.892063
  0.683039, -0.852154
  0.683061, -0.812245
  0.683084, -0.772336
  0.683107, -0.732426
  0.683129, -0.692517
  0.683152, -0.652608
  0.683175, -0.612698
  0.683197, -0.572789
  0.683220, -0.532880
  0.683243, -0.492971
  0.683265, -0.453061
  0.683288, -0.413152
  0.683311, -0.373243
  0.683333, -0.333333
  0.683356, -0.293424
  0.683379, -0.253515
  0.683401, -0.213605
  0.683424, -0.173696
  0.683447, -0.133787
  0.683469, -0.093878
  0.683492, -0.053968
  0.683515, -0.014059
  0.683537,  0.025850
  0.683560,  0.065760
  0.683583,  0.105669
  0.683605,  0.145578
  0.683628,  0.185488
  0.683651,  0.225397
  0.683673,  0.265306
  0.683696,  0.305215
  0.683719,  0.345125
  0.683741,  0.385034
  0.683764,  0.424943
  0.683787,  0.464853
  0.683810,  0.504762
  0.683832,  0.544671
  0.683855,  0.584580
  0.683878,  0.624490
  0.683900,  0.664399
  0.683923,  0.704308
  0.683946,  0.744218
  0.683968,  0.784127
  0.683991,  0.824036
  0.684014,  0.863946
  0.684036,  0.903855
  0.684059,  0.943764
  0.684082,  0.983673
  0.684104,  0.976417
  0.684127,  0.936508
  0.684150,  0.896599
  0.684172,  0.856689
  0.684195,  0.816780
  0.684218,  0.776871
  0.684240,  0.736961
  0.684263,  0.697052
  0.684286,  0.657143
  0.684308,  0.617234
  0.684331,  0.577324
  0.684354,  0.537415
  0.684376,  0.497506
  0.684399,  0.457596
  0.684422,  0.417687
  0.684444,  0.377778
  0.684467,  0.337868
  0.684490,  0.297959
  0.684512,  0.258050
  0.684535,  0.218141
  0.684558,  0.178231
  0.684580,  0.138322
  0.684603,  0.098413
  0.684626,  0.058503
  0.684649,  0.018594
  0.684671, -0.021315
  0.684694, -0.061224
  0.684717, -0.101134
  0.684739, -0.141043
  0.684762, -0.180952
  0.684785, -0.220862
  0.684807, -0.260771
  0.684830, -0.300680
  0.684853, -0.340590
  0.684875, -0.380499
  0.684898, -0.420408
  0.684921, -0.460317
  0.684943, -0.500227
  0.684966, -0.540136
  0.684989, -0.580045
  0.685011, -0.619955
  0.685034, -0.659864
  0.685057, -0.699773
  0.685079, -0.739683
  0.685102, -0.779592
  0.685125, -0.819501
  0.685147, -0.859410
  0.685170, -0.899320
  0.685193, -0.939229
  0.685215, -0.979138
  0.685238, -0.980952
  0.685261, -0.941043
  0.685283, -0.901134
  0.685306, -0.861224
  0.685329, -0.821315
  0.685351, -0.781406
  0.685374, -0.741497
  0.685397, -0.701587
  0.685420, -0.661678
  0.685442, -0.621769
  0.685465, -0.581859
  0.685488, -0.541950
  0.685510, -0.502041
  0.685533, -0.462132
  0.685556, -0.422222
  0.685578, -0.382313
  0.685601, -0.342404
  0.685624, -0.302494
  0.685646, -0.262585
  0.685669, -0.222676
  0.685692, -0.182766
  0.685714, -0.142857
  0.685737, -0.102948
  0.685760, -0.063039
  0.685782, -0.023129
  0.685805,  0.016780
  0.685828,  0.056689
  0.685850,  0.096599
  0.685873,  0.136508
  0.685896,  0.176417
  0.685918,  0.216327
  0.685941,  0.256236
  0.685964,  0.296145
  0.685986,  0.336054
  0.686009,  0.375964
  0.686032,  0.415873
  0.686054,  0.455782
  0.686077,  0.495692
  0.686100,  0.535601
  0.686122,  0.575510
  0.686145,  0.615420
  0.686168,  0.655329
  0.686190,  0.695238
  0.686213,  0.735147
  0.686236,  0.775057
  0.686259,  0.814966
  0.686281,  0.854875
  0.686304,  0.894785
  0.686327,  0.934694
  0.686349,  0.974603
  0.686372,  0.985488
  0.686395,  0.945578
  0.686417,  0.905669
  0.686440,  0.865760
  0.686463,  0.825850
  0.686485,  0.785941
  0.686508,  0.746032
  0.686531,  0.706122
  0.686553,  0.666213
  0.686576,  0.626304
  0.686599,  0.586395
  0.686621,  0.546485
  0.686644,  0.506576
  0.686667,  0.466667
  0.686689,  0.426757
  0.686712,  0.386848
  0.686735,  0.346939
  0.686757,  0.307029
  0.686780,  0.267120
  0.686803,  0.227211
  0.686825,  0.187302
  0.686848,  0.147392
  0.686871,  0.107483
  0.686893,  0.067574
  0.686916,  0.027664
  0.686939, -0.012245
  0.686961, -0.052154
  0.686984, -0.092063
  0.687007, -0.131973
  0.687029, -0.171882
  0.687052, -0.211791
  0.687075, -0.251701
  0.687098, -0.291610
  0.687120, -0.331519
  0.687143, -0.371429
  0.687166, -0.411338
  0.687188, -0.451247
  0.687211, -0.491156
  0.687234, -0.531066
  0.687256, -0.570975
  0.687279, -0.610884
  0.687302, -0.650794
  0.687324, -0.690703
  0.687347, -0.730612
  0.687370, -0.770522
  0.687392, -0.810431
  0.687415, -0.850340
  0.687438, -0.890249
  0.687460, -0.930159
  0.687483, -0.970068
  0.687506, -0.990023
  0.687528, -0.950113
  0.687551, -0.910204
  0.687574, -0.870295
  0.687596, -0.830385
  0.687619, -0.790476
  0.687642, -0.750567
  0.687664, -0.710658
  0.687687, -0.670748
  0.687710, -0.630839
  0.687732, -0.590930
  0.687755, -0.551020
  0.687778, -0.511111
  0.687800, -0.471202
  0.687823, -0.431293
  0.687846, -0.391383
  0.687868, -0.351474
  0.687891, -0.311565
  0.687914, -0.271655
  0.687937, -0.231746
  0.687959, -0.191837
  0.687982, -0.151927
  0.688005, -0.112018
  0.688027, -0.072109
  0.688050, -0.032200
  0.688073,  0.007710
  0.688095,  0.047619
  0.688118,  0.087528
  0.688141,  0.127438
  0.688163,  0.167347
  0.688186,  0.207256
  0.688209,  0.247166
  0.688231,  0.287075
  0.688254,  0.326984
  0.688277,  0.366893
  0.688299,  0.406803
  0.688322,  0.446712
  0.688345,  0.486621
  0.688367,  0.526531
  0.688390,  0.566440
  0.688413,  0.606349
  0.688435,  0.646259
  0.688458,  0.686168
  0.688481,  0.726077
  0.688503,  0.765986
  0.688526,  0.805896
  0.688549,  0.845805
  0.688571,  0.885714
  0.688594,  0.925624
  0.688617,  0.965533
  0.688639,  0.994558
  0.688662,  0.954649
  0.688685,  0.914739
  0.688707,  0.874830
  0.688730,  0.834921
  0.688753,  0.795011
  0.688776,  0.755102
  0.688798,  0.715193
  0.688821,  0.675283
  0.688844,  0.635374
  0.688866,  0.595465
  0.688889,  0.555556
  0.688912,  0.515646
  0.688934,  0.475737
  0.688957,  0.435828
  0.688980,  0.395918
  0.689002,  0.356009
  0.689025,  0.316100
  0.689048,  0.276190
  0.689070,  0.236281
  0.689093,  0.196372
  0.689116,  0.156463
  0.689138,  0.116553
  0.689161,  0.076644
  0.689184,  0.036735
  0.689206, -0.003175
  0.689229, -0.043084
  0.689252, -0.082993
  0.689274, -0.122902
  0.689297, -0.162812
  0.689320, -0.202721
  0.689342, -0.242630
  0.689365, -0.282540
  0.689388, -0.322449
  0.689410, -0.362358
  0.689433, -0.402268
  0.689456, -0.442177
  0.689478, -0.482086
  0.689501, -0.521995
  0.689524, -0.561905
  0.689546, -0.601814
  0.689569, -0.641723
  0.689592, -0.681633
  0.689615, -0.721542
  0.689637, -0.761451
  0.689660, -0.801361
  0.689683, -0.841270
  0.689705, -0.881179
  0.689728, -0.921088
  0.689751, -0.960998
  0.689773, -0.999093
  0.689796, -0.959184
  0.689819, -0.919274
  0.689841, -0.879365
  0.689864, -0.839456
  0.689887, -0.799546
  0.689909, -0.759637
  0.689932, -0.719728
  0.689955, -0.679819
  0.689977, -0.639909
  0.690000, -0.600000
  0.690023, -0.560091
  0.690045, -0.520181
  0.690068, -0.480272
  0.690091, -0.440363
  0.690113, -0.400454
  0.690136, -0.360544
  0.690159, -0.320635
  0.690181, -0.280726
  0.690204, -0.240816
  0.690227, -0.200907
  0.690249, -0.160998
  0.690272, -0.121088
  0.690295, -0.081179
  0.690317, -0.041270
  0.690340, -0.001361
  0.690363,  0.038549
  0.690385,  0.078458
  0.690408,  0.118367
  0.690431,  0.158277
  0.690454,  0.198186
  0.690476,  0.238095
  0.690499,  0.278005
  0.690522,  0.317914
  0.690544,  0.357823
  0.690567,  0.397732
  0.690590,  0.437642
  0.690612,  0.477551
  0.690635,  0.517460
  0.690658,  0.557370
  0.690680,  0.597279
  0.690703,  0.637188
  0.690726,  0.677098
  0.690748,  0.717007
  0.690771,  0.756916
  0.690794,  0.796825
  0.690816,  0.836735
  0.690839,  0.876644
  0.690862,  0.916553
  0.690884,  0.956463
  0.690907,  0.996372
  0.690930,  0.963719
  0.690952,  0.923810
  0.690975,  0.883900
  0.690998,  0.843991
  0.691020,  0.804082
  0.691043,  0.764172
  0.691066,  0.724263
  0.691088,  0.684354
  0.691111,  0.644444
  0.691134,  0.604535
  0.691156,  0.564626
  0.691179,  0.524717
  0.691202,  0.484807
  0.691224,  0.444898
  0.691247,  0.404989
  0.691270,  0.365079
  0.691293,  0.325170
  0.691315,  0.285261
  0.691338,  0.245351
  0.691361,  0.205442
  0.691383,  0.165533
  0.691406,  0.125624
  0.691429,  0.085714
  0.691451,  0.045805
  0.691474,  0.005896
  0.691497, -0.034014
  0.691519, -0.073923
  0.691542, -0.113832
  0.691565, -0.153741
  0.691587, -0.193651
  0.691610, -0.233560
  0.691633, -0.273469
  0.691655, -0.313379
  0.691678, -0.353288
  0.691701, -0.393197
  0.691723, -0.433107
  0.691746, -0.473016
  0.691769, -0.512925
  0.691791, -0.552834
  0.691814, -0.592744
  0.691837, -0.632653
  0.691859, -0.672562
  0.691882, -0.712472
  0.691905, -0.752381
  0.691927, -0.792290
  0.691950, -0.832200
  0.691973, -0.872109
  0.691995, -0.912018
  0.692018, -0.951927
  0.692041, -0.991837
  0.692063, -0.968254
  0.692086, -0.928345
  0.692109, -0.888435
  0.692132, -0.848526
  0.692154, -0.808617
  0.692177, -0.768707
  0.692200, -0.728798
  0.692222, -0.688889
  0.692245, -0.648980
  0.692268, -0.609070
  0.692290, -0.569161
  0.692313, -0.529252
  0.692336, -0.489342
  0.692358, -0.449433
  0.692381, -0.409524
  0.692404, -0.369615
  0.692426, -0.329705
  0.692449, -0.289796
  0.692472, -0.249887
  0.692494, -0.209977
  0.692517, -0.170068
  0.692540, -0.130159
  0.692562, -0.090249
  0.692585, -0.050340
  0.692608, -0.010431
  0.692630,  0.029478
  0.692653,  0.069388
  0.692676,  0.109297
  0.692698,  0.149206
  0.692721,  0.189116
  0.692744,  0.229025
  0.692766,  0.268934
  0.692789,  0.308844
  0.692812,  0.348753
  0.692834,  0.388662
  0.692857,  0.428571
  0.692880,  0.468481
  0.692902,  0.508390
  0.692925,  0.548299
  0.692948,  0.588209
  0.692971,  0.628118
  0.692993,  0.668027
  0.693016,  0.707937
  0.693039,  0.747846
  0.693061,  0.787755
  0.693084,  0.827664
  0.693107,  0.867574
  0.693129,  0.907483
  0.693152,  0.947392
  0.693175,  0.987302
  0.693197,  0.972789
  0.693220,  0.932880
  0.693243,  0.892971
  0.693265,  0.853061
  0.693288,  0.813152
  0.693311,  0.773243
  0.693333,  0.733333
  0.693356,  0.693424
  0.693379,  0.653515
  0.693401,  0.613605
  0.693424,  0.573696
  0.693447,  0.533787
  0.693469,  0.493878
  0.693492,  0.453968
  0.693515,  0.414059
  0.693537,  0.374150
  0.693560,  0.334240
  0.693583,  0.294331
  0.693605,  0.254422
  0.693628,  0.214512
  0.693651,  0.174603
  0.693673,  0.134694
  0.693696,  0.094785
  0.693719,  0.054875
  0.693741,  0.014966
  0.693764, -0.024943
  0.693787, -0.064853
  0.693810, -0.104762
  0.693832, -0.144671
  0.693855, -0.184580
  0.693878, -0.224490
  0.693900, -0.264399
  0.693923, -0.304308
  0.693946, -0.344218
  0.693968, -0.384127
  0.693991, -0.424036
  0.694014, -0.463946
  0.694036, -0.503855
  0.694059, -0.543764
  0.694082, -0.583673
  0.694104, -0.623583
  0.694127, -0.663492
  0.694150, -0.703401
  0.694172, -0.743311
  0.694195, -0.783220
  0.694218, -0.823129
  0.694240, -0.863039
  0.694263, -0.902948
  0.694286, -0.942857
  0.694308, -0.982766
  0.694331, -0.977324
  0.694354, -0.937415
  0.694376, -0.897506
  0.694399, -0.857596
  0.694422, -0.817687
  0.694444, -0.777778
  0.694467, -0.737868
  0.694490, -0.697959
  0.694512, -0.658050
  0.694535, -0.618141
  0.694558, -0.578231
  0.694580, -0.538322
  0.694603, -0.498413
  0.694626, -0.458503
  0.694649, -0.418594
  0.694671, -0.378685
  0.694694, -0.338776
  0.694717, -0.298866
  0.694739, -0.258957
  0.694762, -0.219048
  0.694785, -0.179138
  0.694807, -0.139229
  0.694830, -0.099320
  0.694853, -0.059410
  0.694875, -0.019501
  0.694898,  0.020408
  0.694921,  0.060317
  0.694943,  0.100227
  0.694966,  0.140136
  0.694989,  0.180045
  0.695011,  0.219955
  0.695034,  0.259864
  0.695057,  0.299773
  0.695079,  0.339683
  0.695102,  0.379592
  0.695125,  0.419501
  0.695147,  0.459410
  0.695170,  0.499320
  0.695193,  0.539229
  0.695215,  0.579138
  0.695238,  0.619048
  0.695261,  0.658957
  0.695283,  0.698866
  0.695306,  0.738776
  0.695329,  0.778685
  0.695351,  0.818594
  0.695374,  0.858503
  0.695397,  0.898413
  0.695420,  0.938322
  0.695442,  0.978231
  0.695465,  0.981859
  0.695488,  0.941950
  0.695510,  0.902041
  0.695533,  0.862132
  0.695556,  0.822222
  0.695578,  0.782313
  0.695601,  0.742404
  0.695624,  0.702494
  0.695646,  0.662585
  0.695669,  0.622676
  0.695692,  0.582766
  0.695714,  0.542857
  0.695737,  0.502948
  0.695760,  0.463039
  0.695782,  0.423129
  0.695805,  0.383220
  0.695828,  0.343311
  0.695850,  0.303401
  0.695873,  0.263492
  0.695896,  0.223583
  0.695918,  0.183673
  0.695941,  0.143764
  0.695964,  0.103855
  0.695986,  0.063946
  0.696009,  0.024036
  0.696032, -0.015873
  0.696054, -0.055782
  0.696077, -0.095692
  0.696100, -0.135601
  0.696122, -0.175510
  0.696145, -0.215420
  0.696168, -0.255329
  0.696190, -0.295238
  0.696213, -0.335147
  0.696236, -0.375057
  0.696259, -0.414966
  0.696281, -0.454875
  0.696304, -0.494785
  0.696327, -0.534694
  0.696349, -0.574603
  0.696372, -0.614512
  0.696395, -0.654422
  0.696417, -0.694331
  0.696440, -0.734240
  0.696463, -0.774150
  0.696485, -0.814059
  0.696508, -0.853968
  0.696531, -0.893878
  0.696553, -0.933787
  0.696576, -0.973696
  0.696599, -0.986395
  0.696621, -0.946485
  0.696644, -0.906576
  0.696667, -0.866667
  0.696689, -0.826757
  0.696712, -0.786848
  0.696735, -0.746939
  0.696757, -0.707029
  0.696780, -0.667120
  0.696803, -0.627211
  0.696825, -0.587302
  0.696848, -0.547392
  0.696871, -0.507483
  0.696893, -0.467574
  0.696916, -0.427664
  0.696939, -0.387755
  0.696961, -0.347846
  0.696984, -0.307937
  0.697007, -0.268027
  0.697029, -0.228118
  0.697052, -0.188209
  0.697075, -0.148299
  0.697098, -0.108390
  0.697120, -0.068481
  0.697143, -0.028571
  0.697166,  0.011338
  0.697188,  0.051247
  0.697211,  0.091156
  0.697234,  0.131066
  0.697256,  0.170975
  0.697279,  0.210884
  0.697302,  0.250794
  0.697324,  0.290703
  0.697347,  0.330612
  0.697370,  0.370522
  0.697392,  0.410431
  0.697415,  0.450340
  0.697438,  0.490249
  0.697460,  0.530159
  0.697483,  0.570068
  0.697506,  0.609977
  0.697528,  0.649887
  0.697551,  0.689796
  0.697574,  0.729705
  0.697596,  0.769615
  0.697619,  0.809524
  0.697642,  0.849433
  0.697664,  0.889342
  0.697687,  0.929252
  0.697710,  0.969161
  0.697732,  0.990930
  0.697755,  0.951020
  0.697778,  0.911111
  0.697800,  0.871202
  0.697823,  0.831293
  0.697846,  0.791383
  0.697868,  0.751474
  0.697891,  0.711565
  0.697914,  0.671655
  0.697937,  0.631746
  0.697959,  0.591837
  0.697982,  0.551927
  0.698005,  0.512018
  0.698027,  0.472109
  0.698050,  0.432200
  0.698073,  0.392290
  0.698095,  0.352381
  0.698118,  0.312472
  0.698141,  0.272562
  0.698163,  0.232653
  0.698186,  0.192744
  0.698209,  0.152834
  0.698231,  0.112925
  0.698254,  0.073016
  0.698277,  0.033107
  0.698299, -0.006803
  0.698322, -0.046712
  0.698345, -0.086621
  0.698367, -0.126531
  0.698390, -0.166440
  0.698413, -0.206349
  0.698435, -0.246259
  0.698458, -0.286168
  0.698481, -0.326077
  0.698503, -0.365986
  0.698526, -0.405896
  0.698549, -0.445805
  0.698571, -0.485714
  0.698594, -0.525624
  0.698617, -0.565533
  0.698639, -0.605442
  0.698662, -0.645351
  0.698685, -0.685261
  0.698707, -0.725170
  0.698730, -0.765079
  0.698753, -0.804989
  0.698776, -0.844898
  0.698798, -0.884807
  0.698821, -0.924717
  0.698844, -0.964626
  0.698866, -0.995465
  0.698889, -0.955556
  0.698912, -0.915646
  0.698934, -0.875737
  0.698957, -0.835828
  0.698980, -0.795918
  0.699002, -0.756009
  0.699025, -0.716100
  0.699048, -0.676190
  0.699070, -0.636281
  0.699093, -0.596372
  0.699116, -0.556463
  0.699138, -0.516553
  0.699161, -0.476644
  0.699184, -0.436735
  0.699206, -0.396825
  0.699229, -0.356916
  0.699252, -0.317007
  0.699274, -0.277098
  0.699297, -0.237188
  0.699320, -0.197279
  0.699342, -0.157370
  0.699365, -0.117460
  0.699388, -0.077551
  0.699410, -0.037642
  0.699433,  0.002268
  0.699456,  0.042177
  0.699478,  0.082086
  0.699501,  0.121995
  0.699524,  0.161905
  0.699546,  0.201814
  0.699569,  0.241723
  0.699592,  0.281633
  0.699615,  0.321542
  0.699637,  0.361451
  0.699660,  0.401361
  0.699683,  0.441270
  0.699705,  0.481179
  0.699728,  0.521088
  0.699751,  0.560998
  0.699773,  0.600907
  0.699796,  0.640816
  0.699819,  0.680726
  0.699841,  0.720635
  0.699864,  0.760544
  0.699887,  0.800454
  0.699909,  0.840363
  0.699932,  0.880272
  0.699955,  0.920181
  0.699977,  0.960091
  0.700000,  1.000000
  0.700023,  0.960091
  0.700045,  0.920181
  0.700068,  0.880272
  0.700091,  0.840363
  0.700113,  0.800454
  0.700136,  0.760544
  0.700159,  0.720635
  0.700181,  0.680726
  0.700204,  0.640816
  0.700227,  0.600907
  0.700249,  0.560998
  0.700272,  0.521088
  0.700295,  0.481179
  0.700317,  0.441270
  0.700340,  0.401361
  0.700363,  0.361451
  0.700385,  0.321542
  0.700408,  0.281633
  0.700431,  0.241723
  0.700454,  0.201814
  0.700476,  0.161905
  0.700499,  0.121995
  0.700522,  0.082086
  0.700544,  0.042177
  0.700567,  0.002268
  0.700590, -0.037642
  0.700612, -0.077551
  0.700635, -0.117460
  0.700658, -0.157370
  0.700680, -0.197279
  0.700703, -0.237188
  0.700726, -0.277098
  0.700748, -0.317007
  0.700771, -0.356916
  0.700794, -0.396825
  0.700816, -0.436735
  0.700839, -0.476644
  0.700862, -0.516553
  0.700884, -0.556463
  0.700907, -0.596372
  0.700930, -0.636281
  0.700952, -0.676190
  0.700975, -0.716100
  0.700998, -0.756009
  0.701020, -0.795918
  0.701043, -0.835828
  0.701066, -0.875737
  0.701088, -0.915646
  0.701111, -0.955556
  0.701134, -0.995465
  0.701156, -0.964626
  0.701179, -0.924717
  0.701202, -0.884807
  0.701224, -0.844898
  0.701247, -0.804989
  0.701270, -0.765079
  0.701293, -0.725170
  0.701315, -0.685261
  0.701338, -0.645351
  0.701361, -0.605442
  0.701383, -0.565533
  0.701406, -0.525624
  0.701429, -0.485714
  0.701451, -0.445805
  0.701474, -0.405896
  0.701497, -0.365986
  0.701519, -0.326077
  0.701542, -0.286168
  0.701565, -0.246259
  0.701587, -0.206349
  0.701610, -0.166440
  0.701633, -0.126531
  0.701655, -0.086621
  0.701678, -0.046712
  0.701701, -0.006803
  0.701723,  0.033107
  0.701746,  0.073016
  0.701769,  0.112925
  0.701791,  0.152834
  0.701814,  0.192744
  0.701837,  0.232653
  0.701859,  0.272562
  0.701882,  0.312472
  0.701905,  0.352381
  0.701927,  0.392290
  0.701950,  0.432200
  0.701973,  0.472109
  0.701995,  0.512018
  0.702018,  0.551927
  0.702041,  0.591837
  0.702063,  0.631746
  0.702086,  0.671655
  0.702109,  0.711565
  0.702132,  0.751474
  0.702154,  0.791383
  0.702177,  0.831293
  0.702200,  0.871202
  0.702222,  0.911111
  0.702245,  0.951020
  0.702268,  0.990930
  0.702290,  0.969161
  0.702313,  0.929252
  0.702336,  0.889342
  0.702358,  0.849433
  0.702381,  0.809524
  0.702404,  0.769615
  0.702426,  0.729705
  0.702449,  0.689796
  0.702472,  0.649887
  0.702494,  0.609977
  0.702517,  0.570068
  0.702540,  0.530159
  0.702562,  0.490249
  0.702585,  0.450340
  0.702608,  0.410431
  0.702630,  0.370522
  0.702653,  0.330612
  0.702676,  0.290703
  0.702698,  0.250794
  0.702721,  0.210884
  0.702744,  0.170975
  0.702766,  0.131066
  0.702789,  0.091156
  0.702812,  0.051247
  0.702834,  0.011338
  0.702857, -0.028571
  0.702880, -0.068481
  0.702902, -0.108390
  0.702925, -0.148299
  0.702948, -0.188209
  0.702971, -0.228118
  0.702993, -0.268027
  0.703016, -0.307937
  0.703039, -0.347846
  0.703061, -0.387755
  0.703084, -0.427664
  0.703107, -0.467574
  0.703129, -0.507483
  0.703152, -0.547392
  0.703175, -0.587302
  0.703197, -0.627211
  0.703220, -0.667120
  0.703243, -0.707029
  0.703265, -0.746939
  0.703288, -0.786848
  0.703311, -0.826757
  0.703333, -0.866667
  0.703356, -0.906576
  0.703379, -0.946485
  0.703401, -0.986395
  0.703424, -0.973696
  0.703447, -0.933787
  0.703469, -0.893878
  0.703492, -0.853968
  0.703515, -0.814059
  0.703537, -0.774150
  0.703560, -0.734240
  0.703583, -0.694331
  0.703605, -0.654422
  0.703628, -0.614512
  0.703651, -0.574603
  0.703673, -0.534694
  0.703696, -0.494785
  0.703719, -0.454875
  0.703741, -0.414966
  0.703764, -0.375057
  0.703787, -0.335147
  0.703810, -0.295238
  0.703832, -0.255329
  0.703855, -0.215420
  0.703878, -0.175510
  0.703900, -0.135601
  0.703923, -0.095692
  0.703946, -0.055782
  0.703968, -0.015873
  0.703991,  0.024036
  0.704014,  0.063946
  0.704036,  0.103855
  0.704059,  0.143764
  0.704082,  0.183673
  0.704104,  0.223583
  0.704127,  0.263492
  0.704150,  0.303401
  0.704172,  0.343311
  0.704195,  0.383220
  0.704218,  0.423129
  0.704240,  0.463039
  0.704263,  0.502948
  0.704286,  0.542857
  0.704308,  0.582766
  0.704331,  0.622676
  0.704354,  0.662585
  0.704376,  0.702494
  0.704399,  0.742404
  0.704422,  0.782313
  0.704444,  0.822222
  0.704467,  0.862132
  0.704490,  0.902041
  0.704512,  0.941950
  0.704535,  0.981859
  0.704558,  0.978231
  0.704580,  0.938322
  0.704603,  0.898413
  0.704626,  0.858503
  0.704649,  0.818594
  0.704671,  0.778685
  0.704694,  0.738776
  0.704717,  0.698866
  0.704739,  0.658957
  0.704762,  0.619048
  0.704785,  0.579138
  0.704807,  0.539229
  0.704830,  0.499320
  0.704853,  0.459410
  0.704875,  0.419501
  0.704898,  0.379592
  0.704921,  0.339683
  0.704943,  0.299773
  0.704966,  0.259864
  0.704989,  0.219955
  0.705011,  0.180045
  0.705034,  0.140136
  0.705057,  0.100227
  0.705079,  0.060317
  0.705102,  0.020408
  0.705125, -0.019501
  0.705147, -0.059410
  0.705170, -0.099320
  0.705193, -0.139229
  0.705215, -0.179138
  0.705238, -0.219048
  0.705261, -0.258957
  0.705283, -0.298866
  0.705306, -0.338776
  0.705329, -0.378685
  0.705351, -0.418594
  0.705374, -0.458503
  0.705397, -0.498413
  0.705420, -0.538322
  0.705442, -0.578231
  0.705465, -0.618141
  0.705488, -0.658050
  0.705510, -0.697959
  0.705533, -0.737868
  0.705556, -0.777778
  0.705578, -0.817687
  0.705601, -0.857596
  0.705624, -0.897506
  0.705646, -0.937415
  0.705669, -0.977324
  0.705692, -0.982766
  0.705714, -0.942857
  0.705737, -0.902948
  0.705760, -0.863039
  0.705782, -0.823129
  0.705805, -0.783220
  0.705828, -0.743311
  0.705850, -0.703401
  0.705873, -0.663492
  0.705896, -0.623583
  0.705918, -0.583673
  0.705941, -0.543764
  0.705964, -0.503855
  0.705986, -0.463946
  0.706009, -0.424036
  0.706032, -0.384127
  0.706054, -0.344218
  0.706077, -0.304308
  0.706100, -0.264399
  0.706122, -0.224490
  0.706145, -0.184580
  0.706168, -0.144671
  0.706190, -0.104762
  0.706213, -0.064853
  0.706236, -0.024943
  0.706259,  0.014966
  0.706281,  0.054875
  0.706304,  0.094785
  0.706327,  0.134694
  0.706349,  0.174603
  0.706372,  0.214512
  0.706395,  0.254422
  0.706417,  0.294331
  0.706440,  0.334240
  0.706463,  0.374150
  0.706485,  0.414059
  0.706508,  0.453968
  0.706531,  0.493878
  0.706553,  0.533787
  0.706576,  0.573696
  0.706599,  0.613605
  0.706621,  0.653515
  0.706644,  0.693424
  0.706667,  0.733333
  0.706689,  0.773243
  0.706712,  0.813152
  0.706735,  0.853061
  0.706757,  0.892971
  0.706780,  0.932880
  0.706803,  0.972789
  0.706825,  0.987302
  0.706848,  0.947392
  0.706871,  0.907483
  0.706893,  0.867574
  0.706916,  0.827664
  0.706939,  0.787755
  0.706961,  0.747846
  0.706984,  0.707937
  0.707007,  0.668027
  0.707029,  0.628118
  0.707052,  0.588209
  0.707075,  0.548299
  0.707098,  0.508390
  0.707120,  0.468481
  0.707143,  0.428571
  0.707166,  0.388662
  0.707188,  0.348753
  0.707211,  0.308844
  0.707234,  0.268934
  0.707256,  0.229025
  0.707279,  0.189116
  0.707302,  0.149206
  0.707324,  0.109297
  0.707347,  0.069388
  0.707370,  0.029478
  0.707392, -0.010431
  0.707415, -0.050340
  0.707438, -0.090249
  0.707460, -0.130159
  0.707483, -0.170068
  0.707506, -0.209977
  0.707528, -0.249887
  0.707551, -0.289796
  0.707574, -0.329705
  0.707596, -0.369615
  0.707619, -0.409524
  0.707642, -0.449433
  0.707664, -0.489342
  0.707687, -0.529252
  0.707710, -0.569161
  0.707732, -0.609070
  0.707755, -0.648980
  0.707778, -0.688889
  0.707800, -0.728798
  0.707823, -0.768707
  0.707846, -0.808617
  0.707868, -0.848526
  0.707891, -0.888435
  0.707914, -0.928345
  0.707937, -0.968254
  0.707959, -0.991837
  0.707982, -0.951927
  0.708005, -0.912018
  0.708027, -0.872109
  0.708050, -0.832200
  0.708073, -0.792290
  0.708095, -0.752381
  0.708118, -0.712472
  0.708141, -0.672562
  0.708163, -0.632653
  0.708186, -0.592744
  0.708209, -0.552834
  0.708231, -0.512925
  0.708254, -0.473016
  0.708277, -0.433107
  0.708299, -0.393197
  0.708322, -0.353288
  0.708345, -0.313379
  0.708367, -0.273469
  0.708390, -0.233560
  0.708413, -0.193651
  0.708435, -0.153741
  0.708458, -0.113832
  0.708481, -0.073923
  0.708503, -0.034014
  0.708526,  0.005896
  0.708549,  0.045805
  0.708571,  0.085714
  0.708594,  0.125624
  0.708617,  0.165533
  0.708639,  0.205442
  0.708662,  0.245351
  0.708685,  0.285261
  0.708707,  0.325170
  0.708730,  0.365079
  0.708753,  0.404989
  0.708776,  0.444898
  0.708798,  0.484807
  0.708821,  0.524717
  0.708844,  0.564626
  0.708866,  0.604535
  0.708889,  0.644444
  0.708912,  0.684354
  0.708934,  0.724263
  0.708957,  0.764172
  0.708980,  0.804082
  0.709002,  0.843991
  0.709025,  0.883900
  0.709048,  0.923810
  0.709070,  0.963719
  0.709093,  0.996372
  0.709116,  0.956463
  0.709138,  0.916553
  0.709161,  0.876644
  0.709184,  0.836735
  0.709206,  0.796825
  0.709229,  0.756916
  0.709252,  0.717007
  0.709274,  0.677098
  0.709297,  0.637188
  0.709320,  0.597279
  0.709342,  0.557370
  0.709365,  0.517460
  0.709388,  0.477551
  0.709410,  0.437642
  0.709433,  0.397732
  0.709456,  0.357823
  0.709478,  0.317914
  0.709501,  0.278005
  0.709524,  0.238095
  0.709546,  0.198186
  0.709569,  0.158277
  0.709592,  0.118367
  0.709615,  0.078458
  0.709637,  0.038549
  0.709660, -0.001361
  0.709683, -0.041270
  0.709705, -0.081179
  0.709728, -0.121088
  0.709751, -0.160998
  0.709773, -0.200907
  0.709796, -0.240816
  0.709819, -0.280726
  0.709841, -0.320635
  0.709864, -0.360544
  0.709887, -0.400454
  0.709909, -0.440363
  0.709932, -0.480272
  0.709955, -0.520181
  0.709977, -0.560091
  0.710000, -0.600000
  0.710023, -0.639909
  0.710045, -0.679819
  0.710068, -0.719728
  0.710091, -0.759637
  0.710113, -0.799546
  0.710136, -0.839456
  0.710159, -0.879365
  0.710181, -0.919274
  0.710204, -0.959184
  0.710227, -0.999093
  0.710249, -0.960998
  0.710272, -0.921088
  0.710295, -0.881179
  0.710317, -0.841270
  0.710340, -0.801361
  0.710363, -0.761451
  0.710385, -0.721542
  0.710408, -0.681633
  0.710431, -0.641723
  0.710454, -0.601814
  0.710476, -0.561905
  0.710499, -0.521995
  0.710522, -0.482086
  0.710544, -0.442177
  0.710567, -0.402268
  0.710590, -0.362358
  0.710612, -0.322449
  0.710635, -0.282540
  0.710658, -0.242630
  0.710680, -0.202721
  0.710703, -0.162812
  0.710726, -0.122902
  0.710748, -0.082993
  0.710771, -0.043084
  0.710794, -0.003175
  0.710816,  0.036735
  0.710839,  0.076644
  0.710862,  0.116553
  0.710884,  0.156463
  0.710907,  0.196372
  0.710930,  0.236281
  0.710952,  0.276190
  0.710975,  0.316100
  0.710998,  0.356009
  0.711020,  0.395918
  0.711043,  0.435828
  0.711066,  0.475737
  0.711088,  0.515646
  0.711111,  0.555556
  0.711134,  0.595465
  0.711156,  0.635374
  0.711179,  0.675283
  0.711202,  0.715193
  0.711224,  0.755102
  0.711247,  0.795011
  0.711270,  0.834921
  0.711293,  0.874830
  0.711315,  0.914739
  0.711338,  0.954649
  0.711361,  0.994558
  0.711383,  0.965533
  0.711406,  0.925624
  0.711429,  0.885714
  0.711451,  0.845805
  0.711474,  0.805896
  0.711497,  0.765986
  0.711519,  0.726077
  0.711542,  0.686168
  0.711565,  0.646259
  0.711587,  0.606349
  0.711610,  0.566440
  0.711633,  0.526531
  0.711655,  0.486621
  0.711678,  0.446712
  0.711701,  0.406803
  0.711723,  0.366893
  0.711746,  0.326984
  0.711769,  0.287075
  0.711791,  0.247166
  0.711814,  0.207256
  0.711837,  0.167347
  0.711859,  0.127438
  0.711882,  0.087528
  0.711905,  0.047619
  0.711927,  0.007710
  0.711950, -0.032200
  0.711973, -0.072109
  0.711995, -0.112018
  0.712018, -0.151927
  0.712041, -0.191837
  0.712063, -0.231746
  0.712086, -0.271655
  0.712109, -0.311565
  0.712132, -0.351474
  0.712154, -0.391383
  0.712177, -0.431293
  0.712200, -0.471202
  0.712222, -0.511111
  0.712245, -0.551020
  0.712268, -0.590930
  0.712290, -0.630839
  0.712313, -0.670748
  0.712336, -0.710658
  0.712358, -0.750567
  0.712381, -0.790476
  0.712404, -0.830385
  0.712426, -0.870295
  0.712449, -0.910204
  0.712472, -0.950113
  0.712494, -0.990023
  0.712517, -0.970068
  0.712540, -0.930159
  0.712562, -0.890249
  0.712585, -0.850340
  0.712608, -0.810431
  0.712630, -0.770522
  0.712653, -0.730612
  0.712676, -0.690703
  0.712698, -0.650794
  0.712721, -0.610884
  0.712744, -0.570975
  0.712766, -0.531066
  0.712789, -0.491156
  0.712812, -0.451247
  0.712834, -0.411338
  0.712857, -0.371429
  0.712880, -0.331519
  0.712902, -0.291610
  0.712925, -0.251701
  0.712948, -0.211791
  0.712971, -0.171882
  0.712993, -0.131973
  0.713016, -0.092063
  0.713039, -0.052154
  0.713061, -0.012245
  0.713084,  0.027664
  0.713107,  0.067574
  0.713129,  0.107483
  0.713152,  0.147392
  0.713175,  0.187302
  0.713197,  0.227211
  0.713220,  0.267120
  0.713243,  0.307029
  0.713265,  0.346939
  0.713288,  0.386848
  0.713311,  0.426757
  0.713333,  0.466667
  0.713356,  0.506576
  0.713379,  0.546485
  0.713401,  0.586395
  0.713424,  0.626304
  0.713447,  0.666213
  0.713469,  0.706122
  0.713492,  0.746032
  0.713515,  0.785941
  0.713537,  0.825850
  0.713560,  0.865760
  0.713583,  0.905669
  0.713605,  0.945578
  0.713628,  0.985488
  0.713651,  0.974603
  0.713673,  0.934694
  0.713696,  0.894785
  0.713719,  0.854875
  0.713741,  0.814966
  0.713764,  0.775057
  0.713787,  0.735147
  0.713810,  0.695238
  0.713832,  0.655329
  0.713855,  0.615420
  0.713878,  0.575510
  0.713900,  0.535601
  0.713923,  0.495692
  0.713946,  0.455782
  0.713968,  0.415873
  0.713991,  0.375964
  0.714014,  0.336054
  0.714036,  0.296145
  0.714059,  0.256236
  0.714082,  0.216327
  0.714104,  0.176417
  0.714127,  0.136508
  0.714150,  0.096599
  0.714172,  0.056689
  0.714195,  0.016780
  0.714218, -0.023129
  0.714240, -0.063039
  0.714263, -0.102948
  0.714286, -0.142857
  0.714308, -0.182766
  0.714331, -0.222676
  0.714354, -0.262585
  0.714376, -0.302494
  0.714399, -0.342404
  0.714422, -0.382313
  0.714444, -0.422222
  0.714467, -0.462132
  0.714490, -0.502041
  0.714512, -0.541950
  0.714535, -0.581859
  0.714558, -0.621769
  0.714580, -0.661678
  0.714603, -0.701587
  0.714626, -0.741497
  0.714649, -0.781406
  0.714671, -0.821315
  0.714694, -0.861224
  0.714717, -0.901134
  0.714739, -0.941043
  0.714762, -0.980952
  0.714785, -0.979138
  0.714807, -0.939229
  0.714830, -0.899320
  0.714853, -0.859410
  0.714875, -0.819501
  0.714898, -0.779592
  0.714921, -0.739683
  0.714943, -0.699773
  0.714966, -0.659864
  0.714989, -0.619955
  0.715011, -0.580045
  0.715034, -0.540136
  0.715057, -0.500227
  0.715079, -0.460317
  0.715102, -0.420408
  0.715125, -0.380499
  0.715147, -0.340590
  0.715170, -0.300680
  0.715193, -0.260771
  0.715215, -0.220862
  0.715238, -0.180952
  0.715261, -0.141043
  0.715283, -0.101134
  0.715306, -0.061224
  0.715329, -0.021315
  0.715351,  0.018594
  0.715374,  0.058503
  0.715397,  0.098413
  0.715420,  0.138322
  0.715442,  0.178231
  0.715465,  0.218141
  0.715488,  0.258050
  0.715510,  0.297959
  0.715533,  0.337868
  0.715556,  0.377778
  0.715578,  0.417687
  0.715601,  0.457596
  0.715624,  0.497506
  0.715646,  0.537415
  0.715669,  0.577324
  0.715692,  0.617234
  0.715714,  0.657143
  0.715737,  0.697052
  0.715760,  0.736961
  0.715782,  0.776871
  0.715805,  0.816780
  0.715828,  0.856689
  0.715850,  0.896599
  0.715873,  0.936508
  0.715896,  0.976417
  0.715918,  0.983673
  0.715941,  0.943764
  0.715964,  0.903855
  0.715986,  0.863946
  0.716009,  0.824036
  0.716032,  0.784127
  0.716054,  0.744218
  0.716077,  0.704308
  0.716100,  0.664399
  0.716122,  0.624490
  0.716145,  0.584580
  0.716168,  0.544671
  0.716190,  0.504762
  0.716213,  0.464853
  0.716236,  0.424943
  0.716259,  0.385034
  0.716281,  0.345125
  0.716304,  0.305215
  0.716327,  0.265306
  0.716349,  0.225397
  0.716372,  0.185488
  0.716395,  0.145578
  0.716417,  0.105669
  0.716440,  0.065760
  0.716463,  0.025850
  0.716485, -0.014059
  0.716508, -0.053968
  0.716531, -0.093878
  0.716553, -0.133787
  0.716576, -0.173696
  0.716599, -0.213605
  0.716621, -0.253515
  0.716644, -0.293424
  0.716667, -0.333333
  0.716689, -0.373243
  0.716712, -0.413152
  0.716735, -0.453061
  0.716757, -0.492971
  0.716780, -0.532880
  0.716803, -0.572789
  0.716825, -0.612698
  0.716848, -0.652608
  0.716871, -0.692517
  0.716893, -0.732426
  0.716916, -0.772336
  0.716939, -0.812245
  0.716961, -0.852154
  0.716984, -0.892063
  0.717007, -0.931973
  0.717029, -0.971882
  0.717052, -0.988209
  0.717075, -0.948299
  0.717098, -0.908390
  0.717120, -0.868481
  0.717143, -0.828571
  0.717166, -0.788662
  0.717188, -0.748753
  0.717211, -0.708844
  0.717234, -0.668934
  0.717256, -0.629025
  0.717279, -0.589116
  0.717302, -0.549206
  0.717324, -0.509297
  0.717347, -0.469388
  0.717370, -0.429478
  0.717392, -0.389569
  0.717415, -0.349660
  0.717438, -0.309751
  0.717460, -0.269841
  0.717483, -0.229932
  0.717506, -0.190023
  0.717528, -0.150113
  0.717551, -0.110204
  0.717574, -0.070295
  0.717596, -0.030385
  0.717619,  0.009524
  0.717642,  0.049433
  0.717664,  0.089342
  0.717687,  0.129252
  0.717710,  0.169161
  0.717732,  0.209070
  0.717755,  0.248980
  0.717778,  0.288889
  0.717800,  0.328798
  0.717823,  0.368707
  0.717846,  0.408617
  0.717868,  0.448526
  0.717891,  0.488435
  0.717914,  0.528345
  0.717937,  0.568254
  0.717959,  0.608163
  0.717982,  0.648073
  0.718005,  0.687982
  0.718027,  0.727891
  0.718050,  0.767800
  0.718073,  0.807710
  0.718095,  0.847619
  0.718118,  0.887528
  0.718141,  0.927438
  0.718163,  0.967347
  0.718186,  0.992744
  0.718209,  0.952834
  0.718231,  0.912925
  0.718254,  0.873016
  0.718277,  0.833107
  0.718299,  0.793197
  0.718322,  0.753288
  0.718345,  0.713379
  0.718367,  0.673469
  0.718390,  0.633560
  0.718413,  0.593651
  0.718435,  0.553741
  0.718458,  0.513832
  0.718481,  0.473923
  0.718503,  0.434014
  0.718526,  0.394104
  0.718549,  0.354195
  0.718571,  0.314286
  0.718594,  0.274376
  0.718617,  0.234467
  0.718639,  0.194558
  0.718662,  0.154649
  0.718685,  0.114739
  0.718707,  0.074830
  0.718730,  0.034921
  0.718753, -0.004989
  0.718776, -0.044898
  0.718798, -0.084807
  0.718821, -0.124717
  0.718844, -0.164626
  0.718866, -0.204535
  0.718889, -0.244444
  0.718912, -0.284354
  0.718934, -0.324263
  0.718957, -0.364172
  0.718980, -0.404082
  0.719002, -0.443991
  0.719025, -0.483900
  0.719048, -0.523810
  0.719070, -0.563719
  0.719093, -0.603628
  0.719116, -0.643537
  0.719138, -0.683447
  0.719161, -0.723356
  0.719184, -0.763265
  0.719206, -0.803175
  0.719229, -0.843084
  0.719252, -0.882993
  0.719274, -0.922902
  0.719297, -0.962812
  0.719320, -0.997279
  0.719342, -0.957370
  0.719365, -0.917460
  0.719388, -0.877551
  0.719410, -0.837642
  0.719433, -0.797732
  0.719456, -0.757823
  0.719478, -0.717914
  0.719501, -0.678005
  0.719524, -0.638095
  0.719546, -0.598186
  0.719569, -0.558277
  0.719592, -0.518367
  0.719615, -0.478458
  0.719637, -0.438549
  0.719660, -0.398639
  0.719683, -0.358730
  0.719705, -0.318821
  0.719728, -0.278912
  0.719751, -0.239002
  0.719773, -0.199093
  0.719796, -0.159184
  0.719819, -0.119274
  0.719841, -0.079365
  0.719864, -0.039456
  0.719887,  0.000454
  0.719909,  0.040363
  0.719932,  0.080272
  0.719955,  0.120181
  0.719977,  0.160091
  0.720000,  0.200000
  0.720023,  0.239909
  0.720045,  0.279819
  0.720068,  0.319728
  0.720091,  0.359637
  0.720113,  0.399546
  0.720136,  0.439456
  0.720159,  0.479365
  0.720181,  0.519274
  0.720204,  0.559184
  0.720227,  0.599093
  0.720249,  0.639002
  0.720272,  0.678912
  0.720295,  0.718821
  0.720317,  0.758730
  0.720340,  0.798639
  0.720363,  0.838549
  0.720385,  0.878458
  0.720408,  0.918367
  0.720431,  0.958277
  0.720454,  0.998186
  0.720476,  0.961905
  0.720499,  0.921995
  0.720522,  0.882086
  0.720544,  0.842177
  0.720567,  0.802268
  0.720590,  0.762358
  0.720612,  0.722449
  0.720635,  0.682540
  0.720658,  0.642630
  0.720680,  0.602721
  0.720703,  0.562812
  0.720726,  0.522902
  0.720748,  0.482993
  0.720771,  0.443084
  0.720794,  0.403175
  0.720816,  0.363265
  0.720839,  0.323356
  0.720862,  0.283447
  0.720884,  0.243537
  0.720907,  0.203628
  0.720930,  0.163719
  0.720952,  0.123810
  0.720975,  0.083900
  0.720998,  0.043991
  0.721020,  0.004082
  0.721043, -0.035828
  0.721066, -0.075737
  0.721088, -0.115646
  0.721111, -0.155556
  0.721134, -0.195465
  0.721156, -0.235374
  0.721179, -0.275283
  0.721202, -0.315193
  0.721224, -0.355102
  0.721247, -0.395011
  0.721270, -0.434921
  0.721293, -0.474830
  0.721315, -0.514739
  0.721338, -0.554649
  0.721361, -0.594558
  0.721383, -0.634467
  0.721406, -0.674376
  0.721429, -0.714286
  0.721451, -0.754195
  0.721474, -0.794104
  0.721497, -0.834014
  0.721519, -0.873923
  0.721542, -0.913832
  0.721565, -0.953741
  0.721587, -0.993651
  0.721610, -0.966440
  0.721633, -0.926531
  0.721655, -0.886621
  0.721678, -0.846712
  0.721701, -0.806803
  0.721723, -0.766893
  0.721746, -0.726984
  0.721769, -0.687075
  0.721791, -0.647166
  0.721814, -0.607256
  0.721837, -0.567347
  0.721859, -0.527438
  0.721882, -0.487528
  0.721905, -0.447619
  0.721927, -0.407710
  0.721950, -0.367800
  0.721973, -0.327891
  0.721995, -0.287982
  0.722018, -0.248073
  0.722041, -0.208163
  0.722063, -0.168254
  0.722086, -0.128345
  0.722109, -0.088435
  0.722132, -0.048526
  0.722154, -0.008617
  0.722177,  0.031293
  0.722200,  0.071202
  0.722222,  0.111111
  0.722245,  0.151020
  0.722268,  0.190930
  0.722290,  0.230839
  0.722313,  0.270748
  0.722336,  0.310658
  0.722358,  0.350567
  0.722381,  0.390476
  0.722404,  0.430385
  0.722426,  0.470295
  0.722449,  0.510204
  0.722472,  0.550113
  0.722494,  0.590023
  0.722517,  0.629932
  0.722540,  0.669841
  0.722562,  0.709751
  0.722585,  0.749660
  0.722608,  0.789569
  0.722630,  0.829478
  0.722653,  0.869388
  0.722676,  0.909297
  0.722698,  0.949206
  0.722721,  0.989116
  0.722744,  0.970975
  0.722766,  0.931066
  0.722789,  0.891156
  0.722812,  0.851247
  0.722834,  0.811338
  0.722857,  0.771429
  0.722880,  0.731519
  0.722902,  0.691610
  0.722925,  0.651701
  0.722948,  0.611791
  0.722971,  0.571882
  0.722993,  0.531973
  0.723016,  0.492063
  0.723039,  0.452154
  0.723061,  0.412245
  0.723084,  0.372336
  0.723107,  0.332426
  0.723129,  0.292517
  0.723152,  0.252608
  0.723175,  0.212698
  0.723197,  0.172789
  0.723220,  0.132880
  0.723243,  0.092971
  0.723265,  0.053061
  0.723288,  0.013152
  0.723311, -0.026757
  0.723333, -0.066667
  0.723356, -0.106576
  0.723379, -0.146485
  0.723401, -0.186395
  0.723424, -0.226304
  0.723447, -0.266213
  0.723469, -0.306122
  0.723492, -0.346032
  0.723515, -0.385941
  0.723537, -0.425850
  0.723560, -0.465760
  0.723583, -0.505669
  0.723605, -0.545578
  0.723628, -0.585488
  0.723651, -0.625397
  0.723673, -0.665306
  0.723696, -0.705215
  0.723719, -0.745125
  0.723741, -0.785034
  0.723764, -0.824943
  0.723787, -0.864853
  0.723810, -0.904762
  0.723832, -0.944671
  0.723855, -0.984580
  0.723878, -0.975510
  0.723900, -0.935601
  0.723923, -0.895692
  0.723946, -0.855782
  0.723968, -0.815873
  0.723991, -0.775964
  0.724014, -0.736054
  0.724036, -0.696145
  0.724059, -0.656236
  0.724082, -0.616327
  0.724104, -0.576417
  0.724127, -0.536508
  0.724150, -0.496599
  0.724172, -0.456689
  0.724195, -0.416780
  0.724218, -0.376871
  0.724240, -0.336961
  0.724263, -0.297052
  0.724286, -0.257143
  0.724308, -0.217234
  0.724331, -0.177324
  0.724354, -0.137415
  0.724376, -0.097506
  0.724399, -0.057596
  0.724422, -0.017687
  0.724444,  0.022222
  0.724467,  0.062132
  0.724490,  0.102041
  0.724512,  0.141950
  0.724535,  0.181859
  0.724558,  0.221769
  0.724580,  0.261678
  0.724603,  0.301587
  0.724626,  0.341497
  0.724649,  0.381406
  0.724671,  0.421315
  0.724694,  0.461224
  0.724717,  0.501134
  0.724739,  0.541043
  0.724762,  0.580952
  0.724785,  0.620862
  0.724807,  0.660771
  0.724830,  0.700680
  0.724853,  0.740590
  0.724875,  0.780499
  0.724898,  0.820408
  0.724921,  0.860317
  0.724943,  0.900227
  0.724966,  0.940136
  0.724989,  0.980045
  0.725011,  0.980045
  0.725034,  0.940136
  0.725057,  0.900227
  0.725079,  0.860317
  0.725102,  0.820408
  0.725125,  0.780499
  0.725147,  0.740590
  0.725170,  0.700680
  0.725193,  0.660771
  0.725215,  0.620862
  0.725238,  0.580952
  0.725261,  0.541043
  0.725283,  0.501134
  0.725306,  0.461224
  0.725329,  0.421315
  0.725351,  0.381406
  0.725374,  0.341497
  0.725397,  0.301587
  0.725420,  0.261678
  0.725442,  0.221769
  0.725465,  0.181859
  0.725488,  0.141950
  0.725510,  0.102041
  0.725533,  0.062132
  0.725556,  0.022222
  0.725578, -0.017687
  0.725601, -0.057596
  0.725624, -0.097506
  0.725646, -0.137415
  0.725669, -0.177324
  0.725692, -0.217234
  0.725714, -0.257143
  0.725737, -0.297052
  0.725760, -0.336961
  0.725782, -0.376871
  0.725805, -0.416780
  0.725828, -0.456689
  0.725850, -0.496599
  0.725873, -0.536508
  0.725896, -0.576417
  0.725918, -0.616327
  0.725941, -0.656236
  0.725964, -0.696145
  0.725986, -0.736054
  0.726009, -0.775964
  0.726032, -0.815873
  0.726054, -0.855782
  0.726077, -0.895692
  0.726100, -0.935601
  0.726122, -0.975510
  0.726145, -0.984580
  0.726168, -0.944671
  0.726190, -0.904762
  0.726213, -0.864853
  0.726236, -0.824943
  0.726259, -0.785034
  0.726281, -0.745125
  0.726304, -0.705215
  0.726327, -0.665306
  0.726349, -0.625397
  0.726372, -0.585488
  0.726395, -0.545578
  0.726417, -0.505669
  0.726440, -0.465760
  0.726463, -0.425850
  0.726485, -0.385941
  0.726508, -0.346032
  0.726531, -0.306122
  0.726553, -0.266213
  0.726576, -0.226304
  0.726599, -0.186395
  0.726621, -0.146485
  0.726644, -0.106576
  0.726667, -0.066667
  0.726689, -0.026757
  0.726712,  0.013152
  0.726735,  0.053061
  0.726757,  0.092971
  0.726780,  0.132880
  0.726803,  0.172789
  0.726825,  0.212698
  0.726848,  0.252608
  0.726871,  0.292517
  0.726893,  0.332426
  0.726916,  0.372336
  0.726939,  0.412245
  0.726961,  0.452154
  0.726984,  0.492063
  0.727007,  0.531973
  0.727029,  0.571882
  0.727052,  0.611791
  0.727075,  0.651701
  0.727098,  0.691610
  0.727120,  0.731519
  0.727143,  0.771429
  0.727166,  0.811338
  0.727188,  0.851247
  0.727211,  0.891156
  0.727234,  0.931066
  0.727256,  0.970975
  0.727279,  0.989116
  0.727302,  0.949206
  0.727324,  0.909297
  0.727347,  0.869388
  0.727370,  0.829478
  0.727392,  0.789569
  0.727415,  0.749660
  0.727438,  0.709751
  0.727460,  0.669841
  0.727483,  0.629932
  0.727506,  0.590023
  0.727528,  0.550113
  0.727551,  0.510204
  0.727574,  0.470295
  0.727596,  0.430385
  0.727619,  0.390476
  0.727642,  0.350567
  0.727664,  0.310658
  0.727687,  0.270748
  0.727710,  0.230839
  0.727732,  0.190930
  0.727755,  0.151020
  0.727778,  0.111111
  0.727800,  0.071202
  0.727823,  0.031293
  0.727846, -0.008617
  0.727868, -0.048526
  0.727891, -0.088435
  0.727914, -0.128345
  0.727937, -0.168254
  0.727959, -0.208163
  0.727982, -0.248073
  0.728005, -0.287982
  0.728027, -0.327891
  0.728050, -0.367800
  0.728073, -0.407710
  0.728095, -0.447619
  0.728118, -0.487528
  0.728141, -0.527438
  0.728163, -0.567347
  0.728186, -0.607256
  0.728209, -0.647166
  0.728231, -0.687075
  0.728254, -0.726984
  0.728277, -0.766893
  0.728299, -0.806803
  0.728322, -0.846712
  0.728345, -0.886621
  0.728367, -0.926531
  0.728390, -0.966440
  0.728413, -0.993651
  0.728435, -0.953741
  0.728458, -0.913832
  0.728481, -0.873923
  0.728503, -0.834014
  0.728526, -0.794104
  0.728549, -0.754195
  0.728571, -0.714286
  0.728594, -0.674376
  0.728617, -0.634467
  0.728639, -0.594558
  0.728662, -0.554649
  0.728685, -0.514739
  0.728707, -0.474830
  0.728730, -0.434921
  0.728753, -0.395011
  0.728776, -0.355102
  0.728798, -0.315193
  0.728821, -0.275283
  0.728844, -0.235374
  0.728866, -0.195465
  0.728889, -0.155556
  0.728912, -0.115646
  0.728934, -0.075737
  0.728957, -0.035828
  0.728980,  0.004082
  0.729002,  0.043991
  0.729025,  0.083900
  0.729048,  0.123810
  0.729070,  0.163719
  0.729093,  0.203628
  0.729116,  0.243537
  0.729138,  0.283447
  0.729161,  0.323356
  0.729184,  0.363265
  0.729206,  0.403175
  0.729229,  0.443084
  0.729252,  0.482993
  0.729274,  0.522902
  0.729297,  0.562812
  0.729320,  0.602721
  0.729342,  0.642630
  0.729365,  0.682540
  0.729388,  0.722449
  0.729410,  0.762358
  0.729433,  0.802268
  0.729456,  0.842177
  0.729478,  0.882086
  0.729501,  0.921995
  0.729524,  0.961905
  0.729546,  0.998186
  0.729569,  0.958277
  0.729592,  0.918367
  0.729615,  0.878458
  0.729637,  0.838549
  0.729660,  0.798639
  0.729683,  0.758730
  0.729705,  0.718821
  0.729728,  0.678912
  0.729751,  0.639002
  0.729773,  0.599093
  0.729796,  0.559184
  0.729819,  0.519274
  0.729841,  0.479365
  0.729864,  0.439456
  0.729887,  0.399546
  0.729909,  0.359637
  0.729932,  0.319728
  0.729955,  0.279819
  0.729977,  0.239909
  0.730000,  0.200000
  0.730023,  0.160091
  0.730045,  0.120181
  0.730068,  0.080272
  0.730091,  0.040363
  0.730113,  0.000454
  0.730136, -0.039456
  0.730159, -0.079365
  0.730181, -0.119274
  0.730204, -0.159184
  0.730227, -0.199093
  0.730249, -0.239002
  0.730272, -0.278912
  0.730295, -0.318821
  0.730317, -0.358730
  0.730340, -0.398639
  0.730363, -0.438549
  0.730385, -0.478458
  0.730408, -0.518367
  0.730431, -0.558277
  0.730454, -0.598186
  0.730476, -0.638095
  0.730499, -0.678005
  0.730522, -0.717914
  0.730544, -0.757823
  0.730567, -0.797732
  0.730590, -0.837642
  0.730612, -0.877551
  0.730635, -0.917460
  0.730658, -0.957370
  0.730680, -0.997279
  0.730703, -0.962812
  0.730726, -0.922902
  0.730748, -0.882993
  0.730771, -0.843084
  0.730794, -0.803175
  0.730816, -0.763265
  0.730839, -0.723356
  0.730862, -0.683447
  0.730884, -0.643537
  0.730907, -0.603628
  0.730930, -0.563719
  0.730952, -0.523810
  0.730975, -0.483900
  0.730998, -0.443991
  0.731020, -0.404082
  0.731043, -0.364172
  0.731066, -0.324263
  0.731088, -0.284354
  0.731111, -0.244444
  0.731134, -0.204535
  0.731156, -0.164626
  0.731179, -0.124717
  0.731202, -0.084807
  0.731224, -0.044898
  0.731247, -0.004989
  0.731270,  0.034921
  0.731293,  0.074830
  0.731315,  0.114739
  0.731338,  0.154649
  0.731361,  0.194558
  0.731383,  0.234467
  0.731406,  0.274376
  0.731429,  0.314286
  0.731451,  0.354195
  0.731474,  0.394104
  0.731497,  0.434014
  0.731519,  0.473923
  0.731542,  0.513832
  0.731565,  0.553741
  0.731587,  0.593651
  0.731610,  0.633560
  0.731633,  0.673469
  0.731655,  0.713379
  0.731678,  0.753288
  0.731701,  0.793197
  0.731723,  0.833107
  0.731746,  0.873016
  0.731769,  0.912925
  0.731791,  0.952834
  0.731814,  0.992744
  0.731837,  0.967347
  0.731859,  0.927438
  0.731882,  0.887528
  0.731905,  0.847619
  0.731927,  0.807710
  0.731950,  0.767800
  0.731973,  0.727891
  0.731995,  0.687982
  0.732018,  0.648073
  0.732041,  0.608163
  0.732063,  0.568254
  0.732086,  0.528345
  0.732109,  0.488435
  0.732132,  0.448526
  0.732154,  0.408617
  0.732177,  0.368707
  0.732200,  0.328798
  0.732222,  0.288889
  0.732245,  0.248980
  0.732268,  0.209070
  0.732290,  0.169161
  0.732313,  0.129252
  0.732336,  0.089342
  0.732358,  0.049433
  0.732381,  0.009524
  0.732404, -0.030385
  0.732426, -0.070295
  0.732449, -0.110204
  0.732472, -0.150113
  0.732494, -0.190023
  0.732517, -0.229932
  0.732540, -0.269841
  0.732562, -0.309751
  0.732585, -0.349660
  0.732608, -0.389569
  0.732630, -0.429478
  0.732653, -0.469388
  0.732676, -0.509297
  0.732698, -0.549206
  0.732721, -0.589116
  0.732744, -0.629025
  0.732766, -0.668934
  0.732789, -0.708844
  0.732812, -0.748753
  0.732834, -0.788662
  0.732857, -0.828571
  0.732880, -0.868481
  0.732902, -0.908390
  0.732925, -0.948299
  0.732948, -0.988209
  0.732971, -0.971882
  0.732993, -0.931973
  0.733016, -0.892063
  0.733039, -0.852154
  0.733061, -0.812245
  0.733084, -0.772336
  0.733107, -0.732426
  0.733129, -0.692517
  0.733152, -0.652608
  0.733175, -0.612698
  0.733197, -0.572789
  0.733220, -0.532880
  0.733243, -0.492971
  0.733265, -0.453061
  0.733288, -0.413152
  0.733311, -0.373243
  0.733333, -0.333333
  0.733356, -0.293424
  0.733379, -0.253515
  0.733401, -0.213605
  0.733424, -0.173696
  0.733447, -0.133787
  0.733469, -0.093878
  0.733492, -0.053968
  0.733515, -0.014059
  0.733537,  0.025850
  0.733560,  0.065760
  0.733583,  0.105669
  0.733605,  0.145578
  0.733628,  0.185488
  0.733651,  0.225397
  0.733673,  0.265306
  0.733696,  0.305215
  0.733719,  0.345125
  0.733741,  0.385034
  0.733764,  0.424943
  0.733787,  0.464853
  0.733810,  0.504762
  0.733832,  0.544671
  0.733855,  0.584580
  0.733878,  0.624490
  0.733900,  0.664399
  0.733923,  0.704308
  0.733946,  0.744218
  0.733968,  0.784127
  0.733991,  0.824036
  0.734014,  0.863946
  0.734036,  0.903855
  0.734059,  0.943764
  0.734082,  0.983673
  0.734104,  0.976417
  0.734127,  0.936508
  0.734150,  0.896599
  0.734172,  0.856689
  0.734195,  0.816780
  0.734218,  0.776871
  0.734240,  0.736961
  0.734263,  0.697052
  0.734286,  0.657143
  0.734308,  0.617234
  0.734331,  0.577324
  0.734354,  0.537415
  0.734376,  0.497506
  0.734399,  0.457596
  0.734422,  0.417687
  0.734444,  0.377778
  0.734467,  0.337868
  0.734490,  0.297959
  0.734512,  0.258050
  0.734535,  0.218141
  0.734558,  0.178231
  0.734580,  0.138322
  0.734603,  0.098413
  0.734626,  0.058503
  0.734649,  0.018594
  0.734671, -0.021315
  0.734694, -0.061224
  0.734717, -0.101134
  0.734739, -0.141043
  0.734762, -0.180952
  0.734785, -0.220862
  0.734807, -0.260771
  0.734830, -0.300680
  0.734853, -0.340590
  0.734875, -0.380499
  0.734898, -0.420408
  0.734921, -0.460317
  0.734943, -0.500227
  0.734966, -0.540136
  0.734989, -0.580045
  0.735011, -0.619955
  0.735034, -0.659864
  0.735057, -0.699773
  0.735079, -0.739683
  0.735102, -0.779592
  0.735125, -0.819501
  0.735147, -0.859410
  0.735170, -0.899320
  0.735193, -0.939229
  0.735215, -0.979138
  0.735238, -0.980952
  0.735261, -0.941043
  0.735283, -0.901134
  0.735306, -0.861224
  0.735329, -0.821315
  0.735351, -0.781406
  0.735374, -0.741497
  0.735397, -0.701587
  0.735420, -0.661678
  0.735442, -0.621769
  0.735465, -0.581859
  0.735488, -0.541950
  0.735510, -0.502041
  0.735533, -0.462132
  0.735556, -0.422222
  0.735578, -0.382313
  0.735601, -0.342404
  0.735624, -0.302494
  0.735646, -0.262585
  0.735669, -0.222676
  0.735692, -0.182766
  0.735714, -0.142857
  0.735737, -0.102948
  0.735760, -0.063039
  0.735782, -0.023129
  0.735805,  0.016780
  0.735828,  0.056689
  0.735850,  0.096599
  0.735873,  0.136508
  0.735896,  0.176417
  0.735918,  0.216327
  0.735941,  0.256236
  0.735964,  0.296145
  0.735986,  0.336054
  0.736009,  0.375964
  0.736032,  0.415873
  0.736054,  0.455782
  0.736077,  0.495692
  0.736100,  0.535601
  0.736122,  0.575510
  0.736145,  0.615420
  0.736168,  0.655329
  0.736190,  0.695238
  0.736213,  0.735147
  0.736236,  0.775057
  0.736259,  0.814966
  0.736281,  0.854875
  0.736304,  0.894785
  0.736327,  0.934694
  0.736349,  0.974603
  0.736372,  0.985488
  0.736395,  0.945578
  0.736417,  0.905669
  0.736440,  0.865760
  0.736463,  0.825850
  0.736485,  0.785941
  0.736508,  0.746032
  0.736531,  0.706122
  0.736553,  0.666213
  0.736576,  0.626304
  0.736599,  0.586395
  0.736621,  0.546485
  0.736644,  0.506576
  0.736667,  0.466667
  0.736689,  0.426757
  0.736712,  0.386848
  0.736735,  0.346939
  0.736757,  0.307029
  0.736780,  0.267120
  0.736803,  0.227211
  0.736825,  0.187302
  0.736848,  0.147392
  0.736871,  0.107483
  0.736893,  0.067574
  0.736916,  0.027664
  0.736939, -0.012245
  0.736961, -0.052154
  0.736984, -0.092063
  0.737007, -0.131973
  0.737029, -0.171882
  0.737052, -0.211791
  0.737075, -0.251701
  0.737098, -0.291610
  0.737120, -0.331519
  0.737143, -0.371429
  0.737166, -0.411338
  0.737188, -0.451247
  0.737211, -0.491156
  0.737234, -0.531066
  0.737256, -0.570975
  0.737279, -0.610884
  0.737302, -0.650794
  0.737324, -0.690703
  0.737347, -0.730612
  0.737370, -0.770522
  0.737392, -0.810431
  0.737415, -0.850340
  0.737438, -0.890249
  0.737460, -0.930159
  0.737483, -0.970068
  0.737506, -0.990023
  0.737528, -0.950113
  0.737551, -0.910204
  0.737574, -0.870295
  0.737596, -0.830385
  0.737619, -0.790476
  0.737642, -0.750567
  0.737664, -0.710658
  0.737687, -0.670748
  0.737710, -0.630839
  0.737732, -0.590930
  0.737755, -0.551020
  0.737778, -0.511111
  0.737800, -0.471202
  0.737823, -0.431293
  0.737846, -0.391383
  0.737868, -0.351474
  0.737891, -0.311565
  0.737914, -0.271655
  0.737937, -0.231746
  0.737959, -0.191837
  0.737982, -0.151927
  0.738005, -0.112018
  0.738027, -0.072109
  0.738050, -0.032200
  0.738073,  0.007710
  0.738095,  0.047619
  0.738118,  0.087528
  0.738141,  0.127438
  0.738163,  0.167347
  0.738186,  0.207256
  0.738209,  0.247166
  0.738231,  0.287075
  0.738254,  0.326984
  0.738277,  0.366893
  0.738299,  0.406803
  0.738322,  0.446712
  0.738345,  0.486621
  0.738367,  0.526531
  0.738390,  0.566440
  0.738413,  0.606349
  0.738435,  0.646259
  0.738458,  0.686168
  0.738481,  0.726077
  0.738503,  0.765986
  0.738526,  0.805896
  0.738549,  0.845805
  0.738571,  0.885714
  0.738594,  0.925624
  0.738617,  0.965533
  0.738639,  0.994558
  0.738662,  0.954649
  0.738685,  0.914739
  0.738707,  0.874830
  0.738730,  0.834921
  0.738753,  0.795011
  0.738776,  0.755102
  0.738798,  0.715193
  0.738821,  0.675283
  0.738844,  0.635374
  0.738866,  0.595465
  0.738889,  0.555556
  0.738912,  0.515646
  0.738934,  0.475737
  0.738957,  0.435828
  0.738980,  0.395918
  0.739002,  0.356009
  0.739025,  0.316100
  0.739048,  0.276190
  0.739070,  0.236281
  0.739093,  0.196372
  0.739116,  0.156463
  0.739138,  0.116553
  0.739161,  0.076644
  0.739184,  0.036735
  0.739206, -0.003175
  0.739229, -0.043084
  0.739252, -0.082993
  0.739274, -0.122902
  0.739297, -0.162812
  0.739320, -0.202721
  0.739342, -0.242630
  0.739365, -0.282540
  0.739388, -0.322449
  0.739410, -0.362358
  0.739433, -0.402268
  0.739456, -0.442177
  0.739478, -0.482086
  0.739501, -0.521995
  0.739524, -0.561905
  0.739546, -0.601814
  0.739569, -0.641723
  0.739592, -0.681633
  0.739615, -0.721542
  0.739637, -0.761451
  0.739660, -0.801361
  0.739683, -0.841270
  0.739705, -0.881179
  0.739728, -0.921088
  0.739751, -0.960998
  0.739773, -0.999093
  0.739796, -0.959184
  0.739819, -0.919274
  0.739841, -0.879365
  0.739864, -0.839456
  0.739887, -0.799546
  0.739909, -0.759637
  0.739932, -0.719728
  0.739955, -0.679819
  0.739977, -0.639909
  0.740000, -0.600000
  0.740023, -0.560091
  0.740045, -0.520181
  0.740068, -0.480272
  0.740091, -0.440363
  0.740113, -0.400454
  0.740136, -0.360544
  0.740159, -0.320635
  0.740181, -0.280726
  0.740204, -0.240816
  0.740227, -0.200907
  0.740249, -0.160998
  0.740272, -0.121088
  0.740295, -0.081179
  0.740317, -0.041270
  0.740340, -0.001361
  0.740363,  0.038549
  0.740385,  0.078458
  0.740408,  0.118367
  0.740431,  0.158277
  0.740454,  0.198186
  0.740476,  0.238095
  0.740499,  0.278005
  0.740522,  0.317914
  0.740544,  0.357823
  0.740567,  0.397732
  0.740590,  0.437642
  0.740612,  0.477551
  0.740635,  0.517460
  0.740658,  0.557370
  0.740680,  0.597279
  0.740703,  0.637188
  0.740726,  0.677098
  0.740748,  0.717007
  0.740771,  0.756916
  0.740794,  0.796825
  0.740816,  0.836735
  0.740839,  0.876644
  0.740862,  0.916553
  0.740884,  0.956463
  0.740907,  0.996372
  0.740930,  0.963719
  0.740952,  0.923810
  0.740975,  0.883900
  0.740998,  0.843991
  0.741020,  0.804082
  0.741043,  0.764172
  0.741066,  0.724263
  0.741088,  0.684354
  0.741111,  0.644444
  0.741134,  0.604535
  0.741156,  0.564626
  0.741179,  0.524717
  0.741202,  0.484807
  0.741224,  0.444898
  0.741247,  0.404989
  0.741270,  0.365079
  0.741293,  0.325170
  0.741315,  0.285261
  0.741338,  0.245351
  0.741361,  0.205442
  0.741383,  0.165533
  0.741406,  0.125624
  0.741429,  0.085714
  0.741451,  0.045805
  0.741474,  0.005896
  0.741497, -0.034014
  0.741519, -0.073923
  0.741542, -0.113832
  0.741565, -0.153741
  0.741587, -0.193651
  0.741610, -0.233560
  0.741633, -0.273469
  0.741655, -0.313379
  0.741678, -0.353288
  0.741701, -0.393197
  0.741723, -0.433107
  0.741746, -0.473016
  0.741769, -0.512925
  0.741791, -0.552834
  0.741814, -0.592744
  0.741837, -0.632653
  0.741859, -0.672562
  0.741882, -0.712472
  0.741905, -0.752381
  0.741927, -0.792290
  0.741950, -0.832200
  0.741973, -0.872109
  0.741995, -0.912018
  0.742018, -0.951927
  0.742041, -0.991837
  0.742063, -0.968254
  0.742086, -0.928345
  0.742109, -0.888435
  0.742132, -0.848526
  0.742154, -0.808617
  0.742177, -0.768707
  0.742200, -0.728798
  0.742222, -0.688889
  0.742245, -0.648980
  0.742268, -0.609070
  0.742290, -0.569161
  0.742313, -0.529252
  0.742336, -0.489342
  0.742358, -0.449433
  0.742381, -0.409524
  0.742404, -0.369615
  0.742426, -0.329705
  0.742449, -0.289796
  0.742472, -0.249887
  0.742494, -0.209977
  0.742517, -0.170068
  0.742540, -0.130159
  0.742562, -0.090249
  0.742585, -0.050340
  0.742608, -0.010431
  0.742630,  0.029478
  0.742653,  0.069388
  0.742676,  0.109297
  0.742698,  0.149206
  0.742721,  0.189116
  0.742744,  0.229025
  0.742766,  0.268934
  0.742789,  0.308844
  0.742812,  0.348753
  0.742834,  0.388662
  0.742857,  0.428571
  0.742880,  0.468481
  0.742902,  0.508390
  0.742925,  0.548299
  0.742948,  0.588209
  0.742971,  0.628118
  0.742993,  0.668027
  0.743016,  0.707937
  0.743039,  0.747846
  0.743061,  0.787755
  0.743084,  0.827664
  0.743107,  0.867574
  0.743129,  0.907483
  0.743152,  0.947392
  0.743175,  0.987302
  0.743197,  0.972789
  0.743220,  0.932880
  0.743243,  0.892971
  0.743265,  0.853061
  0.743288,  0.813152
  0.743311,  0.773243
  0.743333,  0.733333
  0.743356,  0.693424
  0.743379,  0.653515
  0.743401,  0.613605
  0.743424,  0.573696
  0.743447,  0.533787
  0.743469,  0.493878
  0.743492,  0.453968
  0.743515,  0.414059
  0.743537,  0.374150
  0.743560,  0.334240
  0.743583,  0.294331
  0.743605,  0.254422
  0.743628,  0.214512
  0.743651,  0.174603
  0.743673,  0.134694
  0.743696,  0.094785
  0.743719,  0.054875
  0.743741,  0.014966
  0.743764, -0.024943
  0.743787, -0.064853
  0.743810, -0.104762
  0.743832, -0.144671
  0.743855, -0.184580
  0.743878, -0.224490
  0.743900, -0.264399
  0.743923, -0.304308
  0.743946, -0.344218
  0.743968, -0.384127
  0.743991, -0.424036
  0.744014, -0.463946
  0.744036, -0.503855
  0.744059, -0.543764
  0.744082, -0.583673
  0.744104, -0.623583
  0.744127, -0.663492
  0.744150, -0.703401
  0.744172, -0.743311
  0.744195, -0.783220
  0.744218, -0.823129
  0.744240, -0.863039
  0.744263, -0.902948
  0.744286, -0.942857
  0.744308, -0.982766
  0.744331, -0.977324
  0.744354, -0.937415
  0.744376, -0.897506
  0.744399, -0.857596
  0.744422, -0.817687
  0.744444, -0.777778
  0.744467, -0.737868
  0.744490, -0.697959
  0.744512, -0.658050
  0.744535, -0.618141
  0.744558, -0.578231
  0.744580, -0.538322
  0.744603, -0.498413
  0.744626, -0.458503
  0.744649, -0.418594
  0.744671, -0.378685
  0.744694, -0.338776
  0.744717, -0.298866
  0.744739, -0.258957
  0.744762, -0.219048
  0.744785, -0.179138
  0.744807, -0.139229
  0.744830, -0.099320
  0.744853, -0.059410
  0.744875, -0.019501
  0.744898,  0.020408
  0.744921,  0.060317
  0.744943,  0.100227
  0.744966,  0.140136
  0.744989,  0.180045
  0.745011,  0.219955
  0.745034,  0.259864
  0.745057,  0.299773
  0.745079,  0.339683
  0.745102,  0.379592
  0.745125,  0.419501
  0.745147,  0.459410
  0.745170,  0.499320
  0.745193,  0.539229
  0.745215,  0.579138
  0.745238,  0.619048
  0.745261,  0.658957
  0.745283,  0.698866
  0.745306,  0.738776
  0.745329,  0.778685
  0.745351,  0.818594
  0.745374,  0.858503
  0.745397,  0.898413
  0.745420,  0.938322
  0.745442,  0.978231
  0.745465,  0.981859
  0.745488,  0.941950
  0.745510,  0.902041
  0.745533,  0.862132
  0.745556,  0.822222
  0.745578,  0.782313
  0.745601,  0.742404
  0.745624,  0.702494
  0.745646,  0.662585
  0.745669,  0.622676
  0.745692,  0.582766
  0.745714,  0.542857
  0.745737,  0.502948
  0.745760,  0.463039
  0.745782,  0.423129
  0.745805,  0.383220
  0.745828,  0.343311
  0.745850,  0.303401
  0.745873,  0.263492
  0.745896,  0.223583
  0.745918,  0.183673
  0.745941,  0.143764
  0.745964,  0.103855
  0.745986,  0.063946
  0.746009,  0.024036
  0.746032, -0.015873
  0.746054, -0.055782
  0.746077, -0.095692
  0.746100, -0.135601
  0.746122, -0.175510
  0.746145, -0.215420
  0.746168, -0.255329
  0.746190, -0.295238
  0.746213, -0.335147
  0.746236, -0.375057
  0.746259, -0.414966
  0.746281, -0.454875
  0.746304, -0.494785
  0.746327, -0.534694
  0.746349, -0.574603
  0.746372, -0.614512
  0.746395, -0.654422
  0.746417, -0.694331
  0.746440, -0.734240
  0.746463, -0.774150
  0.746485, -0.814059
  0.746508, -0.853968
  0.746531, -0.893878
  0.746553, -0.933787
  0.746576, -0.973696
  0.746599, -0.986395
  0.746621, -0.946485
  0.746644, -0.906576
  0.746667, -0.866667
  0.746689, -0.826757
  0.746712, -0.786848
  0.746735, -0.746939
  0.746757, -0.707029
  0.746780, -0.667120
  0.746803, -0.627211
  0.746825, -0.587302
  0.746848, -0.547392
  0.746871, -0.507483
  0.746893, -0.467574
  0.746916, -0.427664
  0.746939, -0.387755
  0.746961, -0.347846
  0.746984, -0.307937
  0.747007, -0.268027
  0.747029, -0.228118
  0.747052, -0.188209
  0.747075, -0.148299
  0.747098, -0.108390
  0.747120, -0.068481
  0.747143, -0.028571
  0.747166,  0.011338
  0.747188,  0.051247
  0.747211,  0.091156
  0.747234,  0.131066
  0.747256,  0.170975
  0.747279,  0.210884
  0.747302,  0.250794
  0.747324,  0.290703
  0.747347,  0.330612
  0.747370,  0.370522
  0.747392,  0.410431
  0.747415,  0.450340
  0.747438,  0.490249
  0.747460,  0.530159
  0.747483,  0.570068
  0.747506,  0.609977
  0.747528,  0.649887
  0.747551,  0.689796
  0.747574,  0.729705
  0.747596,  0.769615
  0.747619,  0.809524
  0.747642,  0.849433
  0.747664,  0.889342
  0.747687,  0.929252
  0.747710,  0.969161
  0.747732,  0.990930
  0.747755,  0.951020
  0.747778,  0.911111
  0.747800,  0.871202
  0.747823,  0.831293
  0.747846,  0.791383
  0.747868,  0.751474
  0.747891,  0.711565
  0.747914,  0.671655
  0.747937,  0.631746
  0.747959,  0.591837
  0.747982,  0.551927
  0.748005,  0.512018
  0.748027,  0.472109
  0.748050,  0.432200
  0.748073,  0.392290
  0.748095,  0.352381
  0.748118,  0.312472
  0.748141,  0.272562
  0.748163,  0.232653
  0.748186,  0.192744
  0.748209,  0.152834
  0.748231,  0.112925
  0.748254,  0.073016
  0.748277,  0.033107
  0.748299, -0.006803
  0.748322, -0.046712
  0.748345, -0.086621
  0.748367, -0.126531
  0.748390, -0.166440
  0.748413, -0.206349
  0.748435, -0.246259
  0.748458, -0.286168
  0.748481, -0.326077
  0.748503, -0.365986
  0.748526, -0.405896
  0.748549, -0.445805
  0.748571, -0.485714
  0.748594, -0.525624
  0.748617, -0.565533
  0.748639, -0.605442
  0.748662, -0.645351
  0.748685, -0.685261
  0.748707, -0.725170
  0.748730, -0.765079
  0.748753, -0.804989
  0.748776, -0.844898
  0.748798, -0.884807
  0.748821, -0.924717
  0.748844, -0.964626
  0.748866, -0.995465
  0.748889, -0.955556
  0.748912, -0.915646
  0.748934, -0.875737
  0.748957, -0.835828
  0.748980, -0.795918
  0.749002, -0.756009
  0.749025, -0.716100
  0.749048, -0.676190
  0.749070, -0.636281
  0.749093, -0.596372
  0.749116, -0.556463
  0.749138, -0.516553
  0.749161, -0.476644
  0.749184, -0.436735
  0.749206, -0.396825
  0.749229, -0.356916
  0.749252, -0.317007
  0.749274, -0.277098
  0.749297, -0.237188
  0.749320, -0.197279
  0.749342, -0.157370
  0.749365, -0.117460
  0.749388, -0.077551
  0.749410, -0.037642
  0.749433,  0.002268
  0.749456,  0.042177
  0.749478,  0.082086
  0.749501,  0.121995
  0.749524,  0.161905
  0.749546,  0.201814
  0.749569,  0.241723
  0.749592,  0.281633
  0.749615,  0.321542
  0.749637,  0.361451
  0.749660,  0.401361
  0.749683,  0.441270
  0.749705,  0.481179
  0.749728,  0.521088
  0.749751,  0.560998
  0.749773,  0.600907
  0.749796,  0.640816
  0.749819,  0.680726
  0.749841,  0.720635
  0.749864,  0.760544
  0.749887,  0.800454
  0.749909,  0.840363
  0.749932,  0.880272
  0.749955,  0.920181
  0.749977,  0.960091
  0.750000,  1.000000
  0.750023,  0.960091
  0.750045,  0.920181
  0.750068,  0.880272
  0.750091,  0.840363
  0.750113,  0.800454
  0.750136,  0.760544
  0.750159,  0.720635
  0.750181,  0.680726
  0.750204,  0.640816
  0.750227,  0.600907
  0.750249,  0.560998
  0.750272,  0.521088
  0.750295,  0.481179
  0.750317,  0.441270
  0.750340,  0.401361
  0.750363,  0.361451
  0.750385,  0.321542
  0.750408,  0.281633
  0.750431,  0.241723
  0.750454,  0.201814
  0.750476,  0.161905
  0.750499,  0.121995
  0.750522,  0.082086
  0.750544,  0.042177
  0.750567,  0.002268
  0.750590, -0.037642
  0.750612, -0.077551
  0.750635, -0.117460
  0.750658, -0.157370
  0.750680, -0.197279
  0.750703, -0.237188
  0.750726, -0.277098
  0.750748, -0.317007
  0.750771, -0.356916
  0.750794, -0.396825
  0.750816, -0.436735
  0.750839, -0.476644
  0.750862, -0.516553
  0.750884, -0.556463
  0.750907, -0.596372
  0.750930, -0.636281
  0.750952, -0.676190
  0.750975, -0.716100
  0.750998, -0.756009
  0.751020, -0.795918
  0.751043, -0.835828
  0.751066, -0.875737
  0.751088, -0.915646
  0.751111, -0.955556
  0.751134, -0.995465
  0.751156, -0.964626
  0.751179, -0.924717
  0.751202, -0.884807
  0.751224, -0.844898
  0.751247, -0.804989
  0.751270, -0.765079
  0.751293, -0.725170
  0.751315, -0.685261
  0.751338, -0.645351
  0.751361, -0.605442
  0.751383, -0.565533
  0.751406, -0.525624
  0.751429, -0.485714
  0.751451, -0.445805
  0.751474, -0.405896
  0.751497, -0.365986
  0.751519, -0.326077
  0.751542, -0.286168
  0.751565, -0.246259
  0.751587, -0.206349
  0.751610, -0.166440
  0.751633, -0.126531
  0.751655, -0.086621
  0.751678, -0.046712
  0.751701, -0.006803
  0.751723,  0.033107
  0.751746,  0.073016
  0.751769,  0.112925
  0.751791,  0.152834
  0.751814,  0.192744
  0.751837,  0.232653
  0.751859,  0.272562
  0.751882,  0.312472
  0.751905,  0.352381
  0.751927,  0.392290
  0.751950,  0.432200
  0.751973,  0.472109
  0.751995,  0.512018
  0.752018,  0.551927
  0.752041,  0.591837
  0.752063,  0.631746
  0.752086,  0.671655
  0.752109,  0.711565
  0.752132,  0.751474
  0.752154,  0.791383
  0.752177,  0.831293
  0.752200,  0.871202
  0.752222,  0.911111
  0.752245,  0.951020
  0.752268,  0.990930
  0.752290,  0.969161
  0.752313,  0.929252
  0.752336,  0.889342
  0.752358,  0.849433
  0.752381,  0.809524
  0.752404,  0.769615
  0.752426,  0.729705
  0.752449,  0.689796
  0.752472,  0.649887
  0.752494,  0.609977
  0.752517,  0.570068
  0.752540,  0.530159
  0.752562,  0.490249
  0.752585,  0.450340
  0.752608,  0.410431
  0.752630,  0.370522
  0.752653,  0.330612
  0.752676,  0.290703
  0.752698,  0.250794
  0.752721,  0.210884
  0.752744,  0.170975
  0.752766,  0.131066
  0.752789,  0.091156
  0.752812,  0.051247
  0.752834,  0.011338
  0.752857, -0.028571
  0.752880, -0.068481
  0.752902, -0.108390
  0.752925, -0.148299
  0.752948, -0.188209
  0.752971, -0.228118
  0.752993, -0.268027
  0.753016, -0.307937
  0.753039, -0.347846
  0.753061, -0.387755
  0.753084, -0.427664
  0.753107, -0.467574
  0.753129, -0.507483
  0.753152, -0.547392
  0.753175, -0.587302
  0.753197, -0.627211
  0.753220, -0.667120
  0.753243, -0.707029
  0.753265, -0.746939
  0.753288, -0.786848
  0.753311, -0.826757
  0.753333, -0.866667
  0.753356, -0.906576
  0.753379, -0.946485
  0.753401, -0.986395
  0.753424, -0.973696
  0.753447, -0.933787
  0.753469, -0.893878
  0.753492, -0.853968
  0.753515, -0.814059
  0.753537, -0.774150
  0.753560, -0.734240
  0.753583, -0.694331
  0.753605, -0.654422
  0.753628, -0.614512
  0.753651, -0.574603
  0.753673, -0.534694
  0.753696, -0.494785
  0.753719, -0.454875
  0.753741, -0.414966
  0.753764, -0.375057
  0.753787, -0.335147
  0.753810, -0.295238
  0.753832, -0.255329
  0.753855, -0.215420
  0.753878, -0.175510
  0.753900, -0.135601
  0.753923, -0.095692
  0.753946, -0.055782
  0.753968, -0.015873
  0.753991,  0.024036
  0.754014,  0.063946
  0.754036,  0.103855
  0.754059,  0.143764
  0.754082,  0.183673
  0.754104,  0.223583
  0.754127,  0.263492
  0.754150,  0.303401
  0.754172,  0.343311
  0.754195,  0.383220
  0.754218,  0.423129
  0.754240,  0.463039
  0.754263,  0.502948
  0.754286,  0.542857
  0.754308,  0.582766
  0.754331,  0.622676
  0.754354,  0.662585
  0.754376,  0.702494
  0.754399,  0.742404
  0.754422,  0.782313
  0.754444,  0.822222
  0.754467,  0.862132
  0.754490,  0.902041
  0.754512,  0.941950
  0.754535,  0.981859
  0.754558,  0.978231
  0.754580,  0.938322
  0.754603,  0.898413
  0.754626,  0.858503
  0.754649,  0.818594
  0.754671,  0.778685
  0.754694,  0.738776
  0.754717,  0.698866
  0.754739,  0.658957
  0.754762,  0.619048
  0.754785,  0.579138
  0.754807,  0.539229
  0.754830,  0.499320
  0.754853,  0.459410
  0.754875,  0.419501
  0.754898,  0.379592
  0.754921,  0.339683
  0.754943,  0.299773
  0.754966,  0.259864
  0.754989,  0.219955
  0.755011,  0.180045
  0.755034,  0.140136
  0.755057,  0.100227
  0.755079,  0.060317
  0.755102,  0.020408
  0.755125, -0.019501
  0.755147, -0.059410
  0.755170, -0.099320
  0.755193, -0.139229
  0.755215, -0.179138
  0.755238, -0.219048
  0.755261, -0.258957
  0.755283, -0.298866
  0.755306, -0.338776
  0.755329, -0.378685
  0.755351, -0.418594
  0.755374, -0.458503
  0.755397, -0.498413
  0.755420, -0.538322
  0.755442, -0.578231
  0.755465, -0.618141
  0.755488, -0.658050
  0.755510, -0.697959
  0.755533, -0.737868
  0.755556, -0.777778
  0.755578, -0.817687
  0.755601, -0.857596
  0.755624, -0.897506
  0.755646, -0.937415
  0.755669, -0.977324
  0.755692, -0.982766
  0.755714, -0.942857
  0.755737, -0.902948
  0.755760, -0.863039
  0.755782, -0.823129
  0.755805, -0.783220
  0.755828, -0.743311
  0.755850, -0.703401
  0.755873, -0.663492
  0.755896, -0.623583
  0.755918, -0.583673
  0.755941, -0.543764
  0.755964, -0.503855
  0.755986, -0.463946
  0.756009, -0.424036
  0.756032, -0.384127
  0.756054, -0.344218
  0.756077, -0.304308
  0.756100, -0.264399
  0.756122, -0.224490
  0.756145, -0.184580
  0.756168, -0.144671
  0.756190, -0.104762
  0.756213, -0.064853
  0.756236, -0.024943
  0.756259,  0.014966
  0.756281,  0.054875
  0.756304,  0.094785
  0.756327,  0.134694
  0.756349,  0.174603
  0.756372,  0.214512
  0.756395,  0.254422
  0.756417,  0.294331
  0.756440,  0.334240
  0.756463,  0.374150
  0.756485,  0.414059
  0.756508,  0.453968
  0.756531,  0.493878
  0.756553,  0.533787
  0.756576,  0.573696
  0.756599,  0.613605
  0.756621,  0.653515
  0.756644,  0.693424
  0.756667,  0.733333
  0.756689,  0.773243
  0.756712,  0.813152
  0.756735,  0.853061
  0.756757,  0.892971
  0.756780,  0.932880
  0.756803,  0.972789
  0.756825,  0.987302
  0.756848,  0.947392
  0.756871,  0.907483
  0.756893,  0.867574
  0.756916,  0.827664
  0.756939,  0.787755
  0.756961,  0.747846
  0.756984,  0.707937
  0.757007,  0.668027
  0.757029,  0.628118
  0.757052,  0.588209
  0.757075,  0.548299
  0.757098,  0.508390
  0.757120,  0.468481
  0.757143,  0.428571
  0.757166,  0.388662
  0.757188,  0.348753
  0.757211,  0.308844
  0.757234,  0.268934
  0.757256,  0.229025
  0.757279,  0.189116
  0.757302,  0.149206
  0.757324,  0.109297
  0.757347,  0.069388
  0.757370,  0.029478
  0.757392, -0.010431
  0.757415, -0.050340
  0.757438, -0.090249
  0.757460, -0.130159
  0.757483, -0.170068
  0.757506, -0.209977
  0.757528, -0.249887
  0.757551, -0.289796
  0.757574, -0.329705
  0.757596, -0.369615
  0.757619, -0.409524
  0.757642, -0.449433
  0.757664, -0.489342
  0.757687, -0.529252
  0.757710, -0.569161
  0.757732, -0.609070
  0.757755, -0.648980
  0.757778, -0.688889
  0.757800, -0.728798
  0.757823, -0.768707
  0.757846, -0.808617
  0.757868, -0.848526
  0.757891, -0.888435
  0.757914, -0.928345
  0.757937, -0.968254
  0.757959, -0.991837
  0.757982, -0.951927
  0.758005, -0.912018
  0.758027, -0.872109
  0.758050, -0.832200
  0.758073, -0.792290
  0.758095, -0.752381
  0.758118, -0.712472
  0.758141, -0.672562
  0.758163, -0.632653
  0.758186, -0.592744
  0.758209, -0.552834
  0.758231, -0.512925
  0.758254, -0.473016
  0.758277, -0.433107
  0.758299, -0.393197
  0.758322, -0.353288
  0.758345, -0.313379
  0.758367, -0.273469
  0.758390, -0.233560
  0.758413, -0.193651
  0.758435, -0.153741
  0.758458, -0.113832
  0.758481, -0.073923
  0.758503, -0.034014
  0.758526,  0.005896
  0.758549,  0.045805
  0.758571,  0.085714
  0.758594,  0.125624
  0.758617,  0.165533
  0.758639,  0.205442
  0.758662,  0.245351
  0.758685,  0.285261
  0.758707,  0.325170
  0.758730,  0.365079
  0.758753,  0.404989
  0.758776,  0.444898
  0.758798,  0.484807
  0.758821,  0.524717
  0.758844,  0.564626
  0.758866,  0.604535
  0.758889,  0.644444
  0.758912,  0.684354
  0.758934,  0.724263
  0.758957,  0.764172
  0.758980,  0.804082
  0.759002,  0.843991
  0.759025,  0.883900
  0.759048,  0.923810
  0.759070,  0.963719
  0.759093,  0.996372
  0.759116,  0.956463
  0.759138,  0.916553
  0.759161,  0.876644
  0.759184,  0.836735
  0.759206,  0.796825
  0.759229,  0.756916
  0.759252,  0.717007
  0.759274,  0.677098
  0.759297,  0.637188
  0.759320,  0.597279
  0.759342,  0.557370
  0.759365,  0.517460
  0.759388,  0.477551
  0.759410,  0.437642
  0.759433,  0.397732
  0.759456,  0.357823
  0.759478,  0.317914
  0.759501,  0.278005
  0.759524,  0.238095
  0.759546,  0.198186
  0.759569,  0.158277
  0.759592,  0.118367
  0.759615,  0.078458
  0.759637,  0.038549
  0.759660, -0.001361
  0.759683, -0.041270
  0.759705, -0.081179
  0.759728, -0.121088
  0.759751, -0.160998
  0.759773, -0.200907
  0.759796, -0.240816
  0.759819, -0.280726
  0.759841, -0.320635
  0.759864, -0.360544
  0.759887, -0.400454
  0.759909, -0.440363
  0.759932, -0.480272
  0.759955, -0.520181
  0.759977, -0.560091
  0.760000, -0.600000
  0.760023, -0.639909
  0.760045, -0.679819
  0.760068, -0.719728
  0.760091, -0.759637
  0.760113, -0.799546
  0.760136, -0.839456
  0.760159, -0.879365
  0.760181, -0.919274
  0.760204, -0.959184
  0.760227, -0.999093
  0.760249, -0.960998
  0.760272, -0.921088
  0.760295, -0.881179
  0.760317, -0.841270
  0.760340, -0.801361
  0.760363, -0.761451
  0.760385, -0.721542
  0.760408, -0.681633
  0.760431, -0.641723
  0.760454, -0.601814
  0.760476, -0.561905
  0.760499, -0.521995
  0.760522, -0.482086
  0.760544, -0.442177
  0.760567, -0.402268
  0.760590, -0.362358
  0.760612, -0.322449
  0.760635, -0.282540
  0.760658, -0.242630
  0.760680, -0.202721
  0.760703, -0.162812
  0.760726, -0.122902
  0.760748, -0.082993
  0.760771, -0.043084
  0.760794, -0.003175
  0.760816,  0.036735
  0.760839,  0.076644
  0.760862,  0.116553
  0.760884,  0.156463
  0.760907,  0.196372
  0.760930,  0.236281
  0.760952,  0.276190
  0.760975,  0.316100
  0.760998,  0.356009
  0.761020,  0.395918
  0.761043,  0.435828
  0.761066,  0.475737
  0.761088,  0.515646
  0.761111,  0.555556
  0.761134,  0.595465
  0.761156,  0.635374
  0.761179,  0.675283
  0.761202,  0.715193
  0.761224,  0.755102
  0.761247,  0.795011
  0.761270,  0.834921
  0.761293,  0.874830
  0.761315,  0.914739
  0.761338,  0.954649
  0.761361,  0.994558
  0.761383,  0.965533
  0.761406,  0.925624
  0.761429,  0.885714
  0.761451,  0.845805
  0.761474,  0.805896
  0.761497,  0.765986
  0.761519,  0.726077
  0.761542,  0.686168
  0.761565,  0.646259
  0.761587,  0.606349
  0.761610,  0.566440
  0.761633,  0.526531
  0.761655,  0.486621
  0.761678,  0.446712
  0.761701,  0.406803
  0.761723,  0.366893
  0.761746,  0.326984
  0.761769,  0.287075
  0.761791,  0.247166
  0.761814,  0.207256
  0.761837,  0.167347
  0.761859,  0.127438
  0.761882,  0.087528
  0.761905,  0.047619
  0.761927,  0.007710
  0.761950, -0.032200
  0.761973, -0.072109
  0.761995, -0.112018
  0.762018, -0.151927
  0.762041, -0.191837
  0.762063, -0.231746
  0.762086, -0.271655
  0.762109, -0.311565
  0.762132, -0.351474
  0.762154, -0.391383
  0.762177, -0.431293
  0.762200, -0.471202
  0.762222, -0.511111
  0.762245, -0.551020
  0.762268, -0.590930
  0.762290, -0.630839
  0.762313, -0.670748
  0.762336, -0.710658
  0.762358, -0.750567
  0.762381, -0.790476
  0.762404, -0.830385
  0.762426, -0.870295
  0.762449, -0.910204
  0.762472, -0.950113
  0.762494, -0.990023
  0.762517, -0.970068
  0.762540, -0.930159
  0.762562, -0.890249
  0.762585, -0.850340
  0.762608, -0.810431
  0.762630, -0.770522
  0.762653, -0.730612
  0.762676, -0.690703
  0.762698, -0.650794
  0.762721, -0.610884
  0.762744, -0.570975
  0.762766, -0.531066
  0.762789, -0.491156
  0.762812, -0.451247
  0.762834, -0.411338
  0.762857, -0.371429
  0.762880, -0.331519
  0.762902, -0.291610
  0.762925, -0.251701
  0.762948, -0.211791
  0.762971, -0.171882
  0.762993, -0.131973
  0.763016, -0.092063
  0.763039, -0.052154
  0.763061, -0.012245
  0.763084,  0.027664
  0.763107,  0.067574
  0.763129,  0.107483
  0.763152,  0.147392
  0.763175,  0.187302
  0.763197,  0.227211
  0.763220,  0.267120
  0.763243,  0.307029
  0.763265,  0.346939
  0.763288,  0.386848
  0.763311,  0.426757
  0.763333,  0.466667
  0.763356,  0.506576
  0.763379,  0.546485
  0.763401,  0.586395
  0.763424,  0.626304
  0.763447,  0.666213
  0.763469,  0.706122
  0.763492,  0.746032
  0.763515,  0.785941
  0.763537,  0.825850
  0.763560,  0.865760
  0.763583,  0.905669
  0.763605,  0.945578
  0.763628,  0.985488
  0.763651,  0.974603
  0.763673,  0.934694
  0.763696,  0.894785
  0.763719,  0.854875
  0.763741,  0.814966
  0.763764,  0.775057
  0.763787,  0.735147
  0.763810,  0.695238
  0.763832,  0.655329
  0.763855,  0.615420
  0.763878,  0.575510
  0.763900,  0.535601
  0.763923,  0.495692
  0.763946,  0.455782
  0.763968,  0.415873
  0.763991,  0.375964
  0.764014,  0.336054
  0.764036,  0.296145
  0.764059,  0.256236
  0.764082,  0.216327
  0.764104,  0.176417
  0.764127,  0.136508
  0.764150,  0.096599
  0.764172,  0.056689
  0.764195,  0.016780
  0.764218, -0.023129
  0.764240, -0.063039
  0.764263, -0.102948
  0.764286, -0.142857
  0.764308, -0.182766
  0.764331, -0.222676
  0.764354, -0.262585
  0.764376, -0.302494
  0.764399, -0.342404
  0.764422, -0.382313
  0.764444, -0.422222
  0.764467, -0.462132
  0.764490, -0.502041
  0.764512, -0.541950
  0.764535, -0.581859
  0.764558, -0.621769
  0.764580, -0.661678
  0.764603, -0.701587
  0.764626, -0.741497
  0.764649, -0.781406
  0.764671, -0.821315
  0.764694, -0.861224
  0.764717, -0.901134
  0.764739, -0.941043
  0.764762, -0.980952
  0.764785, -0.979138
  0.764807, -0.939229
  0.764830, -0.899320
  0.764853, -0.859410
  0.764875, -0.819501
  0.764898, -0.779592
  0.764921, -0.739683
  0.764943, -0.699773
  0.764966, -0.659864
  0.764989, -0.619955
  0.765011, -0.580045
  0.765034, -0.540136
  0.765057, -0.500227
  0.765079, -0.460317
  0.765102, -0.420408
  0.765125, -0.380499
  0.765147, -0.340590
  0.765170, -0.300680
  0.765193, -0.260771
  0.765215, -0.220862
  0.765238, -0.180952
  0.765261, -0.141043
  0.765283, -0.101134
  0.765306, -0.061224
  0.765329, -0.021315
  0.765351,  0.018594
  0.765374,  0.058503
  0.765397,  0.098413
  0.765420,  0.138322
  0.765442,  0.178231
  0.765465,  0.218141
  0.765488,  0.258050
  0.765510,  0.297959
  0.765533,  0.337868
  0.765556,  0.377778
  0.765578,  0.417687
  0.765601,  0.457596
  0.765624,  0.497506
  0.765646,  0.537415
  0.765669,  0.577324
  0.765692,  0.617234
  0.765714,  0.657143
  0.765737,  0.697052
  0.765760,  0.736961
  0.765782,  0.776871
  0.765805,  0.816780
  0.765828,  0.856689
  0.765850,  0.896599
  0.765873,  0.936508
  0.765896,  0.976417
  0.765918,  0.983673
  0.765941,  0.943764
  0.765964,  0.903855
  0.765986,  0.863946
  0.766009,  0.824036
  0.766032,  0.784127
  0.766054,  0.744218
  0.766077,  0.704308
  0.766100,  0.664399
  0.766122,  0.624490
  0.766145,  0.584580
  0.766168,  0.544671
  0.766190,  0.504762
  0.766213,  0.464853
  0.766236,  0.424943
  0.766259,  0.385034
  0.766281,  0.345125
  0.766304,  0.305215
  0.766327,  0.265306
  0.766349,  0.225397
  0.766372,  0.185488
  0.766395,  0.145578
  0.766417,  0.105669
  0.766440,  0.065760
  0.766463,  0.025850
  0.766485, -0.014059
  0.766508, -0.053968
  0.766531, -0.093878
  0.766553, -0.133787
  0.766576, -0.173696
  0.766599, -0.213605
  0.766621, -0.253515
  0.766644, -0.293424
  0.766667, -0.333333
  0.766689, -0.373243
  0.766712, -0.413152
  0.766735, -0.453061
  0.766757, -0.492971
  0.766780, -0.532880
  0.766803, -0.572789
  0.766825, -0.612698
  0.766848, -0.652608
  0.766871, -0.692517
  0.766893, -0.732426
  0.766916, -0.772336
  0.766939, -0.812245
  0.766961, -0.852154
  0.766984, -0.892063
  0.767007, -0.931973
  0.767029, -0.971882
  0.767052, -0.988209
  0.767075, -0.948299
  0.767098, -0.908390
  0.767120, -0.868481
  0.767143, -0.828571
  0.767166, -0.788662
  0.767188, -0.748753
  0.767211, -0.708844
  0.767234, -0.668934
  0.767256, -0.629025
  0.767279, -0.589116
  0.767302, -0.549206
  0.767324, -0.509297
  0.767347, -0.469388
  0.767370, -0.429478
  0.767392, -0.389569
  0.767415, -0.349660
  0.767438, -0.309751
  0.767460, -0.269841
  0.767483, -0.229932
  0.767506, -0.190023
  0.767528, -0.150113
  0.767551, -0.110204
  0.767574, -0.070295
  0.767596, -0.030385
  0.767619,  0.009524
  0.767642,  0.049433
  0.767664,  0.089342
  0.767687,  0.129252
  0.767710,  0.169161
  0.767732,  0.209070
  0.767755,  0.248980
  0.767778,  0.288889
  0.767800,  0.328798
  0.767823,  0.368707
  0.767846,  0.408617
  0.767868,  0.448526
  0.767891,  0.488435
  0.767914,  0.528345
  0.767937,  0.568254
  0.767959,  0.608163
  0.767982,  0.648073
  0.768005,  0.687982
  0.768027,  0.727891
  0.768050,  0.767800
  0.768073,  0.807710
  0.768095,  0.847619
  0.768118,  0.887528
  0.768141,  0.927438
  0.768163,  0.967347
  0.768186,  0.992744
  0.768209,  0.952834
  0.768231,  0.912925
  0.768254,  0.873016
  0.768277,  0.833107
  0.768299,  0.793197
  0.768322,  0.753288
  0.768345,  0.713379
  0.768367,  0.673469
  0.768390,  0.633560
  0.768413,  0.593651
  0.768435,  0.553741
  0.768458,  0.513832
  0.768481,  0.473923
  0.768503,  0.434014
  0.768526,  0.394104
  0.768549,  0.354195
  0.768571,  0.314286
  0.768594,  0.274376
  0.768617,  0.234467
  0.768639,  0.194558
  0.768662,  0.154649
  0.768685,  0.114739
  0.768707,  0.074830
  0.768730,  0.034921
  0.768753, -0.004989
  0.768776, -0.044898
  0.768798, -0.084807
  0.768821, -0.124717
  0.768844, -0.164626
  0.768866, -0.204535
  0.768889, -0.244444
  0.768912, -0.284354
  0.768934, -0.324263
  0.768957, -0.364172
  0.768980, -0.404082
  0.769002, -0.443991
  0.769025, -0.483900
  0.769048, -0.523810
  0.769070, -0.563719
  0.769093, -0.603628
  0.769116, -0.643537
  0.769138, -0.683447
  0.769161, -0.723356
  0.769184, -0.763265
  0.769206, -0.803175
  0.769229, -0.843084
  0.769252, -0.882993
  0.769274, -0.922902
  0.769297, -0.962812
  0.769320, -0.997279
  0.769342, -0.957370
  0.769365, -0.917460
  0.769388, -0.877551
  0.769410, -0.837642
  0.769433, -0.797732
  0.769456, -0.757823
  0.769478, -0.717914
  0.769501, -0.678005
  0.769524, -0.638095
  0.769546, -0.598186
  0.769569, -0.558277
  0.769592, -0.518367
  0.769615, -0.478458
  0.769637, -0.438549
  0.769660, -0.398639
  0.769683, -0.358730
  0.769705, -0.318821
  0.769728, -0.278912
  0.769751, -0.239002
  0.769773, -0.199093
  0.769796, -0.159184
  0.769819, -0.119274
  0.769841, -0.079365
  0.769864, -0.039456
  0.769887,  0.000454
  0.769909,  0.040363
  0.769932,  0.080272
  0.769955,  0.120181
  0.769977,  0.160091
  0.770000,  0.200000
  0.770023,  0.239909
  0.770045,  0.279819
  0.770068,  0.319728
  0.770091,  0.359637
  0.770113,  0.399546
  0.770136,  0.439456
  0.770159,  0.479365
  0.770181,  0.519274
  0.770204,  0.559184
  0.770227,  0.599093
  0.770249,  0.639002
  0.770272,  0.678912
  0.770295,  0.718821
  0.770317,  0.758730
  0.770340,  0.798639
  0.770363,  0.838549
  0.770385,  0.878458
  0.770408,  0.918367
  0.770431,  0.958277
  0.770454,  0.998186
  0.770476,  0.961905
  0.770499,  0.921995
  0.770522,  0.882086
  0.770544,  0.842177
  0.770567,  0.802268
  0.770590,  0.762358
  0.770612,  0.722449
  0.770635,  0.682540
  0.770658,  0.642630
  0.770680,  0.602721
  0.770703,  0.562812
  0.770726,  0.522902
  0.770748,  0.482993
  0.770771,  0.443084
  0.770794,  0.403175
  0.770816,  0.363265
  0.770839,  0.323356
  0.770862,  0.283447
  0.770884,  0.243537
  0.770907,  0.203628
  0.770930,  0.163719
  0.770952,  0.123810
  0.770975,  0.083900
  0.770998,  0.043991
  0.771020,  0.004082
  0.771043, -0.035828
  0.771066, -0.075737
  0.771088, -0.115646
  0.771111, -0.155556
  0.771134, -0.195465
  0.771156, -0.235374
  0.771179, -0.275283
  0.771202, -0.315193
  0.771224, -0.355102
  0.771247, -0.395011
  0.771270, -0.434921
  0.771293, -0.474830
  0.771315, -0.514739
  0.771338, -0.554649
  0.771361, -0.594558
  0.771383, -0.634467
  0.771406, -0.674376
  0.771429, -0.714286
  0.771451, -0.754195
  0.771474, -0.794104
  0.771497, -0.834014
  0.771519, -0.873923
  0.771542, -0.913832
  0.771565, -0.953741
  0.771587, -0.993651
  0.771610, -0.966440
  0.771633, -0.926531
  0.771655, -0.886621
  0.771678, -0.846712
  0.771701, -0.806803
  0.771723, -0.766893
  0.771746, -0.726984
  0.771769, -0.687075
  0.771791, -0.647166
  0.771814, -0.607256
  0.771837, -0.567347
  0.771859, -0.527438
  0.771882, -0.487528
  0.771905, -0.447619
  0.771927, -0.407710
  0.771950, -0.367800
  0.771973, -0.327891
  0.771995, -0.287982
  0.772018, -0.248073
  0.772041, -0.208163
  0.772063, -0.168254
  0.772086, -0.128345
  0.772109, -0.088435
  0.772132, -0.048526
  0.772154, -0.008617
  0.772177,  0.031293
  0.772200,  0.071202
  0.772222,  0.111111
  0.772245,  0.151020
  0.772268,  0.190930
  0.772290,  0.230839
  0.772313,  0.270748
  0.772336,  0.310658
  0.772358,  0.350567
  0.772381,  0.390476
  0.772404,  0.430385
  0.772426,  0.470295
  0.772449,  0.510204
  0.772472,  0.550113
  0.772494,  0.590023
  0.772517,  0.629932
  0.772540,  0.669841
  0.772562,  0.709751
  0.772585,  0.749660
  0.772608,  0.789569
  0.772630,  0.829478
  0.772653,  0.869388
  0.772676,  0.909297
  0.772698,  0.949206
  0.772721,  0.989116
  0.772744,  0.970975
  0.772766,  0.931066
  0.772789,  0.891156
  0.772812,  0.851247
  0.772834,  0.811338
  0.772857,  0.771429
  0.772880,  0.731519
  0.772902,  0.691610
  0.772925,  0.651701
  0.772948,  0.611791
  0.772971,  0.571882
  0.772993,  0.531973
  0.773016,  0.492063
  0.773039,  0.452154
  0.773061,  0.412245
  0.773084,  0.372336
  0.773107,  0.332426
  0.773129,  0.292517
  0.773152,  0.252608
  0.773175,  0.212698
  0.773197,  0.172789
  0.773220,  0.132880
  0.773243,  0.092971
  0.773265,  0.053061
  0.773288,  0.013152
  0.773311, -0.026757
  0.773333, -0.066667
  0.773356, -0.106576
  0.773379, -0.146485
  0.773401, -0.186395
  0.773424, -0.226304
  0.773447, -0.266213
  0.773469, -0.306122
  0.773492, -0.346032
  0.773515, -0.385941
  0.773537, -0.425850
  0.773560, -0.465760
  0.773583, -0.505669
  0.773605, -0.545578
  0.773628, -0.585488
  0.773651, -0.625397
  0.773673, -0.665306
  0.773696, -0.705215
  0.773719, -0.745125
  0.773741, -0.785034
  0.773764, -0.824943
  0.773787, -0.864853
  0.773810, -0.904762
  0.773832, -0.944671
  0.773855, -0.984580
  0.773878, -0.975510
  0.773900, -0.935601
  0.773923, -0.895692
  0.773946, -0.855782
  0.773968, -0.815873
  0.773991, -0.775964
  0.774014, -0.736054
  0.774036, -0.696145
  0.774059, -0.656236
  0.774082, -0.616327
  0.774104, -0.576417
  0.774127, -0.536508
  0.774150, -0.496599
  0.774172, -0.456689
  0.774195, -0.416780
  0.774218, -0.376871
  0.774240, -0.336961
  0.774263, -0.297052
  0.774286, -0.257143
  0.774308, -0.217234
  0.774331, -0.177324
  0.774354, -0.137415
  0.774376, -0.097506
  0.774399, -0.057596
  0.774422, -0.017687
  0.774444,  0.022222
  0.774467,  0.062132
  0.774490,  0.102041
  0.774512,  0.141950
  0.774535,  0.181859
  0.774558,  0.221769
  0.774580,  0.261678
  0.774603,  0.301587
  0.774626,  0.341497
  0.774649,  0.381406
  0.774671,  0.421315
  0.774694,  0.461224
  0.774717,  0.501134
  0.774739,  0.541043
  0.774762,  0.580952
  0.774785,  0.620862
  0.774807,  0.660771
  0.774830,  0.700680
  0.774853,  0.740590
  0.774875,  0.780499
  0.774898,  0.820408
  0.774921,  0.860317
  0.774943,  0.900227
  0.774966,  0.940136
  0.774989,  0.980045
  0.775011,  0.980045
  0.775034,  0.940136
  0.775057,  0.900227
  0.775079,  0.860317
  0.775102,  0.820408
  0.775125,  0.780499
  0.775147,  0.740590
  0.775170,  0.700680
  0.775193,  0.660771
  0.775215,  0.620862
  0.775238,  0.580952
  0.775261,  0.541043
  0.775283,  0.501134
  0.775306,  0.461224
  0.775329,  0.421315
  0.775351,  0.381406
  0.775374,  0.341497
  0.775397,  0.301587
  0.775420,  0.261678
  0.775442,  0.221769
  0.775465,  0.181859
  0.775488,  0.141950
  0.775510,  0.102041
  0.775533,  0.062132
  0.775556,  0.022222
  0.775578, -0.017687
  0.775601, -0.057596
  0.775624, -0.097506
  0.775646, -0.137415
  0.775669, -0.177324
  0.775692, -0.217234
  0.775714, -0.257143
  0.775737, -0.297052
  0.775760, -0.336961
  0.775782, -0.376871
  0.775805, -0.416780
  0.775828, -0.456689
  0.775850, -0.496599
  0.775873, -0.536508
  0.775896, -0.576417
  0.775918, -0.616327
  0.775941, -0.656236
  0.775964, -0.696145
  0.775986, -0.736054
  0.776009, -0.775964
  0.776032, -0.815873
  0.776054, -0.855782
  0.776077, -0.895692
  0.776100, -0.935601
  0.776122, -0.975510
  0.776145, -0.984580
  0.776168, -0.944671
  0.776190, -0.904762
  0.776213, -0.864853
  0.776236, -0.824943
  0.776259, -0.785034
  0.776281, -0.745125
  0.776304, -0.705215
  0.776327, -0.665306
  0.776349, -0.625397
  0.776372, -0.585488
  0.776395, -0.545578
  0.776417, -0.505669
  0.776440, -0.465760
  0.776463, -0.425850
  0.776485, -0.385941
  0.776508, -0.346032
  0.776531, -0.306122
  0.776553, -0.266213
  0.776576, -0.226304
  0.776599, -0.186395
  0.776621, -0.146485
  0.776644, -0.106576
  0.776667, -0.066667
  0.776689, -0.026757
  0.776712,  0.013152
  0.776735,  0.053061
  0.776757,  0.092971
  0.776780,  0.132880
  0.776803,  0.172789
  0.776825,  0.212698
  0.776848,  0.252608
  0.776871,  0.292517
  0.776893,  0.332426
  0.776916,  0.372336
  0.776939,  0.412245
  0.776961,  0.452154
  0.776984,  0.492063
  0.777007,  0.531973
  0.777029,  0.571882
  0.777052,  0.611791
  0.777075,  0.651701
  0.777098,  0.691610
  0.777120,  0.731519
  0.777143,  0.771429
  0.777166,  0.811338
  0.777188,  0.851247
  0.777211,  0.891156
  0.777234,  0.931066
  0.777256,  0.970975
  0.777279,  0.989116
  0.777302,  0.949206
  0.777324,  0.909297
  0.777347,  0.869388
  0.777370,  0.829478
  0.777392,  0.789569
  0.777415,  0.749660
  0.777438,  0.709751
  0.777460,  0.669841
  0.777483,  0.629932
  0.777506,  0.590023
  0.777528,  0.550113
  0.777551,  0.510204
  0.777574,  0.470295
  0.777596,  0.430385
  0.777619,  0.390476
  0.777642,  0.350567
  0.777664,  0.310658
  0.777687,  0.270748
  0.777710,  0.230839
  0.777732,  0.190930
  0.777755,  0.151020
  0.777778,  0.111111
  0.777800,  0.071202
  0.777823,  0.031293
  0.777846, -0.008617
  0.777868, -0.048526
  0.777891, -0.088435
  0.777914, -0.128345
  0.777937, -0.168254
  0.777959, -0.208163
  0.777982, -0.248073
  0.778005, -0.287982
  0.778027, -0.327891
  0.778050, -0.367800
  0.778073, -0.407710
  0.778095, -0.447619
  0.778118, -0.487528
  0.778141, -0.527438
  0.778163, -0.567347
  0.778186, -0.607256
  0.778209, -0.647166
  0.778231, -0.687075
  0.778254, -0.726984
  0.778277, -0.766893
  0.778299, -0.806803
  0.778322, -0.846712
  0.778345, -0.886621
  0.778367, -0.926531
  0.778390, -0.966440
  0.778413, -0.993651
  0.778435, -0.953741
  0.778458, -0.913832
  0.778481, -0.873923
  0.778503, -0.834014
  0.778526, -0.794104
  0.778549, -0.754195
  0.778571, -0.714286
  0.778594, -0.674376
  0.778617, -0.634467
  0.778639, -0.594558
  0.778662, -0.554649
  0.778685, -0.514739
  0.778707, -0.474830
  0.778730, -0.434921
  0.778753, -0.395011
  0.778776, -0.355102
  0.778798, -0.315193
  0.778821, -0.275283
  0.778844, -0.235374
  0.778866, -0.195465
  0.778889, -0.155556
  0.778912, -0.115646
  0.778934, -0.075737
  0.778957, -0.035828
  0.778980,  0.004082
  0.779002,  0.043991
  0.779025,  0.083900
  0.779048,  0.123810
  0.779070,  0.163719
  0.779093,  0.203628
  0.779116,  0.243537
  0.779138,  0.283447
  0.779161,  0.323356
  0.779184,  0.363265
  0.779206,  0.403175
  0.779229,  0.443084
  0.779252,  0.482993
  0.779274,  0.522902
  0.779297,  0.562812
  0.779320,  0.602721
  0.779342,  0.642630
  0.779365,  0.682540
  0.779388,  0.722449
  0.779410,  0.762358
  0.779433,  0.802268
  0.779456,  0.842177
  0.779478,  0.882086
  0.779501,  0.921995
  0.779524,  0.961905
  0.779546,  0.998186
  0.779569,  0.958277
  0.779592,  0.918367
  0.779615,  0.878458
  0.779637,  0.838549
  0.779660,  0.798639
  0.779683,  0.758730
  0.779705,  0.718821
  0.779728,  0.678912
  0.779751,  0.639002
  0.779773,  0.599093
  0.779796,  0.559184
  0.779819,  0.519274
  0.779841,  0.479365
  0.779864,  0.439456
  0.779887,  0.399546
  0.779909,  0.359637
  0.779932,  0.319728
  0.779955,  0.279819
  0.779977,  0.239909
  0.780000,  0.200000
  0.780023,  0.160091
  0.780045,  0.120181
  0.780068,  0.080272
  0.780091,  0.040363
  0.780113,  0.000454
  0.780136, -0.039456
  0.780159, -0.079365
  0.780181, -0.119274
  0.780204, -0.159184
  0.780227, -0.199093
  0.780249, -0.239002
  0.780272, -0.278912
  0.780295, -0.318821
  0.780317, -0.358730
  0.780340, -0.398639
  0.780363, -0.438549
  0.780385, -0.478458
  0.780408, -0.518367
  0.780431, -0.558277
  0.780454, -0.598186
  0.780476, -0.638095
  0.780499, -0.678005
  0.780522, -0.717914
  0.780544, -0.757823
  0.780567, -0.797732
  0.780590, -0.837642
  0.780612, -0.877551
  0.780635, -0.917460
  0.780658, -0.957370
  0.780680, -0.997279
  0.780703, -0.962812
  0.780726, -0.922902
  0.780748, -0.882993
  0.780771, -0.843084
  0.780794, -0.803175
  0.780816, -0.763265
  0.780839, -0.723356
  0.780862, -0.683447
  0.780884, -0.643537
  0.780907, -0.603628
  0.780930, -0.563719
  0.780952, -0.523810
  0.780975, -0.483900
  0.780998, -0.443991
  0.781020, -0.404082
  0.781043, -0.364172
  0.781066, -0.324263
  0.781088, -0.284354
  0.781111, -0.244444
  0.781134, -0.204535
  0.781156, -0.164626
  0.781179, -0.124717
  0.781202, -0.084807
  0.781224, -0.044898
  0.781247, -0.004989
  0.781270,  0.034921
  0.781293,  0.074830
  0.781315,  0.114739
  0.781338,  0.154649
  0.781361,  0.194558
  0.781383,  0.234467
  0.781406,  0.274376
  0.781429,  0.314286
  0.781451,  0.354195
  0.781474,  0.394104
  0.781497,  0.434014
  0.781519,  0.473923
  0.781542,  0.513832
  0.781565,  0.553741
  0.781587,  0.593651
  0.781610,  0.633560
  0.781633,  0.673469
  0.781655,  0.713379
  0.781678,  0.753288
  0.781701,  0.793197
  0.781723,  0.833107
  0.781746,  0.873016
  0.781769,  0.912925
  0.781791,  0.952834
  0.781814,  0.992744
  0.781837,  0.967347
  0.781859,  0.927438
  0.781882,  0.887528
  0.781905,  0.847619
  0.781927,  0.807710
  0.781950,  0.767800
  0.781973,  0.727891
  0.781995,  0.687982
  0.782018,  0.648073
  0.782041,  0.608163
  0.782063,  0.568254
  0.782086,  0.528345
  0.782109,  0.488435
  0.782132,  0.448526
  0.782154,  0.408617
  0.782177,  0.368707
  0.782200,  0.328798
  0.782222,  0.288889
  0.782245,  0.248980
  0.782268,  0.209070
  0.782290,  0.169161
  0.782313,  0.129252
  0.782336,  0.089342
  0.782358,  0.049433
  0.782381,  0.009524
  0.782404, -0.030385
  0.782426, -0.070295
  0.782449, -0.110204
  0.782472, -0.150113
  0.782494, -0.190023
  0.782517, -0.229932
  0.782540, -0.269841
  0.782562, -0.309751
  0.782585, -0.349660
  0.782608, -0.389569
  0.782630, -0.429478
  0.782653, -0.469388
  0.782676, -0.509297
  0.782698, -0.549206
  0.782721, -0.589116
  0.782744, -0.629025
  0.782766, -0.668934
  0.782789, -0.708844
  0.782812, -0.748753
  0.782834, -0.788662
  0.782857, -0.828571
  0.782880, -0.868481
  0.782902, -0.908390
  0.782925, -0.948299
  0.782948, -0.988209
  0.782971, -0.971882
  0.782993, -0.931973
  0.783016, -0.892063
  0.783039, -0.852154
  0.783061, -0.812245
  0.783084, -0.772336
  0.783107, -0.732426
  0.783129, -0.692517
  0.783152, -0.652608
  0.783175, -0.612698
  0.783197, -0.572789
  0.783220, -0.532880
  0.783243, -0.492971
  0.783265, -0.453061
  0.783288, -0.413152
  0.783311, -0.373243
  0.783333, -0.333333
  0.783356, -0.293424
  0.783379, -0.253515
  0.783401, -0.213605
  0.783424, -0.173696
  0.783447, -0.133787
  0.783469, -0.093878
  0.783492, -0.053968
  0.783515, -0.014059
  0.783537,  0.025850
  0.783560,  0.065760
  0.783583,  0.105669
  0.783605,  0.145578
  0.783628,  0.185488
  0.783651,  0.225397
  0.783673,  0.265306
  0.783696,  0.305215
  0.783719,  0.345125
  0.783741,  0.385034
  0.783764,  0.424943
  0.783787,  0.464853
  0.783810,  0.504762
  0.783832,  0.544671
  0.783855,  0.584580
  0.783878,  0.624490
  0.783900,  0.664399
  0.783923,  0.704308
  0.783946,  0.744218
  0.783968,  0.784127
  0.783991,  0.824036
  0.784014,  0.863946
  0.784036,  0.903855
  0.784059,  0.943764
  0.784082,  0.983673
  0.784104,  0.976417
  0.784127,  0.936508
  0.784150,  0.896599
  0.784172,  0.856689
  0.784195,  0.816780
  0.784218,  0.776871
  0.784240,  0.736961
  0.784263,  0.697052
  0.784286,  0.657143
  0.784308,  0.617234
  0.784331,  0.577324
  0.784354,  0.537415
  0.784376,  0.497506
  0.784399,  0.457596
  0.784422,  0.417687
  0.784444,  0.377778
  0.784467,  0.337868
  0.784490,  0.297959
  0.784512,  0.258050
  0.784535,  0.218141
  0.784558,  0.178231
  0.784580,  0.138322
  0.784603,  0.098413
  0.784626,  0.058503
  0.784649,  0.018594
  0.784671, -0.021315
  0.784694, -0.061224
  0.784717, -0.101134
  0.784739, -0.141043
  0.784762, -0.180952
  0.784785, -0.220862
  0.784807, -0.260771
  0.784830, -0.300680
  0.784853, -0.340590
  0.784875, -0.380499
  0.784898, -0.420408
  0.784921, -0.460317
  0.784943, -0.500227
  0.784966, -0.540136
  0.784989, -0.580045
  0.785011, -0.619955
  0.785034, -0.659864
  0.785057, -0.699773
  0.785079, -0.739683
  0.785102, -0.779592
  0.785125, -0.819501
  0.785147, -0.859410
  0.785170, -0.899320
  0.785193, -0.939229
  0.785215, -0.979138
  0.785238, -0.980952
  0.785261, -0.941043
  0.785283, -0.901134
  0.785306, -0.861224
  0.785329, -0.821315
  0.785351, -0.781406
  0.785374, -0.741497
  0.785397, -0.701587
  0.785420, -0.661678
  0.785442, -0.621769
  0.785465, -0.581859
  0.785488, -0.541950
  0.785510, -0.502041
  0.785533, -0.462132
  0.785556, -0.422222
  0.785578, -0.382313
  0.785601, -0.342404
  0.785624, -0.302494
  0.785646, -0.262585
  0.785669, -0.222676
  0.785692, -0.182766
  0.785714, -0.142857
  0.785737, -0.102948
  0.785760, -0.063039
  0.785782, -0.023129
  0.785805,  0.016780
  0.785828,  0.056689
  0.785850,  0.096599
  0.785873,  0.136508
  0.785896,  0.176417
  0.785918,  0.216327
  0.785941,  0.256236
  0.785964,  0.296145
  0.785986,  0.336054
  0.786009,  0.375964
  0.786032,  0.415873
  0.786054,  0.455782
  0.786077,  0.495692
  0.786100,  0.535601
  0.786122,  0.575510
  0.786145,  0.615420
  0.786168,  0.655329
  0.786190,  0.695238
  0.786213,  0.735147
  0.786236,  0.775057
  0.786259,  0.814966
  0.786281,  0.854875
  0.786304,  0.894785
  0.786327,  0.934694
  0.786349,  0.974603
  0.786372,  0.985488
  0.786395,  0.945578
  0.786417,  0.905669
  0.786440,  0.865760
  0.786463,  0.825850
  0.786485,  0.785941
  0.786508,  0.746032
  0.786531,  0.706122
  0.786553,  0.666213
  0.786576,  0.626304
  0.786599,  0.586395
  0.786621,  0.546485
  0.786644,  0.506576
  0.786667,  0.466667
  0.786689,  0.426757
  0.786712,  0.386848
  0.786735,  0.346939
  0.786757,  0.307029
  0.786780,  0.267120
  0.786803,  0.227211
  0.786825,  0.187302
  0.786848,  0.147392
  0.786871,  0.107483
  0.786893,  0.067574
  0.786916,  0.027664
  0.786939, -0.012245
  0.786961, -0.052154
  0.786984, -0.092063
  0.787007, -0.131973
  0.787029, -0.171882
  0.787052, -0.211791
  0.787075, -0.251701
  0.787098, -0.291610
  0.787120, -0.331519
  0.787143, -0.371429
  0.787166, -0.411338
  0.787188, -0.451247
  0.787211, -0.491156
  0.787234, -0.531066
  0.787256, -0.570975
  0.787279, -0.610884
  0.787302, -0.650794
  0.787324, -0.690703
  0.787347, -0.730612
  0.787370, -0.770522
  0.787392, -0.810431
  0.787415, -0.850340
  0.787438, -0.890249
  0.787460, -0.930159
  0.787483, -0.970068
  0.787506, -0.990023
  0.787528, -0.950113
  0.787551, -0.910204
  0.787574, -0.870295
  0.787596, -0.830385
  0.787619, -0.790476
  0.787642, -0.750567
  0.787664, -0.710658
  0.787687, -0.670748
  0.787710, -0.630839
  0.787732, -0.590930
  0.787755, -0.551020
  0.787778, -0.511111
  0.787800, -0.471202
  0.787823, -0.431293
  0.787846, -0.391383
  0.787868, -0.351474
  0.787891, -0.311565
  0.787914, -0.271655
  0.787937, -0.231746
  0.787959, -0.191837
  0.787982, -0.151927
  0.788005, -0.112018
  0.788027, -0.072109
  0.788050, -0.032200
  0.788073,  0.007710
  0.788095,  0.047619
  0.788118,  0.087528
  0.788141,  0.127438
  0.788163,  0.167347
  0.788186,  0.207256
  0.788209,  0.247166
  0.788231,  0.287075
  0.788254,  0.326984
  0.788277,  0.366893
  0.788299,  0.406803
  0.788322,  0.446712
  0.788345,  0.486621
  0.788367,  0.526531
  0.788390,  0.566440
  0.788413,  0.606349
  0.788435,  0.646259
  0.788458,  0.686168
  0.788481,  0.726077
  0.788503,  0.765986
  0.788526,  0.805896
  0.788549,  0.845805
  0.788571,  0.885714
  0.788594,  0.925624
  0.788617,  0.965533
  0.788639,  0.994558
  0.788662,  0.954649
  0.788685,  0.914739
  0.788707,  0.874830
  0.788730,  0.834921
  0.788753,  0.795011
  0.788776,  0.755102
  0.788798,  0.715193
  0.788821,  0.675283
  0.788844,  0.635374
  0.788866,  0.595465
  0.788889,  0.555556
  0.788912,  0.515646
  0.788934,  0.475737
  0.788957,  0.435828
  0.788980,  0.395918
  0.789002,  0.356009
  0.789025,  0.316100
  0.789048,  0.276190
  0.789070,  0.236281
  0.789093,  0.196372
  0.789116,  0.156463
  0.789138,  0.116553
  0.789161,  0.076644
  0.789184,  0.036735
  0.789206, -0.003175
  0.789229, -0.043084
  0.789252, -0.082993
  0.789274, -0.122902
  0.789297, -0.162812
  0.789320, -0.202721
  0.789342, -0.242630
  0.789365, -0.282540
  0.789388, -0.322449
  0.789410, -0.362358
  0.789433, -0.402268
  0.789456, -0.442177
  0.789478, -0.482086
  0.789501, -0.521995
  0.789524, -0.561905
  0.789546, -0.601814
  0.789569, -0.641723
  0.789592, -0.681633
  0.789615, -0.721542
  0.789637, -0.761451
  0.789660, -0.801361
  0.789683, -0.841270
  0.789705, -0.881179
  0.789728, -0.921088
  0.789751, -0.960998
  0.789773, -0.999093
  0.789796, -0.959184
  0.789819, -0.919274
  0.789841, -0.879365
  0.789864, -0.839456
  0.789887, -0.799546
  0.789909, -0.759637
  0.789932, -0.719728
  0.789955, -0.679819
  0.789977, -0.639909
  0.790000, -0.600000
  0.790023, -0.560091
  0.790045, -0.520181
  0.790068, -0.480272
  0.790091, -0.440363
  0.790113, -0.400454
  0.790136, -0.360544
  0.790159, -0.320635
  0.790181, -0.280726
  0.790204, -0.240816
  0.790227, -0.200907
  0.790249, -0.160998
  0.790272, -0.121088
  0.790295, -0.081179
  0.790317, -0.041270
  0.790340, -0.001361
  0.790363,  0.038549
  0.790385,  0.078458
  0.790408,  0.118367
  0.790431,  0.158277
  0.790454,  0.198186
  0.790476,  0.238095
  0.790499,  0.278005
  0.790522,  0.317914
  0.790544,  0.357823
  0.790567,  0.397732
  0.790590,  0.437642
  0.790612,  0.477551
  0.790635,  0.517460
  0.790658,  0.557370
  0.790680,  0.597279
  0.790703,  0.637188
  0.790726,  0.677098
  0.790748,  0.717007
  0.790771,  0.756916
  0.790794,  0.796825
  0.790816,  0.836735
  0.790839,  0.876644
  0.790862,  0.916553
  0.790884,  0.956463
  0.790907,  0.996372
  0.790930,  0.963719
  0.790952,  0.923810
  0.790975,  0.883900
  0.790998,  0.843991
  0.791020,  0.804082
  0.791043,  0.764172
  0.791066,  0.724263
  0.791088,  0.684354
  0.791111,  0.644444
  0.791134,  0.604535
  0.791156,  0.564626
  0.791179,  0.524717
  0.791202,  0.484807
  0.791224,  0.444898
  0.791247,  0.404989
  0.791270,  0.365079
  0.791293,  0.325170
  0.791315,  0.285261
  0.791338,  0.245351
  0.791361,  0.205442
  0.791383,  0.165533
  0.791406,  0.125624
  0.791429,  0.085714
  0.791451,  0.045805
  0.791474,  0.005896
  0.791497, -0.034014
  0.791519, -0.073923
  0.791542, -0.113832
  0.791565, -0.153741
  0.791587, -0.193651
  0.791610, -0.233560
  0.791633, -0.273469
  0.791655, -0.313379
  0.791678, -0.353288
  0.791701, -0.393197
  0.791723, -0.433107
  0.791746, -0.473016
  0.791769, -0.512925
  0.791791, -0.552834
  0.791814, -0.592744
  0.791837, -0.632653
  0.791859, -0.672562
  0.791882, -0.712472
  0.791905, -0.752381
  0.791927, -0.792290
  0.791950, -0.832200
  0.791973, -0.872109
  0.791995, -0.912018
  0.792018, -0.951927
  0.792041, -0.991837
  0.792063, -0.968254
  0.792086, -0.928345
  0.792109, -0.888435
  0.792132, -0.848526
  0.792154, -0.808617
  0.792177, -0.768707
  0.792200, -0.728798
  0.792222, -0.688889
  0.792245, -0.648980
  0.792268, -0.609070
  0.792290, -0.569161
  0.792313, -0.529252
  0.792336, -0.489342
  0.792358, -0.449433
  0.792381, -0.409524
  0.792404, -0.369615
  0.792426, -0.329705
  0.792449, -0.289796
  0.792472, -0.249887
  0.792494, -0.209977
  0.792517, -0.170068
  0.792540, -0.130159
  0.792562, -0.090249
  0.792585, -0.050340
  0.792608, -0.010431
  0.792630,  0.029478
  0.792653,  0.069388
  0.792676,  0.109297
  0.792698,  0.149206
  0.792721,  0.189116
  0.792744,  0.229025
  0.792766,  0.268934
  0.792789,  0.308844
  0.792812,  0.348753
  0.792834,  0.388662
  0.792857,  0.428571
  0.792880,  0.468481
  0.792902,  0.508390
  0.792925,  0.548299
  0.792948,  0.588209
  0.792971,  0.628118
  0.792993,  0.668027
  0.793016,  0.707937
  0.793039,  0.747846
  0.793061,  0.787755
  0.793084,  0.827664
  0.793107,  0.867574
  0.793129,  0.907483
  0.793152,  0.947392
  0.793175,  0.987302
  0.793197,  0.972789
  0.793220,  0.932880
  0.793243,  0.892971
  0.793265,  0.853061
  0.793288,  0.813152
  0.793311,  0.773243
  0.793333,  0.733333
  0.793356,  0.693424
  0.793379,  0.653515
  0.793401,  0.613605
  0.793424,  0.573696
  0.793447,  0.533787
  0.793469,  0.493878
  0.793492,  0.453968
  0.793515,  0.414059
  0.793537,  0.374150
  0.793560,  0.334240
  0.793583,  0.294331
  0.793605,  0.254422
  0.793628,  0.214512
  0.793651,  0.174603
  0.793673,  0.134694
  0.793696,  0.094785
  0.793719,  0.054875
  0.793741,  0.014966
  0.793764, -0.024943
  0.793787, -0.064853
  0.793810, -0.104762
  0.793832, -0.144671
  0.793855, -0.184580
  0.793878, -0.224490
  0.793900, -0.264399
  0.793923, -0.304308
  0.793946, -0.344218
  0.793968, -0.384127
  0.793991, -0.424036
  0.794014, -0.463946
  0.794036, -0.503855
  0.794059, -0.543764
  0.794082, -0.583673
  0.794104, -0.623583
  0.794127, -0.663492
  0.794150, -0.703401
  0.794172, -0.743311
  0.794195, -0.783220
  0.794218, -0.823129
  0.794240, -0.863039
  0.794263, -0.902948
  0.794286, -0.942857
  0.794308, -0.982766
  0.794331, -0.977324
  0.794354, -0.937415
  0.794376, -0.897506
  0.794399, -0.857596
  0.794422, -0.817687
  0.794444, -0.777778
  0.794467, -0.737868
  0.794490, -0.697959
  0.794512, -0.658050
  0.794535, -0.618141
  0.794558, -0.578231
  0.794580, -0.538322
  0.794603, -0.498413
  0.794626, -0.458503
  0.794649, -0.418594
  0.794671, -0.378685
  0.794694, -0.338776
  0.794717, -0.298866
  0.794739, -0.258957
  0.794762, -0.219048
  0.794785, -0.179138
  0.794807, -0.139229
  0.794830, -0.099320
  0.794853, -0.059410
  0.794875, -0.019501
  0.794898,  0.020408
  0.794921,  0.060317
  0.794943,  0.100227
  0.794966,  0.140136
  0.794989,  0.180045
  0.795011,  0.219955
  0.795034,  0.259864
  0.795057,  0.299773
  0.795079,  0.339683
  0.795102,  0.379592
  0.795125,  0.419501
  0.795147,  0.459410
  0.795170,  0.499320
  0.795193,  0.539229
  0.795215,  0.579138
  0.795238,  0.619048
  0.795261,  0.658957
  0.795283,  0.698866
  0.795306,  0.738776
  0.795329,  0.778685
  0.795351,  0.818594
  0.795374,  0.858503
  0.795397,  0.898413
  0.795420,  0.938322
  0.795442,  0.978231
  0.795465,  0.981859
  0.795488,  0.941950
  0.795510,  0.902041
  0.795533,  0.862132
  0.795556,  0.822222
  0.795578,  0.782313
  0.795601,  0.742404
  0.795624,  0.702494
  0.795646,  0.662585
  0.795669,  0.622676
  0.795692,  0.582766
  0.795714,  0.542857
  0.795737,  0.502948
  0.795760,  0.463039
  0.795782,  0.423129
  0.795805,  0.383220
  0.795828,  0.343311
  0.795850,  0.303401
  0.795873,  0.263492
  0.795896,  0.223583
  0.795918,  0.183673
  0.795941,  0.143764
  0.795964,  0.103855
  0.795986,  0.063946
  0.796009,  0.024036
  0.796032, -0.015873
  0.796054, -0.055782
  0.796077, -0.095692
  0.796100, -0.135601
  0.796122, -0.175510
  0.796145, -0.215420
  0.796168, -0.255329
  0.796190, -0.295238
  0.796213, -0.335147
  0.796236, -0.375057
  0.796259, -0.414966
  0.796281, -0.454875
  0.796304, -0.494785
  0.796327, -0.534694
  0.796349, -0.574603
  0.796372, -0.614512
  0.796395, -0.654422
  0.796417, -0.694331
  0.796440, -0.734240
  0.796463, -0.774150
  0.796485, -0.814059
  0.796508, -0.853968
  0.796531, -0.893878
  0.796553, -0.933787
  0.796576, -0.973696
  0.796599, -0.986395
  0.796621, -0.946485
  0.796644, -0.906576
  0.796667, -0.866667
  0.796689, -0.826757
  0.796712, -0.786848
  0.796735, -0.746939
  0.796757, -0.707029
  0.796780, -0.667120
  0.796803, -0.627211
  0.796825, -0.587302
  0.796848, -0.547392
  0.796871, -0.507483
  0.796893, -0.467574
  0.796916, -0.427664
  0.796939, -0.387755
  0.796961, -0.347846
  0.796984, -0.307937
  0.797007, -0.268027
  0.797029, -0.228118
  0.797052, -0.188209
  0.797075, -0.148299
  0.797098, -0.108390
  0.797120, -0.068481
  0.797143, -0.028571
  0.797166,  0.011338
  0.797188,  0.051247
  0.797211,  0.091156
  0.797234,  0.131066
  0.797256,  0.170975
  0.797279,  0.210884
  0.797302,  0.250794
  0.797324,  0.290703
  0.797347,  0.330612
  0.797370,  0.370522
  0.797392,  0.410431
  0.797415,  0.450340
  0.797438,  0.490249
  0.797460,  0.530159
  0.797483,  0.570068
  0.797506,  0.609977
  0.797528,  0.649887
  0.797551,  0.689796
  0.797574,  0.729705
  0.797596,  0.769615
  0.797619,  0.809524
  0.797642,  0.849433
  0.797664,  0.889342
  0.797687,  0.929252
  0.797710,  0.969161
  0.797732,  0.990930
  0.797755,  0.951020
  0.797778,  0.911111
  0.797800,  0.871202
  0.797823,  0.831293
  0.797846,  0.791383
  0.797868,  0.751474
  0.797891,  0.711565
  0.797914,  0.671655
  0.797937,  0.631746
  0.797959,  0.591837
  0.797982,  0.551927
  0.798005,  0.512018
  0.798027,  0.472109
  0.798050,  0.432200
  0.798073,  0.392290
  0.798095,  0.352381
  0.798118,  0.312472
  0.798141,  0.272562
  0.798163,  0.232653
  0.798186,  0.192744
  0.798209,  0.152834
  0.798231,  0.112925
  0.798254,  0.073016
  0.798277,  0.033107
  0.798299, -0.006803
  0.798322, -0.046712
  0.798345, -0.086621
  0.798367, -0.126531
  0.798390, -0.166440
  0.798413, -0.206349
  0.798435, -0.246259
  0.798458, -0.286168
  0.798481, -0.326077
  0.798503, -0.365986
  0.798526, -0.405896
  0.798549, -0.445805
  0.798571, -0.485714
  0.798594, -0.525624
  0.798617, -0.565533
  0.798639, -0.605442
  0.798662, -0.645351
  0.798685, -0.685261
  0.798707, -0.725170
  0.798730, -0.765079
  0.798753, -0.804989
  0.798776, -0.844898
  0.798798, -0.884807
  0.798821, -0.924717
  0.798844, -0.964626
  0.798866, -0.995465
  0.798889, -0.955556
  0.798912, -0.915646
  0.798934, -0.875737
  0.798957, -0.835828
  0.798980, -0.795918
  0.799002, -0.756009
  0.799025, -0.716100
  0.799048, -0.676190
  0.799070, -0.636281
  0.799093, -0.596372
  0.799116, -0.556463
  0.799138, -0.516553
  0.799161, -0.476644
  0.799184, -0.436735
  0.799206, -0.396825
  0.799229, -0.356916
  0.799252, -0.317007
  0.799274, -0.277098
  0.799297, -0.237188
  0.799320, -0.197279
  0.799342, -0.157370
  0.799365, -0.117460
  0.799388, -0.077551
  0.799410, -0.037642
  0.799433,  0.002268
  0.799456,  0.042177
  0.799478,  0.082086
  0.799501,  0.121995
  0.799524,  0.161905
  0.799546,  0.201814
  0.799569,  0.241723
  0.799592,  0.281633
  0.799615,  0.321542
  0.799637,  0.361451
  0.799660,  0.401361
  0.799683,  0.441270
  0.799705,  0.481179
  0.799728,  0.521088
  0.799751,  0.560998
  0.799773,  0.600907
  0.799796,  0.640816
  0.799819,  0.680726
  0.799841,  0.720635
  0.799864,  0.760544
  0.799887,  0.800454
  0.799909,  0.840363
  0.799932,  0.880272
  0.799955,  0.920181
  0.799977,  0.960091
  0.800000,  1.000000
  0.800023,  0.960091
  0.800045,  0.920181
  0.800068,  0.880272
  0.800091,  0.840363
  0.800113,  0.800454
  0.800136,  0.760544
  0.800159,  0.720635
  0.800181,  0.680726
  0.800204,  0.640816
  0.800227,  0.600907
  0.800249,  0.560998
  0.800272,  0.521088
  0.800295,  0.481179
  0.800317,  0.441270
  0.800340,  0.401361
  0.800363,  0.361451
  0.800385,  0.321542
  0.800408,  0.281633
  0.800431,  0.241723
  0.800454,  0.201814
  0.800476,  0.161905
  0.800499,  0.121995
  0.800522,  0.082086
  0.800544,  0.042177
  0.800567,  0.002268
  0.800590, -0.037642
  0.800612, -0.077551
  0.800635, -0.117460
  0.800658, -0.157370
  0.800680, -0.197279
  0.800703, -0.237188
  0.800726, -0.277098
  0.800748, -0.317007
  0.800771, -0.356916
  0.800794, -0.396825
  0.800816, -0.436735
  0.800839, -0.476644
  0.800862, -0.516553
  0.800884, -0.556463
  0.800907, -0.596372
  0.800930, -0.636281
  0.800952, -0.676190
  0.800975, -0.716100
  0.800998, -0.756009
  0.801020, -0.795918
  0.801043, -0.835828
  0.801066, -0.875737
  0.801088, -0.915646
  0.801111, -0.955556
  0.801134, -0.995465
  0.801156, -0.964626
  0.801179, -0.924717
  0.801202, -0.884807
  0.801224, -0.844898
  0.801247, -0.804989
  0.801270, -0.765079
  0.801293, -0.725170
  0.801315, -0.685261
  0.801338, -0.645351
  0.801361, -0.605442
  0.801383, -0.565533
  0.801406, -0.525624
  0.801429, -0.485714
  0.801451, -0.445805
  0.801474, -0.405896
  0.801497, -0.365986
  0.801519, -0.326077
  0.801542, -0.286168
  0.801565, -0.246259
  0.801587, -0.206349
  0.801610, -0.166440
  0.801633, -0.126531
  0.801655, -0.086621
  0.801678, -0.046712
  0.801701, -0.006803
  0.801723,  0.033107
  0.801746,  0.073016
  0.801769,  0.112925
  0.801791,  0.152834
  0.801814,  0.192744
  0.801837,  0.232653
  0.801859,  0.272562
  0.801882,  0.312472
  0.801905,  0.352381
  0.801927,  0.392290
  0.801950,  0.432200
  0.801973,  0.472109
  0.801995,  0.512018
  0.802018,  0.551927
  0.802041,  0.591837
  0.802063,  0.631746
  0.802086,  0.671655
  0.802109,  0.711565
  0.802132,  0.751474
  0.802154,  0.791383
  0.802177,  0.831293
  0.802200,  0.871202
  0.802222,  0.911111
  0.802245,  0.951020
  0.802268,  0.990930
  0.802290,  0.969161
  0.802313,  0.929252
  0.802336,  0.889342
  0.802358,  0.849433
  0.802381,  0.809524
  0.802404,  0.769615
  0.802426,  0.729705
  0.802449,  0.689796
  0.802472,  0.649887
  0.802494,  0.609977
  0.802517,  0.570068
  0.802540,  0.530159
  0.802562,  0.490249
  0.802585,  0.450340
  0.802608,  0.410431
  0.802630,  0.370522
  0.802653,  0.330612
  0.802676,  0.290703
  0.802698,  0.250794
  0.802721,  0.210884
  0.802744,  0.170975
  0.802766,  0.131066
  0.802789,  0.091156
  0.802812,  0.051247
  0.802834,  0.011338
  0.802857, -0.028571
  0.802880, -0.068481
  0.802902, -0.108390
  0.802925, -0.148299
  0.802948, -0.188209
  0.802971, -0.228118
  0.802993, -0.268027
  0.803016, -0.307937
  0.803039, -0.347846
  0.803061, -0.387755
  0.803084, -0.427664
  0.803107, -0.467574
  0.803129, -0.507483
  0.803152, -0.547392
  0.803175, -0.587302
  0.803197, -0.627211
  0.803220, -0.667120
  0.803243, -0.707029
  0.803265, -0.746939
  0.803288, -0.786848
  0.803311, -0.826757
  0.803333, -0.866667
  0.803356, -0.906576
  0.803379, -0.946485
  0.803401, -0.986395
  0.803424, -0.973696
  0.803447, -0.933787
  0.803469, -0.893878
  0.803492, -0.853968
  0.803515, -0.814059
  0.803537, -0.774150
  0.803560, -0.734240
  0.803583, -0.694331
  0.803605, -0.654422
  0.803628, -0.614512
  0.803651, -0.574603
  0.803673, -0.534694
  0.803696, -0.494785
  0.803719, -0.454875
  0.803741, -0.414966
  0.803764, -0.375057
  0.803787, -0.335147
  0.803810, -0.295238
  0.803832, -0.255329
  0.803855, -0.215420
  0.803878, -0.175510
  0.803900, -0.135601
  0.803923, -0.095692
  0.803946, -0.055782
  0.803968, -0.015873
  0.803991,  0.024036
  0.804014,  0.063946
  0.804036,  0.103855
  0.804059,  0.143764
  0.804082,  0.183673
  0.804104,  0.223583
  0.804127,  0.263492
  0.804150,  0.303401
  0.804172,  0.343311
  0.804195,  0.383220
  0.804218,  0.423129
  0.804240,  0.463039
  0.804263,  0.502948
  0.804286,  0.542857
  0.804308,  0.582766
  0.804331,  0.622676
  0.804354,  0.662585
  0.804376,  0.702494
  0.804399,  0.742404
  0.804422,  0.782313
  0.804444,  0.822222
  0.804467,  0.862132
  0.804490,  0.902041
  0.804512,  0.941950
  0.804535,  0.981859
  0.804558,  0.978231
  0.804580,  0.938322
  0.804603,  0.898413
  0.804626,  0.858503
  0.804649,  0.818594
  0.804671,  0.778685
  0.804694,  0.738776
  0.804717,  0.698866
  0.804739,  0.658957
  0.804762,  0.619048
  0.804785,  0.579138
  0.804807,  0.539229
  0.804830,  0.499320
  0.804853,  0.459410
  0.804875,  0.419501
  0.804898,  0.379592
  0.804921,  0.339683
  0.804943,  0.299773
  0.804966,  0.259864
  0.804989,  0.219955
  0.805011,  0.180045
  0.805034,  0.140136
  0.805057,  0.100227
  0.805079,  0.060317
  0.805102,  0.020408
  0.805125, -0.019501
  0.805147, -0.059410
  0.805170, -0.099320
  0.805193, -0.139229
  0.805215, -0.179138
  0.805238, -0.219048
  0.805261, -0.258957
  0.805283, -0.298866
  0.805306, -0.338776
  0.805329, -0.378685
  0.805351, -0.418594
  0.805374, -0.458503
  0.805397, -0.498413
  0.805420, -0.538322
  0.805442, -0.578231
  0.805465, -0.618141
  0.805488, -0.658050
  0.805510, -0.697959
  0.805533, -0.737868
  0.805556, -0.777778
  0.805578, -0.817687
  0.805601, -0.857596
  0.805624, -0.897506
  0.805646, -0.937415
  0.805669, -0.977324
  0.805692, -0.982766
  0.805714, -0.942857
  0.805737, -0.902948
  0.805760, -0.863039
  0.805782, -0.823129
  0.805805, -0.783220
  0.805828, -0.743311
  0.805850, -0.703401
  0.805873, -0.663492
  0.805896, -0.623583
  0.805918, -0.583673
  0.805941, -0.543764
  0.805964, -0.503855
  0.805986, -0.463946
  0.806009, -0.424036
  0.806032, -0.384127
  0.806054, -0.344218
  0.806077, -0.304308
  0.806100, -0.264399
  0.806122, -0.224490
  0.806145, -0.184580
  0.806168, -0.144671
  0.806190, -0.104762
  0.806213, -0.064853
  0.806236, -0.024943
  0.806259,  0.014966
  0.806281,  0.054875
  0.806304,  0.094785
  0.806327,  0.134694
  0.806349,  0.174603
  0.806372,  0.214512
  0.806395,  0.254422
  0.806417,  0.294331
  0.806440,  0.334240
  0.806463,  0.374150
  0.806485,  0.414059
  0.806508,  0.453968
  0.806531,  0.493878
  0.806553,  0.533787
  0.806576,  0.573696
  0.806599,  0.613605
  0.806621,  0.653515
  0.806644,  0.693424
  0.806667,  0.733333
  0.806689,  0.773243
  0.806712,  0.813152
  0.806735,  0.853061
  0.806757,  0.892971
  0.806780,  0.932880
  0.806803,  0.972789
  0.806825,  0.987302
  0.806848,  0.947392
  0.806871,  0.907483
  0.806893,  0.867574
  0.806916,  0.827664
  0.806939,  0.787755
  0.806961,  0.747846
  0.806984,  0.707937
  0.807007,  0.668027
  0.807029,  0.628118
  0.807052,  0.588209
  0.807075,  0.548299
  0.807098,  0.508390
  0.807120,  0.468481
  0.807143,  0.428571
  0.807166,  0.388662
  0.807188,  0.348753
  0.807211,  0.308844
  0.807234,  0.268934
  0.807256,  0.229025
  0.807279,  0.189116
  0.807302,  0.149206
  0.807324,  0.109297
  0.807347,  0.069388
  0.807370,  0.029478
  0.807392, -0.010431
  0.807415, -0.050340
  0.807438, -0.090249
  0.807460, -0.130159
  0.807483, -0.170068
  0.807506, -0.209977
  0.807528, -0.249887
  0.807551, -0.289796
  0.807574, -0.329705
  0.807596, -0.369615
  0.807619, -0.409524
  0.807642, -0.449433
  0.807664, -0.489342
  0.807687, -0.529252
  0.807710, -0.569161
  0.807732, -0.609070
  0.807755, -0.648980
  0.807778, -0.688889
  0.807800, -0.728798
  0.807823, -0.768707
  0.807846, -0.808617
  0.807868, -0.848526
  0.807891, -0.888435
  0.807914, -0.928345
  0.807937, -0.968254
  0.807959, -0.991837
  0.807982, -0.951927
  0.808005, -0.912018
  0.808027, -0.872109
  0.808050, -0.832200
  0.808073, -0.792290
  0.808095, -0.752381
  0.808118, -0.712472
  0.808141, -0.672562
  0.808163, -0.632653
  0.808186, -0.592744
  0.808209, -0.552834
  0.808231, -0.512925
  0.808254, -0.473016
  0.808277, -0.433107
  0.808299, -0.393197
  0.808322, -0.353288
  0.808345, -0.313379
  0.808367, -0.273469
  0.808390, -0.233560
  0.808413, -0.193651
  0.808435, -0.153741
  0.808458, -0.113832
  0.808481, -0.073923
  0.808503, -0.034014
  0.808526,  0.005896
  0.808549,  0.045805
  0.808571,  0.085714
  0.808594,  0.125624
  0.808617,  0.165533
  0.808639,  0.205442
  0.808662,  0.245351
  0.808685,  0.285261
  0.808707,  0.325170
  0.808730,  0.365079
  0.808753,  0.404989
  0.808776,  0.444898
  0.808798,  0.484807
  0.808821,  0.524717
  0.808844,  0.564626
  0.808866,  0.604535
  0.808889,  0.644444
  0.808912,  0.684354
  0.808934,  0.724263
  0.808957,  0.764172
  0.808980,  0.804082
  0.809002,  0.843991
  0.809025,  0.883900
  0.809048,  0.923810
  0.809070,  0.963719
  0.809093,  0.996372
  0.809116,  0.956463
  0.809138,  0.916553
  0.809161,  0.876644
  0.809184,  0.836735
  0.809206,  0.796825
  0.809229,  0.756916
  0.809252,  0.717007
  0.809274,  0.677098
  0.809297,  0.637188
  0.809320,  0.597279
  0.809342,  0.557370
  0.809365,  0.517460
  0.809388,  0.477551
  0.809410,  0.437642
  0.809433,  0.397732
  0.809456,  0.357823
  0.809478,  0.317914
  0.809501,  0.278005
  0.809524,  0.238095
  0.809546,  0.198186
  0.809569,  0.158277
  0.809592,  0.118367
  0.809615,  0.078458
  0.809637,  0.038549
  0.809660, -0.001361
  0.809683, -0.041270
  0.809705, -0.081179
  0.809728, -0.121088
  0.809751, -0.160998
  0.809773, -0.200907
  0.809796, -0.240816
  0.809819, -0.280726
  0.809841, -0.320635
  0.809864, -0.360544
  0.809887, -0.400454
  0.809909, -0.440363
  0.809932, -0.480272
  0.809955, -0.520181
  0.809977, -0.560091
  0.810000, -0.600000
  0.810023, -0.639909
  0.810045, -0.679819
  0.810068, -0.719728
  0.810091, -0.759637
  0.810113, -0.799546
  0.810136, -0.839456
  0.810159, -0.879365
  0.810181, -0.919274
  0.810204, -0.959184
  0.810227, -0.999093
  0.810249, -0.960998
  0.810272, -0.921088
  0.810295, -0.881179
  0.810317, -0.841270
  0.810340, -0.801361
  0.810363, -0.761451
  0.810385, -0.721542
  0.810408, -0.681633
  0.810431, -0.641723
  0.810454, -0.601814
  0.810476, -0.561905
  0.810499, -0.521995
  0.810522, -0.482086
  0.810544, -0.442177
  0.810567, -0.402268
  0.810590, -0.362358
  0.810612, -0.322449
  0.810635, -0.282540
  0.810658, -0.242630
  0.810680, -0.202721
  0.810703, -0.162812
  0.810726, -0.122902
  0.810748, -0.082993
  0.810771, -0.043084
  0.810794, -0.003175
  0.810816,  0.036735
  0.810839,  0.076644
  0.810862,  0.116553
  0.810884,  0.156463
  0.810907,  0.196372
  0.810930,  0.236281
  0.810952,  0.276190
  0.810975,  0.316100
  0.810998,  0.356009
  0.811020,  0.395918
  0.811043,  0.435828
  0.811066,  0.475737
  0.811088,  0.515646
  0.811111,  0.555556
  0.811134,  0.595465
  0.811156,  0.635374
  0.811179,  0.675283
  0.811202,  0.715193
  0.811224,  0.755102
  0.811247,  0.795011
  0.811270,  0.834921
  0.811293,  0.874830
  0.811315,  0.914739
  0.811338,  0.954649
  0.811361,  0.994558
  0.811383,  0.965533
  0.811406,  0.925624
  0.811429,  0.885714
  0.811451,  0.845805
  0.811474,  0.805896
  0.811497,  0.765986
  0.811519,  0.726077
  0.811542,  0.686168
  0.811565,  0.646259
  0.811587,  0.606349
  0.811610,  0.566440
  0.811633,  0.526531
  0.811655,  0.486621
  0.811678,  0.446712
  0.811701,  0.406803
  0.811723,  0.366893
  0.811746,  0.326984
  0.811769,  0.287075
  0.811791,  0.247166
  0.811814,  0.207256
  0.811837,  0.167347
  0.811859,  0.127438
  0.811882,  0.087528
  0.811905,  0.047619
  0.811927,  0.007710
  0.811950, -0.032200
  0.811973, -0.072109
  0.811995, -0.112018
  0.812018, -0.151927
  0.812041, -0.191837
  0.812063, -0.231746
  0.812086, -0.271655
  0.812109, -0.311565
  0.812132, -0.351474
  0.812154, -0.391383
  0.812177, -0.431293
  0.812200, -0.471202
  0.812222, -0.511111
  0.812245, -0.551020
  0.812268, -0.590930
  0.812290, -0.630839
  0.812313, -0.670748
  0.812336, -0.710658
  0.812358, -0.750567
  0.812381, -0.790476
  0.812404, -0.830385
  0.812426, -0.870295
  0.812449, -0.910204
  0.812472, -0.950113
  0.812494, -0.990023
  0.812517, -0.970068
  0.812540, -0.930159
  0.812562, -0.890249
  0.812585, -0.850340
  0.812608, -0.810431
  0.812630, -0.770522
  0.812653, -0.730612
  0.812676, -0.690703
  0.812698, -0.650794
  0.812721, -0.610884
  0.812744, -0.570975
  0.812766, -0.531066
  0.812789, -0.491156
  0.812812, -0.451247
  0.812834, -0.411338
  0.812857, -0.371429
  0.812880, -0.331519
  0.812902, -0.291610
  0.812925, -0.251701
  0.812948, -0.211791
  0.812971, -0.171882
  0.812993, -0.131973
  0.813016, -0.092063
  0.813039, -0.052154
  0.813061, -0.012245
  0.813084,  0.027664
  0.813107,  0.067574
  0.813129,  0.107483
  0.813152,  0.147392
  0.813175,  0.187302
  0.813197,  0.227211
  0.813220,  0.267120
  0.813243,  0.307029
  0.813265,  0.346939
  0.813288,  0.386848
  0.813311,  0.426757
  0.813333,  0.466667
  0.813356,  0.506576
  0.813379,  0.546485
  0.813401,  0.586395
  0.813424,  0.626304
  0.813447,  0.666213
  0.813469,  0.706122
  0.813492,  0.746032
  0.813515,  0.785941
  0.813537,  0.825850
  0.813560,  0.865760
  0.813583,  0.905669
  0.813605,  0.945578
  0.813628,  0.985488
  0.813651,  0.974603
  0.813673,  0.934694
  0.813696,  0.894785
  0.813719,  0.854875
  0.813741,  0.814966
  0.813764,  0.775057
  0.813787,  0.735147
  0.813810,  0.695238
  0.813832,  0.655329
  0.813855,  0.615420
  0.813878,  0.575510
  0.813900,  0.535601
  0.813923,  0.495692
  0.813946,  0.455782
  0.813968,  0.415873
  0.813991,  0.375964
  0.814014,  0.336054
  0.814036,  0.296145
  0.814059,  0.256236
  0.814082,  0.216327
  0.814104,  0.176417
  0.814127,  0.136508
  0.814150,  0.096599
  0.814172,  0.056689
  0.814195,  0.016780
  0.814218, -0.023129
  0.814240, -0.063039
  0.814263, -0.102948
  0.814286, -0.142857
  0.814308, -0.182766
  0.814331, -0.222676
  0.814354, -0.262585
  0.814376, -0.302494
  0.814399, -0.342404
  0.814422, -0.382313
  0.814444, -0.422222
  0.814467, -0.462132
  0.814490, -0.502041
  0.814512, -0.541950
  0.814535, -0.581859
  0.814558, -0.621769
  0.814580, -0.661678
  0.814603, -0.701587
  0.814626, -0.741497
  0.814649, -0.781406
  0.814671, -0.821315
  0.814694, -0.861224
  0.814717, -0.901134
  0.814739, -0.941043
  0.814762, -0.980952
  0.814785, -0.979138
  0.814807, -0.939229
  0.814830, -0.899320
  0.814853, -0.859410
  0.814875, -0.819501
  0.814898, -0.779592
  0.814921, -0.739683
  0.814943, -0.699773
  0.814966, -0.659864
  0.814989, -0.619955
  0.815011, -0.580045
  0.815034, -0.540136
  0.815057, -0.500227
  0.815079, -0.460317
  0.815102, -0.420408
  0.815125, -0.380499
  0.815147, -0.340590
  0.815170, -0.300680
  0.815193, -0.260771
  0.815215, -0.220862
  0.815238, -0.180952
  0.815261, -0.141043
  0.815283, -0.101134
  0.815306, -0.061224
  0.815329, -0.021315
  0.815351,  0.018594
  0.815374,  0.058503
  0.815397,  0.098413
  0.815420,  0.138322
  0.815442,  0.178231
  0.815465,  0.218141
  0.815488,  0.258050
  0.815510,  0.297959
  0.815533,  0.337868
  0.815556,  0.377778
  0.815578,  0.417687
  0.815601,  0.457596
  0.815624,  0.497506
  0.815646,  0.537415
  0.815669,  0.577324
  0.815692,  0.617234
  0.815714,  0.657143
  0.815737,  0.697052
  0.815760,  0.736961
  0.815782,  0.776871
  0.815805,  0.816780
  0.815828,  0.856689
  0.815850,  0.896599
  0.815873,  0.936508
  0.815896,  0.976417
  0.815918,  0.983673
  0.815941,  0.943764
  0.815964,  0.903855
  0.815986,  0.863946
  0.816009,  0.824036
  0.816032,  0.784127
  0.816054,  0.744218
  0.816077,  0.704308
  0.816100,  0.664399
  0.816122,  0.624490
  0.816145,  0.584580
  0.816168,  0.544671
  0.816190,  0.504762
  0.816213,  0.464853
  0.816236,  0.424943
  0.816259,  0.385034
  0.816281,  0.345125
  0.816304,  0.305215
  0.816327,  0.265306
  0.816349,  0.225397
  0.816372,  0.185488
  0.816395,  0.145578
  0.816417,  0.105669
  0.816440,  0.065760
  0.816463,  0.025850
  0.816485, -0.014059
  0.816508, -0.053968
  0.816531, -0.093878
  0.816553, -0.133787
  0.816576, -0.173696
  0.816599, -0.213605
  0.816621, -0.253515
  0.816644, -0.293424
  0.816667, -0.333333
  0.816689, -0.373243
  0.816712, -0.413152
  0.816735, -0.453061
  0.816757, -0.492971
  0.816780, -0.532880
  0.816803, -0.572789
  0.816825, -0.612698
  0.816848, -0.652608
  0.816871, -0.692517
  0.816893, -0.732426
  0.816916, -0.772336
  0.816939, -0.812245
  0.816961, -0.852154
  0.816984, -0.892063
  0.817007, -0.931973
  0.817029, -0.971882
  0.817052, -0.988209
  0.817075, -0.948299
  0.817098, -0.908390
  0.817120, -0.868481
  0.817143, -0.828571
  0.817166, -0.788662
  0.817188, -0.748753
  0.817211, -0.708844
  0.817234, -0.668934
  0.817256, -0.629025
  0.817279, -0.589116
  0.817302, -0.549206
  0.817324, -0.509297
  0.817347, -0.469388
  0.817370, -0.429478
  0.817392, -0.389569
  0.817415, -0.349660
  0.817438, -0.309751
  0.817460, -0.269841
  0.817483, -0.229932
  0.817506, -0.190023
  0.817528, -0.150113
  0.817551, -0.110204
  0.817574, -0.070295
  0.817596, -0.030385
  0.817619,  0.009524
  0.817642,  0.049433
  0.817664,  0.089342
  0.817687,  0.129252
  0.817710,  0.169161
  0.817732,  0.209070
  0.817755,  0.248980
  0.817778,  0.288889
  0.817800,  0.328798
  0.817823,  0.368707
  0.817846,  0.408617
  0.817868,  0.448526
  0.817891,  0.488435
  0.817914,  0.528345
  0.817937,  0.568254
  0.817959,  0.608163
  0.817982,  0.648073
  0.818005,  0.687982
  0.818027,  0.727891
  0.818050,  0.767800
  0.818073,  0.807710
  0.818095,  0.847619
  0.818118,  0.887528
  0.818141,  0.927438
  0.818163,  0.967347
  0.818186,  0.992744
  0.818209,  0.952834
  0.818231,  0.912925
  0.818254,  0.873016
  0.818277,  0.833107
  0.818299,  0.793197
  0.818322,  0.753288
  0.818345,  0.713379
  0.818367,  0.673469
  0.818390,  0.633560
  0.818413,  0.593651
  0.818435,  0.553741
  0.818458,  0.513832
  0.818481,  0.473923
  0.818503,  0.434014
  0.818526,  0.394104
  0.818549,  0.354195
  0.818571,  0.314286
  0.818594,  0.274376
  0.818617,  0.234467
  0.818639,  0.194558
  0.818662,  0.154649
  0.818685,  0.114739
  0.818707,  0.074830
  0.818730,  0.034921
  0.818753, -0.004989
  0.818776, -0.044898
  0.818798, -0.084807
  0.818821, -0.124717
  0.818844, -0.164626
  0.818866, -0.204535
  0.818889, -0.244444
  0.818912, -0.284354
  0.818934, -0.324263
  0.818957, -0.364172
  0.818980, -0.404082
  0.819002, -0.443991
  0.819025, -0.483900
  0.819048, -0.523810
  0.819070, -0.563719
  0.819093, -0.603628
  0.819116, -0.643537
  0.819138, -0.683447
  0.819161, -0.723356
  0.819184, -0.763265
  0.819206, -0.803175
  0.819229, -0.843084
  0.819252, -0.882993
  0.819274, -0.922902
  0.819297, -0.962812
  0.819320, -0.997279
  0.819342, -0.957370
  0.819365, -0.917460
  0.819388, -0.877551
  0.819410, -0.837642
  0.819433, -0.797732
  0.819456, -0.757823
  0.819478, -0.717914
  0.819501, -0.678005
  0.819524, -0.638095
  0.819546, -0.598186
  0.819569, -0.558277
  0.819592, -0.518367
  0.819615, -0.478458
  0.819637, -0.438549
  0.819660, -0.398639
  0.819683, -0.358730
  0.819705, -0.318821
  0.819728, -0.278912
  0.819751, -0.239002
  0.819773, -0.199093
  0.819796, -0.159184
  0.819819, -0.119274
  0.819841, -0.079365
  0.819864, -0.039456
  0.819887,  0.000454
  0.819909,  0.040363
  0.819932,  0.080272
  0.819955,  0.120181
  0.819977,  0.160091
  0.820000,  0.200000
  0.820023,  0.239909
  0.820045,  0.279819
  0.820068,  0.319728
  0.820091,  0.359637
  0.820113,  0.399546
  0.820136,  0.439456
  0.820159,  0.479365
  0.820181,  0.519274
  0.820204,  0.559184
  0.820227,  0.599093
  0.820249,  0.639002
  0.820272,  0.678912
  0.820295,  0.718821
  0.820317,  0.758730
  0.820340,  0.798639
  0.820363,  0.838549
  0.820385,  0.878458
  0.820408,  0.918367
  0.820431,  0.958277
  0.820454,  0.998186
  0.820476,  0.961905
  0.820499,  0.921995
  0.820522,  0.882086
  0.820544,  0.842177
  0.820567,  0.802268
  0.820590,  0.762358
  0.820612,  0.722449
  0.820635,  0.682540
  0.820658,  0.642630
  0.820680,  0.602721
  0.820703,  0.562812
  0.820726,  0.522902
  0.820748,  0.482993
  0.820771,  0.443084
  0.820794,  0.403175
  0.820816,  0.363265
  0.820839,  0.323356
  0.820862,  0.283447
  0.820884,  0.243537
  0.820907,  0.203628
  0.820930,  0.163719
  0.820952,  0.123810
  0.820975,  0.083900
  0.820998,  0.043991
  0.821020,  0.004082
  0.821043, -0.035828
  0.821066, -0.075737
  0.821088, -0.115646
  0.821111, -0.155556
  0.821134, -0.195465
  0.821156, -0.235374
  0.821179, -0.275283
  0.821202, -0.315193
  0.821224, -0.355102
  0.821247, -0.395011
  0.821270, -0.434921
  0.821293, -0.474830
  0.821315, -0.514739
  0.821338, -0.554649
  0.821361, -0.594558
  0.821383, -0.634467
  0.821406, -0.674376
  0.821429, -0.714286
  0.821451, -0.754195
  0.821474, -0.794104
  0.821497, -0.834014
  0.821519, -0.873923
  0.821542, -0.913832
  0.821565, -0.953741
  0.821587, -0.993651
  0.821610, -0.966440
  0.821633, -0.926531
  0.821655, -0.886621
  0.821678, -0.846712
  0.821701, -0.806803
  0.821723, -0.766893
  0.821746, -0.726984
  0.821769, -0.687075
  0.821791, -0.647166
  0.821814, -0.607256
  0.821837, -0.567347
  0.821859, -0.527438
  0.821882, -0.487528
  0.821905, -0.447619
  0.821927, -0.407710
  0.821950, -0.367800
  0.821973, -0.327891
  0.821995, -0.287982
  0.822018, -0.248073
  0.822041, -0.208163
  0.822063, -0.168254
  0.822086, -0.128345
  0.822109, -0.088435
  0.822132, -0.048526
  0.822154, -0.008617
  0.822177,  0.031293
  0.822200,  0.071202
  0.822222,  0.111111
  0.822245,  0.151020
  0.822268,  0.190930
  0.822290,  0.230839
  0.822313,  0.270748
  0.822336,  0.310658
  0.822358,  0.350567
  0.822381,  0.390476
  0.822404,  0.430385
  0.822426,  0.470295
  0.822449,  0.510204
  0.822472,  0.550113
  0.822494,  0.590023
  0.822517,  0.629932
  0.822540,  0.669841
  0.822562,  0.709751
  0.822585,  0.749660
  0.822608,  0.789569
  0.822630,  0.829478
  0.822653,  0.869388
  0.822676,  0.909297
  0.822698,  0.949206
  0.822721,  0.989116
  0.822744,  0.970975
  0.822766,  0.931066
  0.822789,  0.891156
  0.822812,  0.851247
  0.822834,  0.811338
  0.822857,  0.771429
  0.822880,  0.731519
  0.822902,  0.691610
  0.822925,  0.651701
  0.822948,  0.611791
  0.822971,  0.571882
  0.822993,  0.531973
  0.823016,  0.492063
  0.823039,  0.452154
  0.823061,  0.412245
  0.823084,  0.372336
  0.823107,  0.332426
  0.823129,  0.292517
  0.823152,  0.252608
  0.823175,  0.212698
  0.823197,  0.172789
  0.823220,  0.132880
  0.823243,  0.092971
  0.823265,  0.053061
  0.823288,  0.013152
  0.823311, -0.026757
  0.823333, -0.066667
  0.823356, -0.106576
  0.823379, -0.146485
  0.823401, -0.186395
  0.823424, -0.226304
  0.823447, -0.266213
  0.823469, -0.306122
  0.823492, -0.346032
  0.823515, -0.385941
  0.823537, -0.425850
  0.823560, -0.465760
  0.823583, -0.505669
  0.823605, -0.545578
  0.823628, -0.585488
  0.823651, -0.625397
  0.823673, -0.665306
  0.823696, -0.705215
  0.823719, -0.745125
  0.823741, -0.785034
  0.823764, -0.824943
  0.823787, -0.864853
  0.823810, -0.904762
  0.823832, -0.944671
  0.823855, -0.984580
  0.823878, -0.975510
  0.823900, -0.935601
  0.823923, -0.895692
  0.823946, -0.855782
  0.823968, -0.815873
  0.823991, -0.775964
  0.824014, -0.736054
  0.824036, -0.696145
  0.824059, -0.656236
  0.824082, -0.616327
  0.824104, -0.576417
  0.824127, -0.536508
  0.824150, -0.496599
  0.824172, -0.456689
  0.824195, -0.416780
  0.824218, -0.376871
  0.824240, -0.336961
  0.824263, -0.297052
  0.824286, -0.257143
  0.824308, -0.217234
  0.824331, -0.177324
  0.824354, -0.137415
  0.824376, -0.097506
  0.824399, -0.057596
  0.824422, -0.017687
  0.824444,  0.022222
  0.824467,  0.062132
  0.824490,  0.102041
  0.824512,  0.141950
  0.824535,  0.181859
  0.824558,  0.221769
  0.824580,  0.261678
  0.824603,  0.301587
  0.824626,  0.341497
  0.824649,  0.381406
  0.824671,  0.421315
  0.824694,  0.461224
  0.824717,  0.501134
  0.824739,  0.541043
  0.824762,  0.580952
  0.824785,  0.620862
  0.824807,  0.660771
  0.824830,  0.700680
  0.824853,  0.740590
  0.824875,  0.780499
  0.824898,  0.820408
  0.824921,  0.860317
  0.824943,  0.900227
  0.824966,  0.940136
  0.824989,  0.980045
  0.825011,  0.980045
  0.825034,  0.940136
  0.825057,  0.900227
  0.825079,  0.860317
  0.825102,  0.820408
  0.825125,  0.780499
  0.825147,  0.740590
  0.825170,  0.700680
  0.825193,  0.660771
  0.825215,  0.620862
  0.825238,  0.580952
  0.825261,  0.541043
  0.825283,  0.501134
  0.825306,  0.461224
  0.825329,  0.421315
  0.825351,  0.381406
  0.825374,  0.341497
  0.825397,  0.301587
  0.825420,  0.261678
  0.825442,  0.221769
  0.825465,  0.181859
  0.825488,  0.141950
  0.825510,  0.102041
  0.825533,  0.062132
  0.825556,  0.022222
  0.825578, -0.017687
  0.825601, -0.057596
  0.825624, -0.097506
  0.825646, -0.137415
  0.825669, -0.177324
  0.825692, -0.217234
  0.825714, -0.257143
  0.825737, -0.297052
  0.825760, -0.336961
  0.825782, -0.376871
  0.825805, -0.416780
  0.825828, -0.456689
  0.825850, -0.496599
  0.825873, -0.536508
  0.825896, -0.576417
  0.825918, -0.616327
  0.825941, -0.656236
  0.825964, -0.696145
  0.825986, -0.736054
  0.826009, -0.775964
  0.826032, -0.815873
  0.826054, -0.855782
  0.826077, -0.895692
  0.826100, -0.935601
  0.826122, -0.975510
  0.826145, -0.984580
  0.826168, -0.944671
  0.826190, -0.904762
  0.826213, -0.864853
  0.826236, -0.824943
  0.826259, -0.785034
  0.826281, -0.745125
  0.826304, -0.705215
  0.826327, -0.665306
  0.826349, -0.625397
  0.826372, -0.585488
  0.826395, -0.545578
  0.826417, -0.505669
  0.826440, -0.465760
  0.826463, -0.425850
  0.826485, -0.385941
  0.826508, -0.346032
  0.826531, -0.306122
  0.826553, -0.266213
  0.826576, -0.226304
  0.826599, -0.186395
  0.826621, -0.146485
  0.826644, -0.106576
  0.826667, -0.066667
  0.826689, -0.026757
  0.826712,  0.013152
  0.826735,  0.053061
  0.826757,  0.092971
  0.826780,  0.132880
  0.826803,  0.172789
  0.826825,  0.212698
  0.826848,  0.252608
  0.826871,  0.292517
  0.826893,  0.332426
  0.826916,  0.372336
  0.826939,  0.412245
  0.826961,  0.452154
  0.826984,  0.492063
  0.827007,  0.531973
  0.827029,  0.571882
  0.827052,  0.611791
  0.827075,  0.651701
  0.827098,  0.691610
  0.827120,  0.731519
  0.827143,  0.771429
  0.827166,  0.811338
  0.827188,  0.851247
  0.827211,  0.891156
  0.827234,  0.931066
  0.827256,  0.970975
  0.827279,  0.989116
  0.827302,  0.949206
  0.827324,  0.909297
  0.827347,  0.869388
  0.827370,  0.829478
  0.827392,  0.789569
  0.827415,  0.749660
  0.827438,  0.709751
  0.827460,  0.669841
  0.827483,  0.629932
  0.827506,  0.590023
  0.827528,  0.550113
  0.827551,  0.510204
  0.827574,  0.470295
  0.827596,  0.430385
  0.827619,  0.390476
  0.827642,  0.350567
  0.827664,  0.310658
  0.827687,  0.270748
  0.827710,  0.230839
  0.827732,  0.190930
  0.827755,  0.151020
  0.827778,  0.111111
  0.827800,  0.071202
  0.827823,  0.031293
  0.827846, -0.008617
  0.827868, -0.048526
  0.827891, -0.088435
  0.827914, -0.128345
  0.827937, -0.168254
  0.827959, -0.208163
  0.827982, -0.248073
  0.828005, -0.287982
  0.828027, -0.327891
  0.828050, -0.367800
  0.828073, -0.407710
  0.828095, -0.447619
  0.828118, -0.487528
  0.828141, -0.527438
  0.828163, -0.567347
  0.828186, -0.607256
  0.828209, -0.647166
  0.828231, -0.687075
  0.828254, -0.726984
  0.828277, -0.766893
  0.828299, -0.806803
  0.828322, -0.846712
  0.828345, -0.886621
  0.828367, -0.926531
  0.828390, -0.966440
  0.828413, -0.993651
  0.828435, -0.953741
  0.828458, -0.913832
  0.828481, -0.873923
  0.828503, -0.834014
  0.828526, -0.794104
  0.828549, -0.754195
  0.828571, -0.714286
  0.828594, -0.674376
  0.828617, -0.634467
  0.828639, -0.594558
  0.828662, -0.554649
  0.828685, -0.514739
  0.828707, -0.474830
  0.828730, -0.434921
  0.828753, -0.395011
  0.828776, -0.355102
  0.828798, -0.315193
  0.828821, -0.275283
  0.828844, -0.235374
  0.828866, -0.195465
  0.828889, -0.155556
  0.828912, -0.115646
  0.828934, -0.075737
  0.828957, -0.035828
  0.828980,  0.004082
  0.829002,  0.043991
  0.829025,  0.083900
  0.829048,  0.123810
  0.829070,  0.163719
  0.829093,  0.203628
  0.829116,  0.243537
  0.829138,  0.283447
  0.829161,  0.323356
  0.829184,  0.363265
  0.829206,  0.403175
  0.829229,  0.443084
  0.829252,  0.482993
  0.829274,  0.522902
  0.829297,  0.562812
  0.829320,  0.602721
  0.829342,  0.642630
  0.829365,  0.682540
  0.829388,  0.722449
  0.829410,  0.762358
  0.829433,  0.802268
  0.829456,  0.842177
  0.829478,  0.882086
  0.829501,  0.921995
  0.829524,  0.961905
  0.829546,  0.998186
  0.829569,  0.958277
  0.829592,  0.918367
  0.829615,  0.878458
  0.829637,  0.838549
  0.829660,  0.798639
  0.829683,  0.758730
  0.829705,  0.718821
  0.829728,  0.678912
  0.829751,  0.639002
  0.829773,  0.599093
  0.829796,  0.559184
  0.829819,  0.519274
  0.829841,  0.479365
  0.829864,  0.439456
  0.829887,  0.399546
  0.829909,  0.359637
  0.829932,  0.319728
  0.829955,  0.279819
  0.829977,  0.239909
  0.830000,  0.200000
  0.830023,  0.160091
  0.830045,  0.120181
  0.830068,  0.080272
  0.830091,  0.040363
  0.830113,  0.000454
  0.830136, -0.039456
  0.830159, -0.079365
  0.830181, -0.119274
  0.830204, -0.159184
  0.830227, -0.199093
  0.830249, -0.239002
  0.830272, -0.278912
  0.830295, -0.318821
  0.830317, -0.358730
  0.830340, -0.398639
  0.830363, -0.438549
  0.830385, -0.478458
  0.830408, -0.518367
  0.830431, -0.558277
  0.830454, -0.598186
  0.830476, -0.638095
  0.830499, -0.678005
  0.830522, -0.717914
  0.830544, -0.757823
  0.830567, -0.797732
  0.830590, -0.837642
  0.830612, -0.877551
  0.830635, -0.917460
  0.830658, -0.957370
  0.830680, -0.997279
  0.830703, -0.962812
  0.830726, -0.922902
  0.830748, -0.882993
  0.830771, -0.843084
  0.830794, -0.803175
  0.830816, -0.763265
  0.830839, -0.723356
  0.830862, -0.683447
  0.830884, -0.643537
  0.830907, -0.603628
  0.830930, -0.563719
  0.830952, -0.523810
  0.830975, -0.483900
  0.830998, -0.443991
  0.831020, -0.404082
  0.831043, -0.364172
  0.831066, -0.324263
  0.831088, -0.284354
  0.831111, -0.244444
  0.831134, -0.204535
  0.831156, -0.164626
  0.831179, -0.124717
  0.831202, -0.084807
  0.831224, -0.044898
  0.831247, -0.004989
  0.831270,  0.034921
  0.831293,  0.074830
  0.831315,  0.114739
  0.831338,  0.154649
  0.831361,  0.194558
  0.831383,  0.234467
  0.831406,  0.274376
  0.831429,  0.314286
  0.831451,  0.354195
  0.831474,  0.394104
  0.831497,  0.434014
  0.831519,  0.473923
  0.831542,  0.513832
  0.831565,  0.553741
  0.831587,  0.593651
  0.831610,  0.633560
  0.831633,  0.673469
  0.831655,  0.713379
  0.831678,  0.753288
  0.831701,  0.793197
  0.831723,  0.833107
  0.831746,  0.873016
  0.831769,  0.912925
  0.831791,  0.952834
  0.831814,  0.992744
  0.831837,  0.967347
  0.831859,  0.927438
  0.831882,  0.887528
  0.831905,  0.847619
  0.831927,  0.807710
  0.831950,  0.767800
  0.831973,  0.727891
  0.831995,  0.687982
  0.832018,  0.648073
  0.832041,  0.608163
  0.832063,  0.568254
  0.832086,  0.528345
  0.832109,  0.488435
  0.832132,  0.448526
  0.832154,  0.408617
  0.832177,  0.368707
  0.832200,  0.328798
  0.832222,  0.288889
  0.832245,  0.248980
  0.832268,  0.209070
  0.832290,  0.169161
  0.832313,  0.129252
  0.832336,  0.089342
  0.832358,  0.049433
  0.832381,  0.009524
  0.832404, -0.030385
  0.832426, -0.070295
  0.832449, -0.110204
  0.832472, -0.150113
  0.832494, -0.190023
  0.832517, -0.229932
  0.832540, -0.269841
  0.832562, -0.309751
  0.832585, -0.349660
  0.832608, -0.389569
  0.832630, -0.429478
  0.832653, -0.469388
  0.832676, -0.509297
  0.832698, -0.549206
  0.832721, -0.589116
  0.832744, -0.629025
  0.832766, -0.668934
  0.832789, -0.708844
  0.832812, -0.748753
  0.832834, -0.788662
  0.832857, -0.828571
  0.832880, -0.868481
  0.832902, -0.908390
  0.832925, -0.948299
  0.832948, -0.988209
  0.832971, -0.971882
  0.832993, -0.931973
  0.833016, -0.892063
  0.833039, -0.852154
  0.833061, -0.812245
  0.833084, -0.772336
  0.833107, -0.732426
  0.833129, -0.692517
  0.833152, -0.652608
  0.833175, -0.612698
  0.833197, -0.572789
  0.833220, -0.532880
  0.833243, -0.492971
  0.833265, -0.453061
  0.833288, -0.413152
  0.833311, -0.373243
  0.833333, -0.333333
  0.833356, -0.293424
  0.833379, -0.253515
  0.833401, -0.213605
  0.833424, -0.173696
  0.833447, -0.133787
  0.833469, -0.093878
  0.833492, -0.053968
  0.833515, -0.014059
  0.833537,  0.025850
  0.833560,  0.065760
  0.833583,  0.105669
  0.833605,  0.145578
  0.833628,  0.185488
  0.833651,  0.225397
  0.833673,  0.265306
  0.833696,  0.305215
  0.833719,  0.345125
  0.833741,  0.385034
  0.833764,  0.424943
  0.833787,  0.464853
  0.833810,  0.504762
  0.833832,  0.544671
  0.833855,  0.584580
  0.833878,  0.624490
  0.833900,  0.664399
  0.833923,  0.704308
  0.833946,  0.744218
  0.833968,  0.784127
  0.833991,  0.824036
  0.834014,  0.863946
  0.834036,  0.903855
  0.834059,  0.943764
  0.834082,  0.983673
  0.834104,  0.976417
  0.834127,  0.936508
  0.834150,  0.896599
  0.834172,  0.856689
  0.834195,  0.816780
  0.834218,  0.776871
  0.834240,  0.736961
  0.834263,  0.697052
  0.834286,  0.657143
  0.834308,  0.617234
  0.834331,  0.577324
  0.834354,  0.537415
  0.834376,  0.497506
  0.834399,  0.457596
  0.834422,  0.417687
  0.834444,  0.377778
  0.834467,  0.337868
  0.834490,  0.297959
  0.834512,  0.258050
  0.834535,  0.218141
  0.834558,  0.178231
  0.834580,  0.138322
  0.834603,  0.098413
  0.834626,  0.058503
  0.834649,  0.018594
  0.834671, -0.021315
  0.834694, -0.061224
  0.834717, -0.101134
  0.834739, -0.141043
  0.834762, -0.180952
  0.834785, -0.220862
  0.834807, -0.260771
  0.834830, -0.300680
  0.834853, -0.340590
  0.834875, -0.380499
  0.834898, -0.420408
  0.834921, -0.460317
  0.834943, -0.500227
  0.834966, -0.540136
  0.834989, -0.580045
  0.835011, -0.619955
  0.835034, -0.659864
  0.835057, -0.699773
  0.835079, -0.739683
  0.835102, -0.779592
  0.835125, -0.819501
  0.835147, -0.859410
  0.835170, -0.899320
  0.835193, -0.939229
  0.835215, -0.979138
  0.835238, -0.980952
  0.835261, -0.941043
  0.835283, -0.901134
  0.835306, -0.861224
  0.835329, -0.821315
  0.835351, -0.781406
  0.835374, -0.741497
  0.835397, -0.701587
  0.835420, -0.661678
  0.835442, -0.621769
  0.835465, -0.581859
  0.835488, -0.541950
  0.835510, -0.502041
  0.835533, -0.462132
  0.835556, -0.422222
  0.835578, -0.382313
  0.835601, -0.342404
  0.835624, -0.302494
  0.835646, -0.262585
  0.835669, -0.222676
  0.835692, -0.182766
  0.835714, -0.142857
  0.835737, -0.102948
  0.835760, -0.063039
  0.835782, -0.023129
  0.835805,  0.016780
  0.835828,  0.056689
  0.835850,  0.096599
  0.835873,  0.136508
  0.835896,  0.176417
  0.835918,  0.216327
  0.835941,  0.256236
  0.835964,  0.296145
  0.835986,  0.336054
  0.836009,  0.375964
  0.836032,  0.415873
  0.836054,  0.455782
  0.836077,  0.495692
  0.836100,  0.535601
  0.836122,  0.575510
  0.836145,  0.615420
  0.836168,  0.655329
  0.836190,  0.695238
  0.836213,  0.735147
  0.836236,  0.775057
  0.836259,  0.814966
  0.836281,  0.854875
  0.836304,  0.894785
  0.836327,  0.934694
  0.836349,  0.974603
  0.836372,  0.985488
  0.836395,  0.945578
  0.836417,  0.905669
  0.836440,  0.865760
  0.836463,  0.825850
  0.836485,  0.785941
  0.836508,  0.746032
  0.836531,  0.706122
  0.836553,  0.666213
  0.836576,  0.626304
  0.836599,  0.586395
  0.836621,  0.546485
  0.836644,  0.506576
  0.836667,  0.466667
  0.836689,  0.426757
  0.836712,  0.386848
  0.836735,  0.346939
  0.836757,  0.307029
  0.836780,  0.267120
  0.836803,  0.227211
  0.836825,  0.187302
  0.836848,  0.147392
  0.836871,  0.107483
  0.836893,  0.067574
  0.836916,  0.027664
  0.836939, -0.012245
  0.836961, -0.052154
  0.836984, -0.092063
  0.837007, -0.131973
  0.837029, -0.171882
  0.837052, -0.211791
  0.837075, -0.251701
  0.837098, -0.291610
  0.837120, -0.331519
  0.837143, -0.371429
  0.837166, -0.411338
  0.837188, -0.451247
  0.837211, -0.491156
  0.837234, -0.531066
  0.837256, -0.570975
  0.837279, -0.610884
  0.837302, -0.650794
  0.837324, -0.690703
  0.837347, -0.730612
  0.837370, -0.770522
  0.837392, -0.810431
  0.837415, -0.850340
  0.837438, -0.890249
  0.837460, -0.930159
  0.837483, -0.970068
  0.837506, -0.990023
  0.837528, -0.950113
  0.837551, -0.910204
  0.837574, -0.870295
  0.837596, -0.830385
  0.837619, -0.790476
  0.837642, -0.750567
  0.837664, -0.710658
  0.837687, -0.670748
  0.837710, -0.630839
  0.837732, -0.590930
  0.837755, -0.551020
  0.837778, -0.511111
  0.837800, -0.471202
  0.837823, -0.431293
  0.837846, -0.391383
  0.837868, -0.351474
  0.837891, -0.311565
  0.837914, -0.271655
  0.837937, -0.231746
  0.837959, -0.191837
  0.837982, -0.151927
  0.838005, -0.112018
  0.838027, -0.072109
  0.838050, -0.032200
  0.838073,  0.007710
  0.838095,  0.047619
  0.838118,  0.087528
  0.838141,  0.127438
  0.838163,  0.167347
  0.838186,  0.207256
  0.838209,  0.247166
  0.838231,  0.287075
  0.838254,  0.326984
  0.838277,  0.366893
  0.838299,  0.406803
  0.838322,  0.446712
  0.838345,  0.486621
  0.838367,  0.526531
  0.838390,  0.566440
  0.838413,  0.606349
  0.838435,  0.646259
  0.838458,  0.686168
  0.838481,  0.726077
  0.838503,  0.765986
  0.838526,  0.805896
  0.838549,  0.845805
  0.838571,  0.885714
  0.838594,  0.925624
  0.838617,  0.965533
  0.838639,  0.994558
  0.838662,  0.954649
  0.838685,  0.914739
  0.838707,  0.874830
  0.838730,  0.834921
  0.838753,  0.795011
  0.838776,  0.755102
  0.838798,  0.715193
  0.838821,  0.675283
  0.838844,  0.635374
  0.838866,  0.595465
  0.838889,  0.555556
  0.838912,  0.515646
  0.838934,  0.475737
  0.838957,  0.435828
  0.838980,  0.395918
  0.839002,  0.356009
  0.839025,  0.316100
  0.839048,  0.276190
  0.839070,  0.236281
  0.839093,  0.196372
  0.839116,  0.156463
  0.839138,  0.116553
  0.839161,  0.076644
  0.839184,  0.036735
  0.839206, -0.003175
  0.839229, -0.043084
  0.839252, -0.082993
  0.839274, -0.122902
  0.839297, -0.162812
  0.839320, -0.202721
  0.839342, -0.242630
  0.839365, -0.282540
  0.839388, -0.322449
  0.839410, -0.362358
  0.839433, -0.402268
  0.839456, -0.442177
  0.839478, -0.482086
  0.839501, -0.521995
  0.839524, -0.561905
  0.839546, -0.601814
  0.839569, -0.641723
  0.839592, -0.681633
  0.839615, -0.721542
  0.839637, -0.761451
  0.839660, -0.801361
  0.839683, -0.841270
  0.839705, -0.881179
  0.839728, -0.921088
  0.839751, -0.960998
  0.839773, -0.999093
  0.839796, -0.959184
  0.839819, -0.919274
  0.839841, -0.879365
  0.839864, -0.839456
  0.839887, -0.799546
  0.839909, -0.759637
  0.839932, -0.719728
  0.839955, -0.679819
  0.839977, -0.639909
  0.840000, -0.600000
  0.840023, -0.560091
  0.840045, -0.520181
  0.840068, -0.480272
  0.840091, -0.440363
  0.840113, -0.400454
  0.840136, -0.360544
  0.840159, -0.320635
  0.840181, -0.280726
  0.840204, -0.240816
  0.840227, -0.200907
  0.840249, -0.160998
  0.840272, -0.121088
  0.840295, -0.081179
  0.840317, -0.041270
  0.840340, -0.001361
  0.840363,  0.038549
  0.840385,  0.078458
  0.840408,  0.118367
  0.840431,  0.158277
  0.840454,  0.198186
  0.840476,  0.238095
  0.840499,  0.278005
  0.840522,  0.317914
  0.840544,  0.357823
  0.840567,  0.397732
  0.840590,  0.437642
  0.840612,  0.477551
  0.840635,  0.517460
  0.840658,  0.557370
  0.840680,  0.597279
  0.840703,  0.637188
  0.840726,  0.677098
  0.840748,  0.717007
  0.840771,  0.756916
  0.840794,  0.796825
  0.840816,  0.836735
  0.840839,  0.876644
  0.840862,  0.916553
  0.840884,  0.956463
  0.840907,  0.996372
  0.840930,  0.963719
  0.840952,  0.923810
  0.840975,  0.883900
  0.840998,  0.843991
  0.841020,  0.804082
  0.841043,  0.764172
  0.841066,  0.724263
  0.841088,  0.684354
  0.841111,  0.644444
  0.841134,  0.604535
  0.841156,  0.564626
  0.841179,  0.524717
  0.841202,  0.484807
  0.841224,  0.444898
  0.841247,  0.404989
  0.841270,  0.365079
  0.841293,  0.325170
  0.841315,  0.285261
  0.841338,  0.245351
  0.841361,  0.205442
  0.841383,  0.165533
  0.841406,  0.125624
  0.841429,  0.085714
  0.841451,  0.045805
  0.841474,  0.005896
  0.841497, -0.034014
  0.841519, -0.073923
  0.841542, -0.113832
  0.841565, -0.153741
  0.841587, -0.193651
  0.841610, -0.233560
  0.841633, -0.273469
  0.841655, -0.313379
  0.841678, -0.353288
  0.841701, -0.393197
  0.841723, -0.433107
  0.841746, -0.473016
  0.841769, -0.512925
  0.841791, -0.552834
  0.841814, -0.592744
  0.841837, -0.632653
  0.841859, -0.672562
  0.841882, -0.712472
  0.841905, -0.752381
  0.841927, -0.792290
  0.841950, -0.832200
  0.841973, -0.872109
  0.841995, -0.912018
  0.842018, -0.951927
  0.842041, -0.991837
  0.842063, -0.968254
  0.842086, -0.928345
  0.842109, -0.888435
  0.842132, -0.848526
  0.842154, -0.808617
  0.842177, -0.768707
  0.842200, -0.728798
  0.842222, -0.688889
  0.842245, -0.648980
  0.842268, -0.609070
  0.842290, -0.569161
  0.842313, -0.529252
  0.842336, -0.489342
  0.842358, -0.449433
  0.842381, -0.409524
  0.842404, -0.369615
  0.842426, -0.329705
  0.842449, -0.289796
  0.842472, -0.249887
  0.842494, -0.209977
  0.842517, -0.170068
  0.842540, -0.130159
  0.842562, -0.090249
  0.842585, -0.050340
  0.842608, -0.010431
  0.842630,  0.029478
  0.842653,  0.069388
  0.842676,  0.109297
  0.842698,  0.149206
  0.842721,  0.189116
  0.842744,  0.229025
  0.842766,  0.268934
  0.842789,  0.308844
  0.842812,  0.348753
  0.842834,  0.388662
  0.842857,  0.428571
  0.842880,  0.468481
  0.842902,  0.508390
  0.842925,  0.548299
  0.842948,  0.588209
  0.842971,  0.628118
  0.842993,  0.668027
  0.843016,  0.707937
  0.843039,  0.747846
  0.843061,  0.787755
  0.843084,  0.827664
  0.843107,  0.867574
  0.843129,  0.907483
  0.843152,  0.947392
  0.843175,  0.987302
  0.843197,  0.972789
  0.843220,  0.932880
  0.843243,  0.892971
  0.843265,  0.853061
  0.843288,  0.813152
  0.843311,  0.773243
  0.843333,  0.733333
  0.843356,  0.693424
  0.843379,  0.653515
  0.843401,  0.613605
  0.843424,  0.573696
  0.843447,  0.533787
  0.843469,  0.493878
  0.843492,  0.453968
  0.843515,  0.414059
  0.843537,  0.374150
  0.843560,  0.334240
  0.843583,  0.294331
  0.843605,  0.254422
  0.843628,  0.214512
  0.843651,  0.174603
  0.843673,  0.134694
  0.843696,  0.094785
  0.843719,  0.054875
  0.843741,  0.014966
  0.843764, -0.024943
  0.843787, -0.064853
  0.843810, -0.104762
  0.843832, -0.144671
  0.843855, -0.184580
  0.843878, -0.224490
  0.843900, -0.264399
  0.843923, -0.304308
  0.843946, -0.344218
  0.843968, -0.384127
  0.843991, -0.424036
  0.844014, -0.463946
  0.844036, -0.503855
  0.844059, -0.543764
  0.844082, -0.583673
  0.844104, -0.623583
  0.844127, -0.663492
  0.844150, -0.703401
  0.844172, -0.743311
  0.844195, -0.783220
  0.844218, -0.823129
  0.844240, -0.863039
  0.844263, -0.902948
  0.844286, -0.942857
  0.844308, -0.982766
  0.844331, -0.977324
  0.844354, -0.937415
  0.844376, -0.897506
  0.844399, -0.857596
  0.844422, -0.817687
  0.844444, -0.777778
  0.844467, -0.737868
  0.844490, -0.697959
  0.844512, -0.658050
  0.844535, -0.618141
  0.844558, -0.578231
  0.844580, -0.538322
  0.844603, -0.498413
  0.844626, -0.458503
  0.844649, -0.418594
  0.844671, -0.378685
  0.844694, -0.338776
  0.844717, -0.298866
  0.844739, -0.258957
  0.844762, -0.219048
  0.844785, -0.179138
  0.844807, -0.139229
  0.844830, -0.099320
  0.844853, -0.059410
  0.844875, -0.019501
  0.844898,  0.020408
  0.844921,  0.060317
  0.844943,  0.100227
  0.844966,  0.140136
  0.844989,  0.180045
  0.845011,  0.219955
  0.845034,  0.259864
  0.845057,  0.299773
  0.845079,  0.339683
  0.845102,  0.379592
  0.845125,  0.419501
  0.845147,  0.459410
  0.845170,  0.499320
  0.845193,  0.539229
  0.845215,  0.579138
  0.845238,  0.619048
  0.845261,  0.658957
  0.845283,  0.698866
  0.845306,  0.738776
  0.845329,  0.778685
  0.845351,  0.818594
  0.845374,  0.858503
  0.845397,  0.898413
  0.845420,  0.938322
  0.845442,  0.978231
  0.845465,  0.981859
  0.845488,  0.941950
  0.845510,  0.902041
  0.845533,  0.862132
  0.845556,  0.822222
  0.845578,  0.782313
  0.845601,  0.742404
  0.845624,  0.702494
  0.845646,  0.662585
  0.845669,  0.622676
  0.845692,  0.582766
  0.845714,  0.542857
  0.845737,  0.502948
  0.845760,  0.463039
  0.845782,  0.423129
  0.845805,  0.383220
  0.845828,  0.343311
  0.845850,  0.303401
  0.845873,  0.263492
  0.845896,  0.223583
  0.845918,  0.183673
  0.845941,  0.143764
  0.845964,  0.103855
  0.845986,  0.063946
  0.846009,  0.024036
  0.846032, -0.015873
  0.846054, -0.055782
  0.846077, -0.095692
  0.846100, -0.135601
  0.846122, -0.175510
  0.846145, -0.215420
  0.846168, -0.255329
  0.846190, -0.295238
  0.846213, -0.335147
  0.846236, -0.375057
  0.846259, -0.414966
  0.846281, -0.454875
  0.846304, -0.494785
  0.846327, -0.534694
  0.846349, -0.574603
  0.846372, -0.614512
  0.846395, -0.654422
  0.846417, -0.694331
  0.846440, -0.734240
  0.846463, -0.774150
  0.846485, -0.814059
  0.846508, -0.853968
  0.846531, -0.893878
  0.846553, -0.933787
  0.846576, -0.973696
  0.846599, -0.986395
  0.846621, -0.946485
  0.846644, -0.906576
  0.846667, -0.866667
  0.846689, -0.826757
  0.846712, -0.786848
  0.846735, -0.746939
  0.846757, -0.707029
  0.846780, -0.667120
  0.846803, -0.627211
  0.846825, -0.587302
  0.846848, -0.547392
  0.846871, -0.507483
  0.846893, -0.467574
  0.846916, -0.427664
  0.846939, -0.387755
  0.846961, -0.347846
  0.846984, -0.307937
  0.847007, -0.268027
  0.847029, -0.228118
  0.847052, -0.188209
  0.847075, -0.148299
  0.847098, -0.108390
  0.847120, -0.068481
  0.847143, -0.028571
  0.847166,  0.011338
  0.847188,  0.051247
  0.847211,  0.091156
  0.847234,  0.131066
  0.847256,  0.170975
  0.847279,  0.210884
  0.847302,  0.250794
  0.847324,  0.290703
  0.847347,  0.330612
  0.847370,  0.370522
  0.847392,  0.410431
  0.847415,  0.450340
  0.847438,  0.490249
  0.847460,  0.530159
  0.847483,  0.570068
  0.847506,  0.609977
  0.847528,  0.649887
  0.847551,  0.689796
  0.847574,  0.729705
  0.847596,  0.769615
  0.847619,  0.809524
  0.847642,  0.849433
  0.847664,  0.889342
  0.847687,  0.929252
  0.847710,  0.969161
  0.847732,  0.990930
  0.847755,  0.951020
  0.847778,  0.911111
  0.847800,  0.871202
  0.847823,  0.831293
  0.847846,  0.791383
  0.847868,  0.751474
  0.847891,  0.711565
  0.847914,  0.671655
  0.847937,  0.631746
  0.847959,  0.591837
  0.847982,  0.551927
  0.848005,  0.512018
  0.848027,  0.472109
  0.848050,  0.432200
  0.848073,  0.392290
  0.848095,  0.352381
  0.848118,  0.312472
  0.848141,  0.272562
  0.848163,  0.232653
  0.848186,  0.192744
  0.848209,  0.152834
  0.848231,  0.112925
  0.848254,  0.073016
  0.848277,  0.033107
  0.848299, -0.006803
  0.848322, -0.046712
  0.848345, -0.086621
  0.848367, -0.126531
  0.848390, -0.166440
  0.848413, -0.206349
  0.848435, -0.246259
  0.848458, -0.286168
  0.848481, -0.326077
  0.848503, -0.365986
  0.848526, -0.405896
  0.848549, -0.445805
  0.848571, -0.485714
  0.848594, -0.525624
  0.848617, -0.565533
  0.848639, -0.605442
  0.848662, -0.645351
  0.848685, -0.685261
  0.848707, -0.725170
  0.848730, -0.765079
  0.848753, -0.804989
  0.848776, -0.844898
  0.848798, -0.884807
  0.848821, -0.924717
  0.848844, -0.964626
  0.848866, -0.995465
  0.848889, -0.955556
  0.848912, -0.915646
  0.848934, -0.875737
  0.848957, -0.835828
  0.848980, -0.795918
  0.849002, -0.756009
  0.849025, -0.716100
  0.849048, -0.676190
  0.849070, -0.636281
  0.849093, -0.596372
  0.849116, -0.556463
  0.849138, -0.516553
  0.849161, -0.476644
  0.849184, -0.436735
  0.849206, -0.396825
  0.849229, -0.356916
  0.849252, -0.317007
  0.849274, -0.277098
  0.849297, -0.237188
  0.849320, -0.197279
  0.849342, -0.157370
  0.849365, -0.117460
  0.849388, -0.077551
  0.849410, -0.037642
  0.849433,  0.002268
  0.849456,  0.042177
  0.849478,  0.082086
  0.849501,  0.121995
  0.849524,  0.161905
  0.849546,  0.201814
  0.849569,  0.241723
  0.849592,  0.281633
  0.849615,  0.321542
  0.849637,  0.361451
  0.849660,  0.401361
  0.849683,  0.441270
  0.849705,  0.481179
  0.849728,  0.521088
  0.849751,  0.560998
  0.849773,  0.600907
  0.849796,  0.640816
  0.849819,  0.680726
  0.849841,  0.720635
  0.849864,  0.760544
  0.849887,  0.800454
  0.849909,  0.840363
  0.849932,  0.880272
  0.849955,  0.920181
  0.849977,  0.960091
  0.850000,  1.000000
  0.850023,  0.960091
  0.850045,  0.920181
  0.850068,  0.880272
  0.850091,  0.840363
  0.850113,  0.800454
  0.850136,  0.760544
  0.850159,  0.720635
  0.850181,  0.680726
  0.850204,  0.640816
  0.850227,  0.600907
  0.850249,  0.560998
  0.850272,  0.521088
  0.850295,  0.481179
  0.850317,  0.441270
  0.850340,  0.401361
  0.850363,  0.361451
  0.850385,  0.321542
  0.850408,  0.281633
  0.850431,  0.241723
  0.850454,  0.201814
  0.850476,  0.161905
  0.850499,  0.121995
  0.850522,  0.082086
  0.850544,  0.042177
  0.850567,  0.002268
  0.850590, -0.037642
  0.850612, -0.077551
  0.850635, -0.117460
  0.850658, -0.157370
  0.850680, -0.197279
  0.850703, -0.237188
  0.850726, -0.277098
  0.850748, -0.317007
  0.850771, -0.356916
  0.850794, -0.396825
  0.850816, -0.436735
  0.850839, -0.476644
  0.850862, -0.516553
  0.850884, -0.556463
  0.850907, -0.596372
  0.850930, -0.636281
  0.850952, -0.676190
  0.850975, -0.716100
  0.850998, -0.756009
  0.851020, -0.795918
  0.851043, -0.835828
  0.851066, -0.875737
  0.851088, -0.915646
  0.851111, -0.955556
  0.851134, -0.995465
  0.851156, -0.964626
  0.851179, -0.924717
  0.851202, -0.884807
  0.851224, -0.844898
  0.851247, -0.804989
  0.851270, -0.765079
  0.851293, -0.725170
  0.851315, -0.685261
  0.851338, -0.645351
  0.851361, -0.605442
  0.851383, -0.565533
  0.851406, -0.525624
  0.851429, -0.485714
  0.851451, -0.445805
  0.851474, -0.405896
  0.851497, -0.365986
  0.851519, -0.326077
  0.851542, -0.286168
  0.851565, -0.246259
  0.851587, -0.206349
  0.851610, -0.166440
  0.851633, -0.126531
  0.851655, -0.086621
  0.851678, -0.046712
  0.851701, -0.006803
  0.851723,  0.033107
  0.851746,  0.073016
  0.851769,  0.112925
  0.851791,  0.152834
  0.851814,  0.192744
  0.851837,  0.232653
  0.851859,  0.272562
  0.851882,  0.312472
  0.851905,  0.352381
  0.851927,  0.392290
  0.851950,  0.432200
  0.851973,  0.472109
  0.851995,  0.512018
  0.852018,  0.551927
  0.852041,  0.591837
  0.852063,  0.631746
  0.852086,  0.671655
  0.852109,  0.711565
  0.852132,  0.751474
  0.852154,  0.791383
  0.852177,  0.831293
  0.852200,  0.871202
  0.852222,  0.911111
  0.852245,  0.951020
  0.852268,  0.990930
  0.852290,  0.969161
  0.852313,  0.929252
  0.852336,  0.889342
  0.852358,  0.849433
  0.852381,  0.809524
  0.852404,  0.769615
  0.852426,  0.729705
  0.852449,  0.689796
  0.852472,  0.649887
  0.852494,  0.609977
  0.852517,  0.570068
  0.852540,  0.530159
  0.852562,  0.490249
  0.852585,  0.450340
  0.852608,  0.410431
  0.852630,  0.370522
  0.852653,  0.330612
  0.852676,  0.290703
  0.852698,  0.250794
  0.852721,  0.210884
  0.852744,  0.170975
  0.852766,  0.131066
  0.852789,  0.091156
  0.852812,  0.051247
  0.852834,  0.011338
  0.852857, -0.028571
  0.852880, -0.068481
  0.852902, -0.108390
  0.852925, -0.148299
  0.852948, -0.188209
  0.852971, -0.228118
  0.852993, -0.268027
  0.853016, -0.307937
  0.853039, -0.347846
  0.853061, -0.387755
  0.853084, -0.427664
  0.853107, -0.467574
  0.853129, -0.507483
  0.853152, -0.547392
  0.853175, -0.587302
  0.853197, -0.627211
  0.853220, -0.667120
  0.853243, -0.707029
  0.853265, -0.746939
  0.853288, -0.786848
  0.853311, -0.826757
  0.853333, -0.866667
  0.853356, -0.906576
  0.853379, -0.946485
  0.853401, -0.986395
  0.853424, -0.973696
  0.853447, -0.933787
  0.853469, -0.893878
  0.853492, -0.853968
  0.853515, -0.814059
  0.853537, -0.774150
  0.853560, -0.734240
  0.853583, -0.694331
  0.853605, -0.654422
  0.853628, -0.614512
  0.853651, -0.574603
  0.853673, -0.534694
  0.853696, -0.494785
  0.853719, -0.454875
  0.853741, -0.414966
  0.853764, -0.375057
  0.853787, -0.335147
  0.853810, -0.295238
  0.853832, -0.255329
  0.853855, -0.215420
  0.853878, -0.175510
  0.853900, -0.135601
  0.853923, -0.095692
  0.853946, -0.055782
  0.853968, -0.015873
  0.853991,  0.024036
  0.854014,  0.063946
  0.854036,  0.103855
  0.854059,  0.143764
  0.854082,  0.183673
  0.854104,  0.223583
  0.854127,  0.263492
  0.854150,  0.303401
  0.854172,  0.343311
  0.854195,  0.383220
  0.854218,  0.423129
  0.854240,  0.463039
  0.854263,  0.502948
  0.854286,  0.542857
  0.854308,  0.582766
  0.854331,  0.622676
  0.854354,  0.662585
  0.854376,  0.702494
  0.854399,  0.742404
  0.854422,  0.782313
  0.854444,  0.822222
  0.854467,  0.862132
  0.854490,  0.902041
  0.854512,  0.941950
  0.854535,  0.981859
  0.854558,  0.978231
  0.854580,  0.938322
  0.854603,  0.898413
  0.854626,  0.858503
  0.854649,  0.818594
  0.854671,  0.778685
  0.854694,  0.738776
  0.854717,  0.698866
  0.854739,  0.658957
  0.854762,  0.619048
  0.854785,  0.579138
  0.854807,  0.539229
  0.854830,  0.499320
  0.854853,  0.459410
  0.854875,  0.419501
  0.854898,  0.379592
  0.854921,  0.339683
  0.854943,  0.299773
  0.854966,  0.259864
  0.854989,  0.219955
  0.855011,  0.180045
  0.855034,  0.140136
  0.855057,  0.100227
  0.855079,  0.060317
  0.855102,  0.020408
  0.855125, -0.019501
  0.855147, -0.059410
  0.855170, -0.099320
  0.855193, -0.139229
  0.855215, -0.179138
  0.855238, -0.219048
  0.855261, -0.258957
  0.855283, -0.298866
  0.855306, -0.338776
  0.855329, -0.378685
  0.855351, -0.418594
  0.855374, -0.458503
  0.855397, -0.498413
  0.855420, -0.538322
  0.855442, -0.578231
  0.855465, -0.618141
  0.855488, -0.658050
  0.855510, -0.697959
  0.855533, -0.737868
  0.855556, -0.777778
  0.855578, -0.817687
  0.855601, -0.857596
  0.855624, -0.897506
  0.855646, -0.937415
  0.855669, -0.977324
  0.855692, -0.982766
  0.855714, -0.942857
  0.855737, -0.902948
  0.855760, -0.863039
  0.855782, -0.823129
  0.855805, -0.783220
  0.855828, -0.743311
  0.855850, -0.703401
  0.855873, -0.663492
  0.855896, -0.623583
  0.855918, -0.583673
  0.855941, -0.543764
  0.855964, -0.503855
  0.855986, -0.463946
  0.856009, -0.424036
  0.856032, -0.384127
  0.856054, -0.344218
  0.856077, -0.304308
  0.856100, -0.264399
  0.856122, -0.224490
  0.856145, -0.184580
  0.856168, -0.144671
  0.856190, -0.104762
  0.856213, -0.064853
  0.856236, -0.024943
  0.856259,  0.014966
  0.856281,  0.054875
  0.856304,  0.094785
  0.856327,  0.134694
  0.856349,  0.174603
  0.856372,  0.214512
  0.856395,  0.254422
  0.856417,  0.294331
  0.856440,  0.334240
  0.856463,  0.374150
  0.856485,  0.414059
  0.856508,  0.453968
  0.856531,  0.493878
  0.856553,  0.533787
  0.856576,  0.573696
  0.856599,  0.613605
  0.856621,  0.653515
  0.856644,  0.693424
  0.856667,  0.733333
  0.856689,  0.773243
  0.856712,  0.813152
  0.856735,  0.853061
  0.856757,  0.892971
  0.856780,  0.932880
  0.856803,  0.972789
  0.856825,  0.987302
  0.856848,  0.947392
  0.856871,  0.907483
  0.856893,  0.867574
  0.856916,  0.827664
  0.856939,  0.787755
  0.856961,  0.747846
  0.856984,  0.707937
  0.857007,  0.668027
  0.857029,  0.628118
  0.857052,  0.588209
  0.857075,  0.548299
  0.857098,  0.508390
  0.857120,  0.468481
  0.857143,  0.428571
  0.857166,  0.388662
  0.857188,  0.348753
  0.857211,  0.308844
  0.857234,  0.268934
  0.857256,  0.229025
  0.857279,  0.189116
  0.857302,  0.149206
  0.857324,  0.109297
  0.857347,  0.069388
  0.857370,  0.029478
  0.857392, -0.010431
  0.857415, -0.050340
  0.857438, -0.090249
  0.857460, -0.130159
  0.857483, -0.170068
  0.857506, -0.209977
  0.857528, -0.249887
  0.857551, -0.289796
  0.857574, -0.329705
  0.857596, -0.369615
  0.857619, -0.409524
  0.857642, -0.449433
  0.857664, -0.489342
  0.857687, -0.529252
  0.857710, -0.569161
  0.857732, -0.609070
  0.857755, -0.648980
  0.857778, -0.688889
  0.857800, -0.728798
  0.857823, -0.768707
  0.857846, -0.808617
  0.857868, -0.848526
  0.857891, -0.888435
  0.857914, -0.928345
  0.857937, -0.968254
  0.857959, -0.991837
  0.857982, -0.951927
  0.858005, -0.912018
  0.858027, -0.872109
  0.858050, -0.832200
  0.858073, -0.792290
  0.858095, -0.752381
  0.858118, -0.712472
  0.858141, -0.672562
  0.858163, -0.632653
  0.858186, -0.592744
  0.858209, -0.552834
  0.858231, -0.512925
  0.858254, -0.473016
  0.858277, -0.433107
  0.858299, -0.393197
  0.858322, -0.353288
  0.858345, -0.313379
  0.858367, -0.273469
  0.858390, -0.233560
  0.858413, -0.193651
  0.858435, -0.153741
  0.858458, -0.113832
  0.858481, -0.073923
  0.858503, -0.034014
  0.858526,  0.005896
  0.858549,  0.045805
  0.858571,  0.085714
  0.858594,  0.125624
  0.858617,  0.165533
  0.858639,  0.205442
  0.858662,  0.245351
  0.858685,  0.285261
  0.858707,  0.325170
  0.858730,  0.365079
  0.858753,  0.404989
  0.858776,  0.444898
  0.858798,  0.484807
  0.858821,  0.524717
  0.858844,  0.564626
  0.858866,  0.604535
  0.858889,  0.644444
  0.858912,  0.684354
  0.858934,  0.724263
  0.858957,  0.764172
  0.858980,  0.804082
  0.859002,  0.843991
  0.859025,  0.883900
  0.859048,  0.923810
  0.859070,  0.963719
  0.859093,  0.996372
  0.859116,  0.956463
  0.859138,  0.916553
  0.859161,  0.876644
  0.859184,  0.836735
  0.859206,  0.796825
  0.859229,  0.756916
  0.859252,  0.717007
  0.859274,  0.677098
  0.859297,  0.637188
  0.859320,  0.597279
  0.859342,  0.557370
  0.859365,  0.517460
  0.859388,  0.477551
  0.859410,  0.437642
  0.859433,  0.397732
  0.859456,  0.357823
  0.859478,  0.317914
  0.859501,  0.278005
  0.859524,  0.238095
  0.859546,  0.198186
  0.859569,  0.158277
  0.859592,  0.118367
  0.859615,  0.078458
  0.859637,  0.038549
  0.859660, -0.001361
  0.859683, -0.041270
  0.859705, -0.081179
  0.859728, -0.121088
  0.859751, -0.160998
  0.859773, -0.200907
  0.859796, -0.240816
  0.859819, -0.280726
  0.859841, -0.320635
  0.859864, -0.360544
  0.859887, -0.400454
  0.859909, -0.440363
  0.859932, -0.480272
  0.859955, -0.520181
  0.859977, -0.560091
  0.860000, -0.600000
  0.860023, -0.639909
  0.860045, -0.679819
  0.860068, -0.719728
  0.860091, -0.759637
  0.860113, -0.799546
  0.860136, -0.839456
  0.860159, -0.879365
  0.860181, -0.919274
  0.860204, -0.959184
  0.860227, -0.999093
  0.860249, -0.960998
  0.860272, -0.921088
  0.860295, -0.881179
  0.860317, -0.841270
  0.860340, -0.801361
  0.860363, -0.761451
  0.860385, -0.721542
  0.860408, -0.681633
  0.860431, -0.641723
  0.860454, -0.601814
  0.860476, -0.561905
  0.860499, -0.521995
  0.860522, -0.482086
  0.860544, -0.442177
  0.860567, -0.402268
  0.860590, -0.362358
  0.860612, -0.322449
  0.860635, -0.282540
  0.860658, -0.242630
  0.860680, -0.202721
  0.860703, -0.162812
  0.860726, -0.122902
  0.860748, -0.082993
  0.860771, -0.043084
  0.860794, -0.003175
  0.860816,  0.036735
  0.860839,  0.076644
  0.860862,  0.116553
  0.860884,  0.156463
  0.860907,  0.196372
  0.860930,  0.236281
  0.860952,  0.276190
  0.860975,  0.316100
  0.860998,  0.356009
  0.861020,  0.395918
  0.861043,  0.435828
  0.861066,  0.475737
  0.861088,  0.515646
  0.861111,  0.555556
  0.861134,  0.595465
  0.861156,  0.635374
  0.861179,  0.675283
  0.861202,  0.715193
  0.861224,  0.755102
  0.861247,  0.795011
  0.861270,  0.834921
  0.861293,  0.874830
  0.861315,  0.914739
  0.861338,  0.954649
  0.861361,  0.994558
  0.861383,  0.965533
  0.861406,  0.925624
  0.861429,  0.885714
  0.861451,  0.845805
  0.861474,  0.805896
  0.861497,  0.765986
  0.861519,  0.726077
  0.861542,  0.686168
  0.861565,  0.646259
  0.861587,  0.606349
  0.861610,  0.566440
  0.861633,  0.526531
  0.861655,  0.486621
  0.861678,  0.446712
  0.861701,  0.406803
  0.861723,  0.366893
  0.861746,  0.326984
  0.861769,  0.287075
  0.861791,  0.247166
  0.861814,  0.207256
  0.861837,  0.167347
  0.861859,  0.127438
  0.861882,  0.087528
  0.861905,  0.047619
  0.861927,  0.007710
  0.861950, -0.032200
  0.861973, -0.072109
  0.861995, -0.112018
  0.862018, -0.151927
  0.862041, -0.191837
  0.862063, -0.231746
  0.862086, -0.271655
  0.862109, -0.311565
  0.862132, -0.351474
  0.862154, -0.391383
  0.862177, -0.431293
  0.862200, -0.471202
  0.862222, -0.511111
  0.862245, -0.551020
  0.862268, -0.590930
  0.862290, -0.630839
  0.862313, -0.670748
  0.862336, -0.710658
  0.862358, -0.750567
  0.862381, -0.790476
  0.862404, -0.830385
  0.862426, -0.870295
  0.862449, -0.910204
  0.862472, -0.950113
  0.862494, -0.990023
  0.862517, -0.970068
  0.862540, -0.930159
  0.862562, -0.890249
  0.862585, -0.850340
  0.862608, -0.810431
  0.862630, -0.770522
  0.862653, -0.730612
  0.862676, -0.690703
  0.862698, -0.650794
  0.862721, -0.610884
  0.862744, -0.570975
  0.862766, -0.531066
  0.862789, -0.491156
  0.862812, -0.451247
  0.862834, -0.411338
  0.862857, -0.371429
  0.862880, -0.331519
  0.862902, -0.291610
  0.862925, -0.251701
  0.862948, -0.211791
  0.862971, -0.171882
  0.862993, -0.131973
  0.863016, -0.092063
  0.863039, -0.052154
  0.863061, -0.012245
  0.863084,  0.027664
  0.863107,  0.067574
  0.863129,  0.107483
  0.863152,  0.147392
  0.863175,  0.187302
  0.863197,  0.227211
  0.863220,  0.267120
  0.863243,  0.307029
  0.863265,  0.346939
  0.863288,  0.386848
  0.863311,  0.426757
  0.863333,  0.466667
  0.863356,  0.506576
  0.863379,  0.546485
  0.863401,  0.586395
  0.863424,  0.626304
  0.863447,  0.666213
  0.863469,  0.706122
  0.863492,  0.746032
  0.863515,  0.785941
  0.863537,  0.825850
  0.863560,  0.865760
  0.863583,  0.905669
  0.863605,  0.945578
  0.863628,  0.985488
  0.863651,  0.974603
  0.863673,  0.934694
  0.863696,  0.894785
  0.863719,  0.854875
  0.863741,  0.814966
  0.863764,  0.775057
  0.863787,  0.735147
  0.863810,  0.695238
  0.863832,  0.655329
  0.863855,  0.615420
  0.863878,  0.575510
  0.863900,  0.535601
  0.863923,  0.495692
  0.863946,  0.455782
  0.863968,  0.415873
  0.863991,  0.375964
  0.864014,  0.336054
  0.864036,  0.296145
  0.864059,  0.256236
  0.864082,  0.216327
  0.864104,  0.176417
  0.864127,  0.136508
  0.864150,  0.096599
  0.864172,  0.056689
  0.864195,  0.016780
  0.864218, -0.023129
  0.864240, -0.063039
  0.864263, -0.102948
  0.864286, -0.142857
  0.864308, -0.182766
  0.864331, -0.222676
  0.864354, -0.262585
  0.864376, -0.302494
  0.864399, -0.342404
  0.864422, -0.382313
  0.864444, -0.422222
  0.864467, -0.462132
  0.864490, -0.502041
  0.864512, -0.541950
  0.864535, -0.581859
  0.864558, -0.621769
  0.864580, -0.661678
  0.864603, -0.701587
  0.864626, -0.741497
  0.864649, -0.781406
  0.864671, -0.821315
  0.864694, -0.861224
  0.864717, -0.901134
  0.864739, -0.941043
  0.864762, -0.980952
  0.864785, -0.979138
  0.864807, -0.939229
  0.864830, -0.899320
  0.864853, -0.859410
  0.864875, -0.819501
  0.864898, -0.779592
  0.864921, -0.739683
  0.864943, -0.699773
  0.864966, -0.659864
  0.864989, -0.619955
  0.865011, -0.580045
  0.865034, -0.540136
  0.865057, -0.500227
  0.865079, -0.460317
  0.865102, -0.420408
  0.865125, -0.380499
  0.865147, -0.340590
  0.865170, -0.300680
  0.865193, -0.260771
  0.865215, -0.220862
  0.865238, -0.180952
  0.865261, -0.141043
  0.865283, -0.101134
  0.865306, -0.061224
  0.865329, -0.021315
  0.865351,  0.018594
  0.865374,  0.058503
  0.865397,  0.098413
  0.865420,  0.138322
  0.865442,  0.178231
  0.865465,  0.218141
  0.865488,  0.258050
  0.865510,  0.297959
  0.865533,  0.337868
  0.865556,  0.377778
  0.865578,  0.417687
  0.865601,  0.457596
  0.865624,  0.497506
  0.865646,  0.537415
  0.865669,  0.577324
  0.865692,  0.617234
  0.865714,  0.657143
  0.865737,  0.697052
  0.865760,  0.736961
  0.865782,  0.776871
  0.865805,  0.816780
  0.865828,  0.856689
  0.865850,  0.896599
  0.865873,  0.936508
  0.865896,  0.976417
  0.865918,  0.983673
  0.865941,  0.943764
  0.865964,  0.903855
  0.865986,  0.863946
  0.866009,  0.824036
  0.866032,  0.784127
  0.866054,  0.744218
  0.866077,  0.704308
  0.866100,  0.664399
  0.866122,  0.624490
  0.866145,  0.584580
  0.866168,  0.544671
  0.866190,  0.504762
  0.866213,  0.464853
  0.866236,  0.424943
  0.866259,  0.385034
  0.866281,  0.345125
  0.866304,  0.305215
  0.866327,  0.265306
  0.866349,  0.225397
  0.866372,  0.185488
  0.866395,  0.145578
  0.866417,  0.105669
  0.866440,  0.065760
  0.866463,  0.025850
  0.866485, -0.014059
  0.866508, -0.053968
  0.866531, -0.093878
  0.866553, -0.133787
  0.866576, -0.173696
  0.866599, -0.213605
  0.866621, -0.253515
  0.866644, -0.293424
  0.866667, -0.333333
  0.866689, -0.373243
  0.866712, -0.413152
  0.866735, -0.453061
  0.866757, -0.492971
  0.866780, -0.532880
  0.866803, -0.572789
  0.866825, -0.612698
  0.866848, -0.652608
  0.866871, -0.692517
  0.866893, -0.732426
  0.866916, -0.772336
  0.866939, -0.812245
  0.866961, -0.852154
  0.866984, -0.892063
  0.867007, -0.931973
  0.867029, -0.971882
  0.867052, -0.988209
  0.867075, -0.948299
  0.867098, -0.908390
  0.867120, -0.868481
  0.867143, -0.828571
  0.867166, -0.788662
  0.867188, -0.748753
  0.867211, -0.708844
  0.867234, -0.668934
  0.867256, -0.629025
  0.867279, -0.589116
  0.867302, -0.549206
  0.867324, -0.509297
  0.867347, -0.469388
  0.867370, -0.429478
  0.867392, -0.389569
  0.867415, -0.349660
  0.867438, -0.309751
  0.867460, -0.269841
  0.867483, -0.229932
  0.867506, -0.190023
  0.867528, -0.150113
  0.867551, -0.110204
  0.867574, -0.070295
  0.867596, -0.030385
  0.867619,  0.009524
  0.867642,  0.049433
  0.867664,  0.089342
  0.867687,  0.129252
  0.867710,  0.169161
  0.867732,  0.209070
  0.867755,  0.248980
  0.867778,  0.288889
  0.867800,  0.328798
  0.867823,  0.368707
  0.867846,  0.408617
  0.867868,  0.448526
  0.867891,  0.488435
  0.867914,  0.528345
  0.867937,  0.568254
  0.867959,  0.608163
  0.867982,  0.648073
  0.868005,  0.687982
  0.868027,  0.727891
  0.868050,  0.767800
  0.868073,  0.807710
  0.868095,  0.847619
  0.868118,  0.887528
  0.868141,  0.927438
  0.868163,  0.967347
  0.868186,  0.992744
  0.868209,  0.952834
  0.868231,  0.912925
  0.868254,  0.873016
  0.868277,  0.833107
  0.868299,  0.793197
  0.868322,  0.753288
  0.868345,  0.713379
  0.868367,  0.673469
  0.868390,  0.633560
  0.868413,  0.593651
  0.868435,  0.553741
  0.868458,  0.513832
  0.868481,  0.473923
  0.868503,  0.434014
  0.868526,  0.394104
  0.868549,  0.354195
  0.868571,  0.314286
  0.868594,  0.274376
  0.868617,  0.234467
  0.868639,  0.194558
  0.868662,  0.154649
  0.868685,  0.114739
  0.868707,  0.074830
  0.868730,  0.034921
  0.868753, -0.004989
  0.868776, -0.044898
  0.868798, -0.084807
  0.868821, -0.124717
  0.868844, -0.164626
  0.868866, -0.204535
  0.868889, -0.244444
  0.868912, -0.284354
  0.868934, -0.324263
  0.868957, -0.364172
  0.868980, -0.404082
  0.869002, -0.443991
  0.869025, -0.483900
  0.869048, -0.523810
  0.869070, -0.563719
  0.869093, -0.603628
  0.869116, -0.643537
  0.869138, -0.683447
  0.869161, -0.723356
  0.869184, -0.763265
  0.869206, -0.803175
  0.869229, -0.843084
  0.869252, -0.882993
  0.869274, -0.922902
  0.869297, -0.962812
  0.869320, -0.997279
  0.869342, -0.957370
  0.869365, -0.917460
  0.869388, -0.877551
  0.869410, -0.837642
  0.869433, -0.797732
  0.869456, -0.757823
  0.869478, -0.717914
  0.869501, -0.678005
  0.869524, -0.638095
  0.869546, -0.598186
  0.869569, -0.558277
  0.869592, -0.518367
  0.869615, -0.478458
  0.869637, -0.438549
  0.869660, -0.398639
  0.869683, -0.358730
  0.869705, -0.318821
  0.869728, -0.278912
  0.869751, -0.239002
  0.869773, -0.199093
  0.869796, -0.159184
  0.869819, -0.119274
  0.869841, -0.079365
  0.869864, -0.039456
  0.869887,  0.000454
  0.869909,  0.040363
  0.869932,  0.080272
  0.869955,  0.120181
  0.869977,  0.160091
  0.870000,  0.200000
  0.870023,  0.239909
  0.870045,  0.279819
  0.870068,  0.319728
  0.870091,  0.359637
  0.870113,  0.399546
  0.870136,  0.439456
  0.870159,  0.479365
  0.870181,  0.519274
  0.870204,  0.559184
  0.870227,  0.599093
  0.870249,  0.639002
  0.870272,  0.678912
  0.870295,  0.718821
  0.870317,  0.758730
  0.870340,  0.798639
  0.870363,  0.838549
  0.870385,  0.878458
  0.870408,  0.918367
  0.870431,  0.958277
  0.870454,  0.998186
  0.870476,  0.961905
  0.870499,  0.921995
  0.870522,  0.882086
  0.870544,  0.842177
  0.870567,  0.802268
  0.870590,  0.762358
  0.870612,  0.722449
  0.870635,  0.682540
  0.870658,  0.642630
  0.870680,  0.602721
  0.870703,  0.562812
  0.870726,  0.522902
  0.870748,  0.482993
  0.870771,  0.443084
  0.870794,  0.403175
  0.870816,  0.363265
  0.870839,  0.323356
  0.870862,  0.283447
  0.870884,  0.243537
  0.870907,  0.203628
  0.870930,  0.163719
  0.870952,  0.123810
  0.870975,  0.083900
  0.870998,  0.043991
  0.871020,  0.004082
  0.871043, -0.035828
  0.871066, -0.075737
  0.871088, -0.115646
  0.871111, -0.155556
  0.871134, -0.195465
  0.871156, -0.235374
  0.871179, -0.275283
  0.871202, -0.315193
  0.871224, -0.355102
  0.871247, -0.395011
  0.871270, -0.434921
  0.871293, -0.474830
  0.871315, -0.514739
  0.871338, -0.554649
  0.871361, -0.594558
  0.871383, -0.634467
  0.871406, -0.674376
  0.871429, -0.714286
  0.871451, -0.754195
  0.871474, -0.794104
  0.871497, -0.834014
  0.871519, -0.873923
  0.871542, -0.913832
  0.871565, -0.953741
  0.871587, -0.993651
  0.871610, -0.966440
  0.871633, -0.926531
  0.871655, -0.886621
  0.871678, -0.846712
  0.871701, -0.806803
  0.871723, -0.766893
  0.871746, -0.726984
  0.871769, -0.687075
  0.871791, -0.647166
  0.871814, -0.607256
  0.871837, -0.567347
  0.871859, -0.527438
  0.871882, -0.487528
  0.871905, -0.447619
  0.871927, -0.407710
  0.871950, -0.367800
  0.871973, -0.327891
  0.871995, -0.287982
  0.872018, -0.248073
  0.872041, -0.208163
  0.872063, -0.168254
  0.872086, -0.128345
  0.872109, -0.088435
  0.872132, -0.048526
  0.872154, -0.008617
  0.872177,  0.031293
  0.872200,  0.071202
  0.872222,  0.111111
  0.872245,  0.151020
  0.872268,  0.190930
  0.872290,  0.230839
  0.872313,  0.270748
  0.872336,  0.310658
  0.872358,  0.350567
  0.872381,  0.390476
  0.872404,  0.430385
  0.872426,  0.470295
  0.872449,  0.510204
  0.872472,  0.550113
  0.872494,  0.590023
  0.872517,  0.629932
  0.872540,  0.669841
  0.872562,  0.709751
  0.872585,  0.749660
  0.872608,  0.789569
  0.872630,  0.829478
  0.872653,  0.869388
  0.872676,  0.909297
  0.872698,  0.949206
  0.872721,  0.989116
  0.872744,  0.970975
  0.872766,  0.931066
  0.872789,  0.891156
  0.872812,  0.851247
  0.872834,  0.811338
  0.872857,  0.771429
  0.872880,  0.731519
  0.872902,  0.691610
  0.872925,  0.651701
  0.872948,  0.611791
  0.872971,  0.571882
  0.872993,  0.531973
  0.873016,  0.492063
  0.873039,  0.452154
  0.873061,  0.412245
  0.873084,  0.372336
  0.873107,  0.332426
  0.873129,  0.292517
  0.873152,  0.252608
  0.873175,  0.212698
  0.873197,  0.172789
  0.873220,  0.132880
  0.873243,  0.092971
  0.873265,  0.053061
  0.873288,  0.013152
  0.873311, -0.026757
  0.873333, -0.066667
  0.873356, -0.106576
  0.873379, -0.146485
  0.873401, -0.186395
  0.873424, -0.226304
  0.873447, -0.266213
  0.873469, -0.306122
  0.873492, -0.346032
  0.873515, -0.385941
  0.873537, -0.425850
  0.873560, -0.465760
  0.873583, -0.505669
  0.873605, -0.545578
  0.873628, -0.585488
  0.873651, -0.625397
  0.873673, -0.665306
  0.873696, -0.705215
  0.873719, -0.745125
  0.873741, -0.785034
  0.873764, -0.824943
  0.873787, -0.864853
  0.873810, -0.904762
  0.873832, -0.944671
  0.873855, -0.984580
  0.873878, -0.975510
  0.873900, -0.935601
  0.873923, -0.895692
  0.873946, -0.855782
  0.873968, -0.815873
  0.873991, -0.775964
  0.874014, -0.736054
  0.874036, -0.696145
  0.874059, -0.656236
  0.874082, -0.616327
  0.874104, -0.576417
  0.874127, -0.536508
  0.874150, -0.496599
  0.874172, -0.456689
  0.874195, -0.416780
  0.874218, -0.376871
  0.874240, -0.336961
  0.874263, -0.297052
  0.874286, -0.257143
  0.874308, -0.217234
  0.874331, -0.177324
  0.874354, -0.137415
  0.874376, -0.097506
  0.874399, -0.057596
  0.874422, -0.017687
  0.874444,  0.022222
  0.874467,  0.062132
  0.874490,  0.102041
  0.874512,  0.141950
  0.874535,  0.181859
  0.874558,  0.221769
  0.874580,  0.261678
  0.874603,  0.301587
  0.874626,  0.341497
  0.874649,  0.381406
  0.874671,  0.421315
  0.874694,  0.461224
  0.874717,  0.501134
  0.874739,  0.541043
  0.874762,  0.580952
  0.874785,  0.620862
  0.874807,  0.660771
  0.874830,  0.700680
  0.874853,  0.740590
  0.874875,  0.780499
  0.874898,  0.820408
  0.874921,  0.860317
  0.874943,  0.900227
  0.874966,  0.940136
  0.874989,  0.980045
  0.875011,  0.980045
  0.875034,  0.940136
  0.875057,  0.900227
  0.875079,  0.860317
  0.875102,  0.820408
  0.875125,  0.780499
  0.875147,  0.740590
  0.875170,  0.700680
  0.875193,  0.660771
  0.875215,  0.620862
  0.875238,  0.580952
  0.875261,  0.541043
  0.875283,  0.501134
  0.875306,  0.461224
  0.875329,  0.421315
  0.875351,  0.381406
  0.875374,  0.341497
  0.875397,  0.301587
  0.875420,  0.261678
  0.875442,  0.221769
  0.875465,  0.181859
  0.875488,  0.141950
  0.875510,  0.102041
  0.875533,  0.062132
  0.875556,  0.022222
  0.875578, -0.017687
  0.875601, -0.057596
  0.875624, -0.097506
  0.875646, -0.137415
  0.875669, -0.177324
  0.875692, -0.217234
  0.875714, -0.257143
  0.875737, -0.297052
  0.875760, -0.336961
  0.875782, -0.376871
  0.875805, -0.416780
  0.875828, -0.456689
  0.875850, -0.496599
  0.875873, -0.536508
  0.875896, -0.576417
  0.875918, -0.616327
  0.875941, -0.656236
  0.875964, -0.696145
  0.875986, -0.736054
  0.876009, -0.775964
  0.876032, -0.815873
  0.876054, -0.855782
  0.876077, -0.895692
  0.876100, -0.935601
  0.876122, -0.975510
  0.876145, -0.984580
  0.876168, -0.944671
  0.876190, -0.904762
  0.876213, -0.864853
  0.876236, -0.824943
  0.876259, -0.785034
  0.876281, -0.745125
  0.876304, -0.705215
  0.876327, -0.665306
  0.876349, -0.625397
  0.876372, -0.585488
  0.876395, -0.545578
  0.876417, -0.505669
  0.876440, -0.465760
  0.876463, -0.425850
  0.876485, -0.385941
  0.876508, -0.346032
  0.876531, -0.306122
  0.876553, -0.266213
  0.876576, -0.226304
  0.876599, -0.186395
  0.876621, -0.146485
  0.876644, -0.106576
  0.876667, -0.066667
  0.876689, -0.026757
  0.876712,  0.013152
  0.876735,  0.053061
  0.876757,  0.092971
  0.876780,  0.132880
  0.876803,  0.172789
  0.876825,  0.212698
  0.876848,  0.252608
  0.876871,  0.292517
  0.876893,  0.332426
  0.876916,  0.372336
  0.876939,  0.412245
  0.876961,  0.452154
  0.876984,  0.492063
  0.877007,  0.531973
  0.877029,  0.571882
  0.877052,  0.611791
  0.877075,  0.651701
  0.877098,  0.691610
  0.877120,  0.731519
  0.877143,  0.771429
  0.877166,  0.811338
  0.877188,  0.851247
  0.877211,  0.891156
  0.877234,  0.931066
  0.877256,  0.970975
  0.877279,  0.989116
  0.877302,  0.949206
  0.877324,  0.909297
  0.877347,  0.869388
  0.877370,  0.829478
  0.877392,  0.789569
  0.877415,  0.749660
  0.877438,  0.709751
  0.877460,  0.669841
  0.877483,  0.629932
  0.877506,  0.590023
  0.877528,  0.550113
  0.877551,  0.510204
  0.877574,  0.470295
  0.877596,  0.430385
  0.877619,  0.390476
  0.877642,  0.350567
  0.877664,  0.310658
  0.877687,  0.270748
  0.877710,  0.230839
  0.877732,  0.190930
  0.877755,  0.151020
  0.877778,  0.111111
  0.877800,  0.071202
  0.877823,  0.031293
  0.877846, -0.008617
  0.877868, -0.048526
  0.877891, -0.088435
  0.877914, -0.128345
  0.877937, -0.168254
  0.877959, -0.208163
  0.877982, -0.248073
  0.878005, -0.287982
  0.878027, -0.327891
  0.878050, -0.367800
  0.878073, -0.407710
  0.878095, -0.447619
  0.878118, -0.487528
  0.878141, -0.527438
  0.878163, -0.567347
  0.878186, -0.607256
  0.878209, -0.647166
  0.878231, -0.687075
  0.878254, -0.726984
  0.878277, -0.766893
  0.878299, -0.806803
  0.878322, -0.846712
  0.878345, -0.886621
  0.878367, -0.926531
  0.878390, -0.966440
  0.878413, -0.993651
  0.878435, -0.953741
  0.878458, -0.913832
  0.878481, -0.873923
  0.878503, -0.834014
  0.878526, -0.794104
  0.878549, -0.754195
  0.878571, -0.714286
  0.878594, -0.674376
  0.878617, -0.634467
  0.878639, -0.594558
  0.878662, -0.554649
  0.878685, -0.514739
  0.878707, -0.474830
  0.878730, -0.434921
  0.878753, -0.395011
  0.878776, -0.355102
  0.878798, -0.315193
  0.878821, -0.275283
  0.878844, -0.235374
  0.878866, -0.195465
  0.878889, -0.155556
  0.878912, -0.115646
  0.878934, -0.075737
  0.878957, -0.035828
  0.878980,  0.004082
  0.879002,  0.043991
  0.879025,  0.083900
  0.879048,  0.123810
  0.879070,  0.163719
  0.879093,  0.203628
  0.879116,  0.243537
  0.879138,  0.283447
  0.879161,  0.323356
  0.879184,  0.363265
  0.879206,  0.403175
  0.879229,  0.443084
  0.879252,  0.482993
  0.879274,  0.522902
  0.879297,  0.562812
  0.879320,  0.602721
  0.879342,  0.642630
  0.879365,  0.682540
  0.879388,  0.722449
  0.879410,  0.762358
  0.879433,  0.802268
  0.879456,  0.842177
  0.879478,  0.882086
  0.879501,  0.921995
  0.879524,  0.961905
  0.879546,  0.998186
  0.879569,  0.958277
  0.879592,  0.918367
  0.879615,  0.878458
  0.879637,  0.838549
  0.879660,  0.798639
  0.879683,  0.758730
  0.879705,  0.718821
  0.879728,  0.678912
  0.879751,  0.639002
  0.879773,  0.599093
  0.879796,  0.559184
  0.879819,  0.519274
  0.879841,  0.479365
  0.879864,  0.439456
  0.879887,  0.399546
  0.879909,  0.359637
  0.879932,  0.319728
  0.879955,  0.279819
  0.879977,  0.239909
  0.880000,  0.200000
  0.880023,  0.160091
  0.880045,  0.120181
  0.880068,  0.080272
  0.880091,  0.040363
  0.880113,  0.000454
  0.880136, -0.039456
  0.880159, -0.079365
  0.880181, -0.119274
  0.880204, -0.159184
  0.880227, -0.199093
  0.880249, -0.239002
  0.880272, -0.278912
  0.880295, -0.318821
  0.880317, -0.358730
  0.880340, -0.398639
  0.880363, -0.438549
  0.880385, -0.478458
  0.880408, -0.518367
  0.880431, -0.558277
  0.880454, -0.598186
  0.880476, -0.638095
  0.880499, -0.678005
  0.880522, -0.717914
  0.880544, -0.757823
  0.880567, -0.797732
  0.880590, -0.837642
  0.880612, -0.877551
  0.880635, -0.917460
  0.880658, -0.957370
  0.880680, -0.997279
  0.880703, -0.962812
  0.880726, -0.922902
  0.880748, -0.882993
  0.880771, -0.843084
  0.880794, -0.803175
  0.880816, -0.763265
  0.880839, -0.723356
  0.880862, -0.683447
  0.880884, -0.643537
  0.880907, -0.603628
  0.880930, -0.563719
  0.880952, -0.523810
  0.880975, -0.483900
  0.880998, -0.443991
  0.881020, -0.404082
  0.881043, -0.364172
  0.881066, -0.324263
  0.881088, -0.284354
  0.881111, -0.244444
  0.881134, -0.204535
  0.881156, -0.164626
  0.881179, -0.124717
  0.881202, -0.084807
  0.881224, -0.044898
  0.881247, -0.004989
  0.881270,  0.034921
  0.881293,  0.074830
  0.881315,  0.114739
  0.881338,  0.154649
  0.881361,  0.194558
  0.881383,  0.234467
  0.881406,  0.274376
  0.881429,  0.314286
  0.881451,  0.354195
  0.881474,  0.394104
  0.881497,  0.434014
  0.881519,  0.473923
  0.881542,  0.513832
  0.881565,  0.553741
  0.881587,  0.593651
  0.881610,  0.633560
  0.881633,  0.673469
  0.881655,  0.713379
  0.881678,  0.753288
  0.881701,  0.793197
  0.881723,  0.833107
  0.881746,  0.873016
  0.881769,  0.912925
  0.881791,  0.952834
  0.881814,  0.992744
  0.881837,  0.967347
  0.881859,  0.927438
  0.881882,  0.887528
  0.881905,  0.847619
  0.881927,  0.807710
  0.881950,  0.767800
  0.881973,  0.727891
  0.881995,  0.687982
  0.882018,  0.648073
  0.882041,  0.608163
  0.882063,  0.568254
  0.882086,  0.528345
  0.882109,  0.488435
  0.882132,  0.448526
  0.882154,  0.408617
  0.882177,  0.368707
  0.882200,  0.328798
  0.882222,  0.288889
  0.882245,  0.248980
  0.882268,  0.209070
  0.882290,  0.169161
  0.882313,  0.129252
  0.882336,  0.089342
  0.882358,  0.049433
  0.882381,  0.009524
  0.882404, -0.030385
  0.882426, -0.070295
  0.882449, -0.110204
  0.882472, -0.150113
  0.882494, -0.190023
  0.882517, -0.229932
  0.882540, -0.269841
  0.882562, -0.309751
  0.882585, -0.349660
  0.882608, -0.389569
  0.882630, -0.429478
  0.882653, -0.469388
  0.882676, -0.509297
  0.882698, -0.549206
  0.882721, -0.589116
  0.882744, -0.629025
  0.882766, -0.668934
  0.882789, -0.708844
  0.882812, -0.748753
  0.882834, -0.788662
  0.882857, -0.828571
  0.882880, -0.868481
  0.882902, -0.908390
  0.882925, -0.948299
  0.882948, -0.988209
  0.882971, -0.971882
  0.882993, -0.931973
  0.883016, -0.892063
  0.883039, -0.852154
  0.883061, -0.812245
  0.883084, -0.772336
  0.883107, -0.732426
  0.883129, -0.692517
  0.883152, -0.652608
  0.883175, -0.612698
  0.883197, -0.572789
  0.883220, -0.532880
  0.883243, -0.492971
  0.883265, -0.453061
  0.883288, -0.413152
  0.883311, -0.373243
  0.883333, -0.333333
  0.883356, -0.293424
  0.883379, -0.253515
  0.883401, -0.213605
  0.883424, -0.173696
  0.883447, -0.133787
  0.883469, -0.093878
  0.883492, -0.053968
  0.883515, -0.014059
  0.883537,  0.025850
  0.883560,  0.065760
  0.883583,  0.105669
  0.883605,  0.145578
  0.883628,  0.185488
  0.883651,  0.225397
  0.883673,  0.265306
  0.883696,  0.305215
  0.883719,  0.345125
  0.883741,  0.385034
  0.883764,  0.424943
  0.883787,  0.464853
  0.883810,  0.504762
  0.883832,  0.544671
  0.883855,  0.584580
  0.883878,  0.624490
  0.883900,  0.664399
  0.883923,  0.704308
  0.883946,  0.744218
  0.883968,  0.784127
  0.883991,  0.824036
  0.884014,  0.863946
  0.884036,  0.903855
  0.884059,  0.943764
  0.884082,  0.983673
  0.884104,  0.976417
  0.884127,  0.936508
  0.884150,  0.896599
  0.884172,  0.856689
  0.884195,  0.816780
  0.884218,  0.776871
  0.884240,  0.736961
  0.884263,  0.697052
  0.884286,  0.657143
  0.884308,  0.617234
  0.884331,  0.577324
  0.884354,  0.537415
  0.884376,  0.497506
  0.884399,  0.457596
  0.884422,  0.417687
  0.884444,  0.377778
  0.884467,  0.337868
  0.884490,  0.297959
  0.884512,  0.258050
  0.884535,  0.218141
  0.884558,  0.178231
  0.884580,  0.138322
  0.884603,  0.098413
  0.884626,  0.058503
  0.884649,  0.018594
  0.884671, -0.021315
  0.884694, -0.061224
  0.884717, -0.101134
  0.884739, -0.141043
  0.884762, -0.180952
  0.884785, -0.220862
  0.884807, -0.260771
  0.884830, -0.300680
  0.884853, -0.340590
  0.884875, -0.380499
  0.884898, -0.420408
  0.884921, -0.460317
  0.884943, -0.500227
  0.884966, -0.540136
  0.884989, -0.580045
  0.885011, -0.619955
  0.885034, -0.659864
  0.885057, -0.699773
  0.885079, -0.739683
  0.885102, -0.779592
  0.885125, -0.819501
  0.885147, -0.859410
  0.885170, -0.899320
  0.885193, -0.939229
  0.885215, -0.979138
  0.885238, -0.980952
  0.885261, -0.941043
  0.885283, -0.901134
  0.885306, -0.861224
  0.885329, -0.821315
  0.885351, -0.781406
  0.885374, -0.741497
  0.885397, -0.701587
  0.885420, -0.661678
  0.885442, -0.621769
  0.885465, -0.581859
  0.885488, -0.541950
  0.885510, -0.502041
  0.885533, -0.462132
  0.885556, -0.422222
  0.885578, -0.382313
  0.885601, -0.342404
  0.885624, -0.302494
  0.885646, -0.262585
  0.885669, -0.222676
  0.885692, -0.182766
  0.885714, -0.142857
  0.885737, -0.102948
  0.885760, -0.063039
  0.885782, -0.023129
  0.885805,  0.016780
  0.885828,  0.056689
  0.885850,  0.096599
  0.885873,  0.136508
  0.885896,  0.176417
  0.885918,  0.216327
  0.885941,  0.256236
  0.885964,  0.296145
  0.885986,  0.336054
  0.886009,  0.375964
  0.886032,  0.415873
  0.886054,  0.455782
  0.886077,  0.495692
  0.886100,  0.535601
  0.886122,  0.575510
  0.886145,  0.615420
  0.886168,  0.655329
  0.886190,  0.695238
  0.886213,  0.735147
  0.886236,  0.775057
  0.886259,  0.814966
  0.886281,  0.854875
  0.886304,  0.894785
  0.886327,  0.934694
  0.886349,  0.974603
  0.886372,  0.985488
  0.886395,  0.945578
  0.886417,  0.905669
  0.886440,  0.865760
  0.886463,  0.825850
  0.886485,  0.785941
  0.886508,  0.746032
  0.886531,  0.706122
  0.886553,  0.666213
  0.886576,  0.626304
  0.886599,  0.586395
  0.886621,  0.546485
  0.886644,  0.506576
  0.886667,  0.466667
  0.886689,  0.426757
  0.886712,  0.386848
  0.886735,  0.346939
  0.886757,  0.307029
  0.886780,  0.267120
  0.886803,  0.227211
  0.886825,  0.187302
  0.886848,  0.147392
  0.886871,  0.107483
  0.886893,  0.067574
  0.886916,  0.027664
  0.886939, -0.012245
  0.886961, -0.052154
  0.886984, -0.092063
  0.887007, -0.131973
  0.887029, -0.171882
  0.887052, -0.211791
  0.887075, -0.251701
  0.887098, -0.291610
  0.887120, -0.331519
  0.887143, -0.371429
  0.887166, -0.411338
  0.887188, -0.451247
  0.887211, -0.491156
  0.887234, -0.531066
  0.887256, -0.570975
  0.887279, -0.610884
  0.887302, -0.650794
  0.887324, -0.690703
  0.887347, -0.730612
  0.887370, -0.770522
  0.887392, -0.810431
  0.887415, -0.850340
  0.887438, -0.890249
  0.887460, -0.930159
  0.887483, -0.970068
  0.887506, -0.990023
  0.887528, -0.950113
  0.887551, -0.910204
  0.887574, -0.870295
  0.887596, -0.830385
  0.887619, -0.790476
  0.887642, -0.750567
  0.887664, -0.710658
  0.887687, -0.670748
  0.887710, -0.630839
  0.887732, -0.590930
  0.887755, -0.551020
  0.887778, -0.511111
  0.887800, -0.471202
  0.887823, -0.431293
  0.887846, -0.391383
  0.887868, -0.351474
  0.887891, -0.311565
  0.887914, -0.271655
  0.887937, -0.231746
  0.887959, -0.191837
  0.887982, -0.151927
  0.888005, -0.112018
  0.888027, -0.072109
  0.888050, -0.032200
  0.888073,  0.007710
  0.888095,  0.047619
  0.888118,  0.087528
  0.888141,  0.127438
  0.888163,  0.167347
  0.888186,  0.207256
  0.888209,  0.247166
  0.888231,  0.287075
  0.888254,  0.326984
  0.888277,  0.366893
  0.888299,  0.406803
  0.888322,  0.446712
  0.888345,  0.486621
  0.888367,  0.526531
  0.888390,  0.566440
  0.888413,  0.606349
  0.888435,  0.646259
  0.888458,  0.686168
  0.888481,  0.726077
  0.888503,  0.765986
  0.888526,  0.805896
  0.888549,  0.845805
  0.888571,  0.885714
  0.888594,  0.925624
  0.888617,  0.965533
  0.888639,  0.994558
  0.888662,  0.954649
  0.888685,  0.914739
  0.888707,  0.874830
  0.888730,  0.834921
  0.888753,  0.795011
  0.888776,  0.755102
  0.888798,  0.715193
  0.888821,  0.675283
  0.888844,  0.635374
  0.888866,  0.595465
  0.888889,  0.555556
  0.888912,  0.515646
  0.888934,  0.475737
  0.888957,  0.435828
  0.888980,  0.395918
  0.889002,  0.356009
  0.889025,  0.316100
  0.889048,  0.276190
  0.889070,  0.236281
  0.889093,  0.196372
  0.889116,  0.156463
  0.889138,  0.116553
  0.889161,  0.076644
  0.889184,  0.036735
  0.889206, -0.003175
  0.889229, -0.043084
  0.889252, -0.082993
  0.889274, -0.122902
  0.889297, -0.162812
  0.889320, -0.202721
  0.889342, -0.242630
  0.889365, -0.282540
  0.889388, -0.322449
  0.889410, -0.362358
  0.889433, -0.402268
  0.889456, -0.442177
  0.889478, -0.482086
  0.889501, -0.521995
  0.889524, -0.561905
  0.889546, -0.601814
  0.889569, -0.641723
  0.889592, -0.681633
  0.889615, -0.721542
  0.889637, -0.761451
  0.889660, -0.801361
  0.889683, -0.841270
  0.889705, -0.881179
  0.889728, -0.921088
  0.889751, -0.960998
  0.889773, -0.999093
  0.889796, -0.959184
  0.889819, -0.919274
  0.889841, -0.879365
  0.889864, -0.839456
  0.889887, -0.799546
  0.889909, -0.759637
  0.889932, -0.719728
  0.889955, -0.679819
  0.889977, -0.639909
  0.890000, -0.600000
  0.890023, -0.560091
  0.890045, -0.520181
  0.890068, -0.480272
  0.890091, -0.440363
  0.890113, -0.400454
  0.890136, -0.360544
  0.890159, -0.320635
  0.890181, -0.280726
  0.890204, -0.240816
  0.890227, -0.200907
  0.890249, -0.160998
  0.890272, -0.121088
  0.890295, -0.081179
  0.890317, -0.041270
  0.890340, -0.001361
  0.890363,  0.038549
  0.890385,  0.078458
  0.890408,  0.118367
  0.890431,  0.158277
  0.890454,  0.198186
  0.890476,  0.238095
  0.890499,  0.278005
  0.890522,  0.317914
  0.890544,  0.357823
  0.890567,  0.397732
  0.890590,  0.437642
  0.890612,  0.477551
  0.890635,  0.517460
  0.890658,  0.557370
  0.890680,  0.597279
  0.890703,  0.637188
  0.890726,  0.677098
  0.890748,  0.717007
  0.890771,  0.756916
  0.890794,  0.796825
  0.890816,  0.836735
  0.890839,  0.876644
  0.890862,  0.916553
  0.890884,  0.956463
  0.890907,  0.996372
  0.890930,  0.963719
  0.890952,  0.923810
  0.890975,  0.883900
  0.890998,  0.843991
  0.891020,  0.804082
  0.891043,  0.764172
  0.891066,  0.724263
  0.891088,  0.684354
  0.891111,  0.644444
  0.891134,  0.604535
  0.891156,  0.564626
  0.891179,  0.524717
  0.891202,  0.484807
  0.891224,  0.444898
  0.891247,  0.404989
  0.891270,  0.365079
  0.891293,  0.325170
  0.891315,  0.285261
  0.891338,  0.245351
  0.891361,  0.205442
  0.891383,  0.165533
  0.891406,  0.125624
  0.891429,  0.085714
  0.891451,  0.045805
  0.891474,  0.005896
  0.891497, -0.034014
  0.891519, -0.073923
  0.891542, -0.113832
  0.891565, -0.153741
  0.891587, -0.193651
  0.891610, -0.233560
  0.891633, -0.273469
  0.891655, -0.313379
  0.891678, -0.353288
  0.891701, -0.393197
  0.891723, -0.433107
  0.891746, -0.473016
  0.891769, -0.512925
  0.891791, -0.552834
  0.891814, -0.592744
  0.891837, -0.632653
  0.891859, -0.672562
  0.891882, -0.712472
  0.891905, -0.752381
  0.891927, -0.792290
  0.891950, -0.832200
  0.891973, -0.872109
  0.891995, -0.912018
  0.892018, -0.951927
  0.892041, -0.991837
  0.892063, -0.968254
  0.892086, -0.928345
  0.892109, -0.888435
  0.892132, -0.848526
  0.892154, -0.808617
  0.892177, -0.768707
  0.892200, -0.728798
  0.892222, -0.688889
  0.892245, -0.648980
  0.892268, -0.609070
  0.892290, -0.569161
  0.892313, -0.529252
  0.892336, -0.489342
  0.892358, -0.449433
  0.892381, -0.409524
  0.892404, -0.369615
  0.892426, -0.329705
  0.892449, -0.289796
  0.892472, -0.249887
  0.892494, -0.209977
  0.892517, -0.170068
  0.892540, -0.130159
  0.892562, -0.090249
  0.892585, -0.050340
  0.892608, -0.010431
  0.892630,  0.029478
  0.892653,  0.069388
  0.892676,  0.109297
  0.892698,  0.149206
  0.892721,  0.189116
  0.892744,  0.229025
  0.892766,  0.268934
  0.892789,  0.308844
  0.892812,  0.348753
  0.892834,  0.388662
  0.892857,  0.428571
  0.892880,  0.468481
  0.892902,  0.508390
  0.892925,  0.548299
  0.892948,  0.588209
  0.892971,  0.628118
  0.892993,  0.668027
  0.893016,  0.707937
  0.893039,  0.747846
  0.893061,  0.787755
  0.893084,  0.827664
  0.893107,  0.867574
  0.893129,  0.907483
  0.893152,  0.947392
  0.893175,  0.987302
  0.893197,  0.972789
  0.893220,  0.932880
  0.893243,  0.892971
  0.893265,  0.853061
  0.893288,  0.813152
  0.893311,  0.773243
  0.893333,  0.733333
  0.893356,  0.693424
  0.893379,  0.653515
  0.893401,  0.613605
  0.893424,  0.573696
  0.893447,  0.533787
  0.893469,  0.493878
  0.893492,  0.453968
  0.893515,  0.414059
  0.893537,  0.374150
  0.893560,  0.334240
  0.893583,  0.294331
  0.893605,  0.254422
  0.893628,  0.214512
  0.893651,  0.174603
  0.893673,  0.134694
  0.893696,  0.094785
  0.893719,  0.054875
  0.893741,  0.014966
  0.893764, -0.024943
  0.893787, -0.064853
  0.893810, -0.104762
  0.893832, -0.144671
  0.893855, -0.184580
  0.893878, -0.224490
  0.893900, -0.264399
  0.893923, -0.304308
  0.893946, -0.344218
  0.893968, -0.384127
  0.893991, -0.424036
  0.894014, -0.463946
  0.894036, -0.503855
  0.894059, -0.543764
  0.894082, -0.583673
  0.894104, -0.623583
  0.894127, -0.663492
  0.894150, -0.703401
  0.894172, -0.743311
  0.894195, -0.783220
  0.894218, -0.823129
  0.894240, -0.863039
  0.894263, -0.902948
  0.894286, -0.942857
  0.894308, -0.982766
  0.894331, -0.977324
  0.894354, -0.937415
  0.894376, -0.897506
  0.894399, -0.857596
  0.894422, -0.817687
  0.894444, -0.777778
  0.894467, -0.737868
  0.894490, -0.697959
  0.894512, -0.658050
  0.894535, -0.618141
  0.894558, -0.578231
  0.894580, -0.538322
  0.894603, -0.498413
  0.894626, -0.458503
  0.894649, -0.418594
  0.894671, -0.378685
  0.894694, -0.338776
  0.894717, -0.298866
  0.894739, -0.258957
  0.894762, -0.219048
  0.894785, -0.179138
  0.894807, -0.139229
  0.894830, -0.099320
  0.894853, -0.059410
  0.894875, -0.019501
  0.894898,  0.020408
  0.894921,  0.060317
  0.894943,  0.100227
  0.894966,  0.140136
  0.894989,  0.180045
  0.895011,  0.219955
  0.895034,  0.259864
  0.895057,  0.299773
  0.895079,  0.339683
  0.895102,  0.379592
  0.895125,  0.419501
  0.895147,  0.459410
  0.895170,  0.499320
  0.895193,  0.539229
  0.895215,  0.579138
  0.895238,  0.619048
  0.895261,  0.658957
  0.895283,  0.698866
  0.895306,  0.738776
  0.895329,  0.778685
  0.895351,  0.818594
  0.895374,  0.858503
  0.895397,  0.898413
  0.895420,  0.938322
  0.895442,  0.978231
  0.895465,  0.981859
  0.895488,  0.941950
  0.895510,  0.902041
  0.895533,  0.862132
  0.895556,  0.822222
  0.895578,  0.782313
  0.895601,  0.742404
  0.895624,  0.702494
  0.895646,  0.662585
  0.895669,  0.622676
  0.895692,  0.582766
  0.895714,  0.542857
  0.895737,  0.502948
  0.895760,  0.463039
  0.895782,  0.423129
  0.895805,  0.383220
  0.895828,  0.343311
  0.895850,  0.303401
  0.895873,  0.263492
  0.895896,  0.223583
  0.895918,  0.183673
  0.895941,  0.143764
  0.895964,  0.103855
  0.895986,  0.063946
  0.896009,  0.024036
  0.896032, -0.015873
  0.896054, -0.055782
  0.896077, -0.095692
  0.896100, -0.135601
  0.896122, -0.175510
  0.896145, -0.215420
  0.896168, -0.255329
  0.896190, -0.295238
  0.896213, -0.335147
  0.896236, -0.375057
  0.896259, -0.414966
  0.896281, -0.454875
  0.896304, -0.494785
  0.896327, -0.534694
  0.896349, -0.574603
  0.896372, -0.614512
  0.896395, -0.654422
  0.896417, -0.694331
  0.896440, -0.734240
  0.896463, -0.774150
  0.896485, -0.814059
  0.896508, -0.853968
  0.896531, -0.893878
  0.896553, -0.933787
  0.896576, -0.973696
  0.896599, -0.986395
  0.896621, -0.946485
  0.896644, -0.906576
  0.896667, -0.866667
  0.896689, -0.826757
  0.896712, -0.786848
  0.896735, -0.746939
  0.896757, -0.707029
  0.896780, -0.667120
  0.896803, -0.627211
  0.896825, -0.587302
  0.896848, -0.547392
  0.896871, -0.507483
  0.896893, -0.467574
  0.896916, -0.427664
  0.896939, -0.387755
  0.896961, -0.347846
  0.896984, -0.307937
  0.897007, -0.268027
  0.897029, -0.228118
  0.897052, -0.188209
  0.897075, -0.148299
  0.897098, -0.108390
  0.897120, -0.068481
  0.897143, -0.028571
  0.897166,  0.011338
  0.897188,  0.051247
  0.897211,  0.091156
  0.897234,  0.131066
  0.897256,  0.170975
  0.897279,  0.210884
  0.897302,  0.250794
  0.897324,  0.290703
  0.897347,  0.330612
  0.897370,  0.370522
  0.897392,  0.410431
  0.897415,  0.450340
  0.897438,  0.490249
  0.897460,  0.530159
  0.897483,  0.570068
  0.897506,  0.609977
  0.897528,  0.649887
  0.897551,  0.689796
  0.897574,  0.729705
  0.897596,  0.769615
  0.897619,  0.809524
  0.897642,  0.849433
  0.897664,  0.889342
  0.897687,  0.929252
  0.897710,  0.969161
  0.897732,  0.990930
  0.897755,  0.951020
  0.897778,  0.911111
  0.897800,  0.871202
  0.897823,  0.831293
  0.897846,  0.791383
  0.897868,  0.751474
  0.897891,  0.711565
  0.897914,  0.671655
  0.897937,  0.631746
  0.897959,  0.591837
  0.897982,  0.551927
  0.898005,  0.512018
  0.898027,  0.472109
  0.898050,  0.432200
  0.898073,  0.392290
  0.898095,  0.352381
  0.898118,  0.312472
  0.898141,  0.272562
  0.898163,  0.232653
  0.898186,  0.192744
  0.898209,  0.152834
  0.898231,  0.112925
  0.898254,  0.073016
  0.898277,  0.033107
  0.898299, -0.006803
  0.898322, -0.046712
  0.898345, -0.086621
  0.898367, -0.126531
  0.898390, -0.166440
  0.898413, -0.206349
  0.898435, -0.246259
  0.898458, -0.286168
  0.898481, -0.326077
  0.898503, -0.365986
  0.898526, -0.405896
  0.898549, -0.445805
  0.898571, -0.485714
  0.898594, -0.525624
  0.898617, -0.565533
  0.898639, -0.605442
  0.898662, -0.645351
  0.898685, -0.685261
  0.898707, -0.725170
  0.898730, -0.765079
  0.898753, -0.804989
  0.898776, -0.844898
  0.898798, -0.884807
  0.898821, -0.924717
  0.898844, -0.964626
  0.898866, -0.995465
  0.898889, -0.955556
  0.898912, -0.915646
  0.898934, -0.875737
  0.898957, -0.835828
  0.898980, -0.795918
  0.899002, -0.756009
  0.899025, -0.716100
  0.899048, -0.676190
  0.899070, -0.636281
  0.899093, -0.596372
  0.899116, -0.556463
  0.899138, -0.516553
  0.899161, -0.476644
  0.899184, -0.436735
  0.899206, -0.396825
  0.899229, -0.356916
  0.899252, -0.317007
  0.899274, -0.277098
  0.899297, -0.237188
  0.899320, -0.197279
  0.899342, -0.157370
  0.899365, -0.117460
  0.899388, -0.077551
  0.899410, -0.037642
  0.899433,  0.002268
  0.899456,  0.042177
  0.899478,  0.082086
  0.899501,  0.121995
  0.899524,  0.161905
  0.899546,  0.201814
  0.899569,  0.241723
  0.899592,  0.281633
  0.899615,  0.321542
  0.899637,  0.361451
  0.899660,  0.401361
  0.899683,  0.441270
  0.899705,  0.481179
  0.899728,  0.521088
  0.899751,  0.560998
  0.899773,  0.600907
  0.899796,  0.640816
  0.899819,  0.680726
  0.899841,  0.720635
  0.899864,  0.760544
  0.899887,  0.800454
  0.899909,  0.840363
  0.899932,  0.880272
  0.899955,  0.920181
  0.899977,  0.960091
  0.900000,  1.000000
  0.900023,  0.960091
  0.900045,  0.920181
  0.900068,  0.880272
  0.900091,  0.840363
  0.900113,  0.800454
  0.900136,  0.760544
  0.900159,  0.720635
  0.900181,  0.680726
  0.900204,  0.640816
  0.900227,  0.600907
  0.900249,  0.560998
  0.900272,  0.521088
  0.900295,  0.481179
  0.900317,  0.441270
  0.900340,  0.401361
  0.900363,  0.361451
  0.900385,  0.321542
  0.900408,  0.281633
  0.900431,  0.241723
  0.900454,  0.201814
  0.900476,  0.161905
  0.900499,  0.121995
  0.900522,  0.082086
  0.900544,  0.042177
  0.900567,  0.002268
  0.900590, -0.037642
  0.900612, -0.077551
  0.900635, -0.117460
  0.900658, -0.157370
  0.900680, -0.197279
  0.900703, -0.237188
  0.900726, -0.277098
  0.900748, -0.317007
  0.900771, -0.356916
  0.900794, -0.396825
  0.900816, -0.436735
  0.900839, -0.476644
  0.900862, -0.516553
  0.900884, -0.556463
  0.900907, -0.596372
  0.900930, -0.636281
  0.900952, -0.676190
  0.900975, -0.716100
  0.900998, -0.756009
  0.901020, -0.795918
  0.901043, -0.835828
  0.901066, -0.875737
  0.901088, -0.915646
  0.901111, -0.955556
  0.901134, -0.995465
  0.901156, -0.964626
  0.901179, -0.924717
  0.901202, -0.884807
  0.901224, -0.844898
  0.901247, -0.804989
  0.901270, -0.765079
  0.901293, -0.725170
  0.901315, -0.685261
  0.901338, -0.645351
  0.901361, -0.605442
  0.901383, -0.565533
  0.901406, -0.525624
  0.901429, -0.485714
  0.901451, -0.445805
  0.901474, -0.405896
  0.901497, -0.365986
  0.901519, -0.326077
  0.901542, -0.286168
  0.901565, -0.246259
  0.901587, -0.206349
  0.901610, -0.166440
  0.901633, -0.126531
  0.901655, -0.086621
  0.901678, -0.046712
  0.901701, -0.006803
  0.901723,  0.033107
  0.901746,  0.073016
  0.901769,  0.112925
  0.901791,  0.152834
  0.901814,  0.192744
  0.901837,  0.232653
  0.901859,  0.272562
  0.901882,  0.312472
  0.901905,  0.352381
  0.901927,  0.392290
  0.901950,  0.432200
  0.901973,  0.472109
  0.901995,  0.512018
  0.902018,  0.551927
  0.902041,  0.591837
  0.902063,  0.631746
  0.902086,  0.671655
  0.902109,  0.711565
  0.902132,  0.751474
  0.902154,  0.791383
  0.902177,  0.831293
  0.902200,  0.871202
  0.902222,  0.911111
  0.902245,  0.951020
  0.902268,  0.990930
  0.902290,  0.969161
  0.902313,  0.929252
  0.902336,  0.889342
  0.902358,  0.849433
  0.902381,  0.809524
  0.902404,  0.769615
  0.902426,  0.729705
  0.902449,  0.689796
  0.902472,  0.649887
  0.902494,  0.609977
  0.902517,  0.570068
  0.902540,  0.530159
  0.902562,  0.490249
  0.902585,  0.450340
  0.902608,  0.410431
  0.902630,  0.370522
  0.902653,  0.330612
  0.902676,  0.290703
  0.902698,  0.250794
  0.902721,  0.210884
  0.902744,  0.170975
  0.902766,  0.131066
  0.902789,  0.091156
  0.902812,  0.051247
  0.902834,  0.011338
  0.902857, -0.028571
  0.902880, -0.068481
  0.902902, -0.108390
  0.902925, -0.148299
  0.902948, -0.188209
  0.902971, -0.228118
  0.902993, -0.268027
  0.903016, -0.307937
  0.903039, -0.347846
  0.903061, -0.387755
  0.903084, -0.427664
  0.903107, -0.467574
  0.903129, -0.507483
  0.903152, -0.547392
  0.903175, -0.587302
  0.903197, -0.627211
  0.903220, -0.667120
  0.903243, -0.707029
  0.903265, -0.746939
  0.903288, -0.786848
  0.903311, -0.826757
  0.903333, -0.866667
  0.903356, -0.906576
  0.903379, -0.946485
  0.903401, -0.986395
  0.903424, -0.973696
  0.903447, -0.933787
  0.903469, -0.893878
  0.903492, -0.853968
  0.903515, -0.814059
  0.903537, -0.774150
  0.903560, -0.734240
  0.903583, -0.694331
  0.903605, -0.654422
  0.903628, -0.614512
  0.903651, -0.574603
  0.903673, -0.534694
  0.903696, -0.494785
  0.903719, -0.454875
  0.903741, -0.414966
  0.903764, -0.375057
  0.903787, -0.335147
  0.903810, -0.295238
  0.903832, -0.255329
  0.903855, -0.215420
  0.903878, -0.175510
  0.903900, -0.135601
  0.903923, -0.095692
  0.903946, -0.055782
  0.903968, -0.015873
  0.903991,  0.024036
  0.904014,  0.063946
  0.904036,  0.103855
  0.904059,  0.143764
  0.904082,  0.183673
  0.904104,  0.223583
  0.904127,  0.263492
  0.904150,  0.303401
  0.904172,  0.343311
  0.904195,  0.383220
  0.904218,  0.423129
  0.904240,  0.463039
  0.904263,  0.502948
  0.904286,  0.542857
  0.904308,  0.582766
  0.904331,  0.622676
  0.904354,  0.662585
  0.904376,  0.702494
  0.904399,  0.742404
  0.904422,  0.782313
  0.904444,  0.822222
  0.904467,  0.862132
  0.904490,  0.902041
  0.904512,  0.941950
  0.904535,  0.981859
  0.904558,  0.978231
  0.904580,  0.938322
  0.904603,  0.898413
  0.904626,  0.858503
  0.904649,  0.818594
  0.904671,  0.778685
  0.904694,  0.738776
  0.904717,  0.698866
  0.904739,  0.658957
  0.904762,  0.619048
  0.904785,  0.579138
  0.904807,  0.539229
  0.904830,  0.499320
  0.904853,  0.459410
  0.904875,  0.419501
  0.904898,  0.379592
  0.904921,  0.339683
  0.904943,  0.299773
  0.904966,  0.259864
  0.904989,  0.219955
  0.905011,  0.180045
  0.905034,  0.140136
  0.905057,  0.100227
  0.905079,  0.060317
  0.905102,  0.020408
  0.905125, -0.019501
  0.905147, -0.059410
  0.905170, -0.099320
  0.905193, -0.139229
  0.905215, -0.179138
  0.905238, -0.219048
  0.905261, -0.258957
  0.905283, -0.298866
  0.905306, -0.338776
  0.905329, -0.378685
  0.905351, -0.418594
  0.905374, -0.458503
  0.905397, -0.498413
  0.905420, -0.538322
  0.905442, -0.578231
  0.905465, -0.618141
  0.905488, -0.658050
  0.905510, -0.697959
  0.905533, -0.737868
  0.905556, -0.777778
  0.905578, -0.817687
  0.905601, -0.857596
  0.905624, -0.897506
  0.905646, -0.937415
  0.905669, -0.977324
  0.905692, -0.982766
  0.905714, -0.942857
  0.905737, -0.902948
  0.905760, -0.863039
  0.905782, -0.823129
  0.905805, -0.783220
  0.905828, -0.743311
  0.905850, -0.703401
  0.905873, -0.663492
  0.905896, -0.623583
  0.905918, -0.583673
  0.905941, -0.543764
  0.905964, -0.503855
  0.905986, -0.463946
  0.906009, -0.424036
  0.906032, -0.384127
  0.906054, -0.344218
  0.906077, -0.304308
  0.906100, -0.264399
  0.906122, -0.224490
  0.906145, -0.184580
  0.906168, -0.144671
  0.906190, -0.104762
  0.906213, -0.064853
  0.906236, -0.024943
  0.906259,  0.014966
  0.906281,  0.054875
  0.906304,  0.094785
  0.906327,  0.134694
  0.906349,  0.174603
  0.906372,  0.214512
  0.906395,  0.254422
  0.906417,  0.294331
  0.906440,  0.334240
  0.906463,  0.374150
  0.906485,  0.414059
  0.906508,  0.453968
  0.906531,  0.493878
  0.906553,  0.533787
  0.906576,  0.573696
  0.906599,  0.613605
  0.906621,  0.653515
  0.906644,  0.693424
  0.906667,  0.733333
  0.906689,  0.773243
  0.906712,  0.813152
  0.906735,  0.853061
  0.906757,  0.892971
  0.906780,  0.932880
  0.906803,  0.972789
  0.906825,  0.987302
  0.906848,  0.947392
  0.906871,  0.907483
  0.906893,  0.867574
  0.906916,  0.827664
  0.906939,  0.787755
  0.906961,  0.747846
  0.906984,  0.707937
  0.907007,  0.668027
  0.907029,  0.628118
  0.907052,  0.588209
  0.907075,  0.548299
  0.907098,  0.508390
  0.907120,  0.468481
  0.907143,  0.428571
  0.907166,  0.388662
  0.907188,  0.348753
  0.907211,  0.308844
  0.907234,  0.268934
  0.907256,  0.229025
  0.907279,  0.189116
  0.907302,  0.149206
  0.907324,  0.109297
  0.907347,  0.069388
  0.907370,  0.029478
  0.907392, -0.010431
  0.907415, -0.050340
  0.907438, -0.090249
  0.907460, -0.130159
  0.907483, -0.170068
  0.907506, -0.209977
  0.907528, -0.249887
  0.907551, -0.289796
  0.907574, -0.329705
  0.907596, -0.369615
  0.907619, -0.409524
  0.907642, -0.449433
  0.907664, -0.489342
  0.907687, -0.529252
  0.907710, -0.569161
  0.907732, -0.609070
  0.907755, -0.648980
  0.907778, -0.688889
  0.907800, -0.728798
  0.907823, -0.768707
  0.907846, -0.808617
  0.907868, -0.848526
  0.907891, -0.888435
  0.907914, -0.928345
  0.907937, -0.968254
  0.907959, -0.991837
  0.907982, -0.951927
  0.908005, -0.912018
  0.908027, -0.872109
  0.908050, -0.832200
  0.908073, -0.792290
  0.908095, -0.752381
  0.908118, -0.712472
  0.908141, -0.672562
  0.908163, -0.632653
  0.908186, -0.592744
  0.908209, -0.552834
  0.908231, -0.512925
  0.908254, -0.473016
  0.908277, -0.433107
  0.908299, -0.393197
  0.908322, -0.353288
  0.908345, -0.313379
  0.908367, -0.273469
  0.908390, -0.233560
  0.908413, -0.193651
  0.908435, -0.153741
  0.908458, -0.113832
  0.908481, -0.073923
  0.908503, -0.034014
  0.908526,  0.005896
  0.908549,  0.045805
  0.908571,  0.085714
  0.908594,  0.125624
  0.908617,  0.165533
  0.908639,  0.205442
  0.908662,  0.245351
  0.908685,  0.285261
  0.908707,  0.325170
  0.908730,  0.365079
  0.908753,  0.404989
  0.908776,  0.444898
  0.908798,  0.484807
  0.908821,  0.524717
  0.908844,  0.564626
  0.908866,  0.604535
  0.908889,  0.644444
  0.908912,  0.684354
  0.908934,  0.724263
  0.908957,  0.764172
  0.908980,  0.804082
  0.909002,  0.843991
  0.909025,  0.883900
  0.909048,  0.923810
  0.909070,  0.963719
  0.909093,  0.996372
  0.909116,  0.956463
  0.909138,  0.916553
  0.909161,  0.876644
  0.909184,  0.836735
  0.909206,  0.796825
  0.909229,  0.756916
  0.909252,  0.717007
  0.909274,  0.677098
  0.909297,  0.637188
  0.909320,  0.597279
  0.909342,  0.557370
  0.909365,  0.517460
  0.909388,  0.477551
  0.909410,  0.437642
  0.909433,  0.397732
  0.909456,  0.357823
  0.909478,  0.317914
  0.909501,  0.278005
  0.909524,  0.238095
  0.909546,  0.198186
  0.909569,  0.158277
  0.909592,  0.118367
  0.909615,  0.078458
  0.909637,  0.038549
  0.909660, -0.001361
  0.909683, -0.041270
  0.909705, -0.081179
  0.909728, -0.121088
  0.909751, -0.160998
  0.909773, -0.200907
  0.909796, -0.240816
  0.909819, -0.280726
  0.909841, -0.320635
  0.909864, -0.360544
  0.909887, -0.400454
  0.909909, -0.440363
  0.909932, -0.480272
  0.909955, -0.520181
  0.909977, -0.560091
  0.910000, -0.600000
  0.910023, -0.639909
  0.910045, -0.679819
  0.910068, -0.719728
  0.910091, -0.759637
  0.910113, -0.799546
  0.910136, -0.839456
  0.910159, -0.879365
  0.910181, -0.919274
  0.910204, -0.959184
  0.910227, -0.999093
  0.910249, -0.960998
  0.910272, -0.921088
  0.910295, -0.881179
  0.910317, -0.841270
  0.910340, -0.801361
  0.910363, -0.761451
  0.910385, -0.721542
  0.910408, -0.681633
  0.910431, -0.641723
  0.910454, -0.601814
  0.910476, -0.561905
  0.910499, -0.521995
  0.910522, -0.482086
  0.910544, -0.442177
  0.910567, -0.402268
  0.910590, -0.362358
  0.910612, -0.322449
  0.910635, -0.282540
  0.910658, -0.242630
  0.910680, -0.202721
  0.910703, -0.162812
  0.910726, -0.122902
  0.910748, -0.082993
  0.910771, -0.043084
  0.910794, -0.003175
  0.910816,  0.036735
  0.910839,  0.076644
  0.910862,  0.116553
  0.910884,  0.156463
  0.910907,  0.196372
  0.910930,  0.236281
  0.910952,  0.276190
  0.910975,  0.316100
  0.910998,  0.356009
  0.911020,  0.395918
  0.911043,  0.435828
  0.911066,  0.475737
  0.911088,  0.515646
  0.911111,  0.555556
  0.911134,  0.595465
  0.911156,  0.635374
  0.911179,  0.675283
  0.911202,  0.715193
  0.911224,  0.755102
  0.911247,  0.795011
  0.911270,  0.834921
  0.911293,  0.874830
  0.911315,  0.914739
  0.911338,  0.954649
  0.911361,  0.994558
  0.911383,  0.965533
  0.911406,  0.925624
  0.911429,  0.885714
  0.911451,  0.845805
  0.911474,  0.805896
  0.911497,  0.765986
  0.911519,  0.726077
  0.911542,  0.686168
  0.911565,  0.646259
  0.911587,  0.606349
  0.911610,  0.566440
  0.911633,  0.526531
  0.911655,  0.486621
  0.911678,  0.446712
  0.911701,  0.406803
  0.911723,  0.366893
  0.911746,  0.326984
  0.911769,  0.287075
  0.911791,  0.247166
  0.911814,  0.207256
  0.911837,  0.167347
  0.911859,  0.127438
  0.911882,  0.087528
  0.911905,  0.047619
  0.911927,  0.007710
  0.911950, -0.032200
  0.911973, -0.072109
  0.911995, -0.112018
  0.912018, -0.151927
  0.912041, -0.191837
  0.912063, -0.231746
  0.912086, -0.271655
  0.912109, -0.311565
  0.912132, -0.351474
  0.912154, -0.391383
  0.912177, -0.431293
  0.912200, -0.471202
  0.912222, -0.511111
  0.912245, -0.551020
  0.912268, -0.590930
  0.912290, -0.630839
  0.912313, -0.670748
  0.912336, -0.710658
  0.912358, -0.750567
  0.912381, -0.790476
  0.912404, -0.830385
  0.912426, -0.870295
  0.912449, -0.910204
  0.912472, -0.950113
  0.912494, -0.990023
  0.912517, -0.970068
  0.912540, -0.930159
  0.912562, -0.890249
  0.912585, -0.850340
  0.912608, -0.810431
  0.912630, -0.770522
  0.912653, -0.730612
  0.912676, -0.690703
  0.912698, -0.650794
  0.912721, -0.610884
  0.912744, -0.570975
  0.912766, -0.531066
  0.912789, -0.491156
  0.912812, -0.451247
  0.912834, -0.411338
  0.912857, -0.371429
  0.912880, -0.331519
  0.912902, -0.291610
  0.912925, -0.251701
  0.912948, -0.211791
  0.912971, -0.171882
  0.912993, -0.131973
  0.913016, -0.092063
  0.913039, -0.052154
  0.913061, -0.012245
  0.913084,  0.027664
  0.913107,  0.067574
  0.913129,  0.107483
  0.913152,  0.147392
  0.913175,  0.187302
  0.913197,  0.227211
  0.913220,  0.267120
  0.913243,  0.307029
  0.913265,  0.346939
  0.913288,  0.386848
  0.913311,  0.426757
  0.913333,  0.466667
  0.913356,  0.506576
  0.913379,  0.546485
  0.913401,  0.586395
  0.913424,  0.626304
  0.913447,  0.666213
  0.913469,  0.706122
  0.913492,  0.746032
  0.913515,  0.785941
  0.913537,  0.825850
  0.913560,  0.865760
  0.913583,  0.905669
  0.913605,  0.945578
  0.913628,  0.985488
  0.913651,  0.974603
  0.913673,  0.934694
  0.913696,  0.894785
  0.913719,  0.854875
  0.913741,  0.814966
  0.913764,  0.775057
  0.913787,  0.735147
  0.913810,  0.695238
  0.913832,  0.655329
  0.913855,  0.615420
  0.913878,  0.575510
  0.913900,  0.535601
  0.913923,  0.495692
  0.913946,  0.455782
  0.913968,  0.415873
  0.913991,  0.375964
  0.914014,  0.336054
  0.914036,  0.296145
  0.914059,  0.256236
  0.914082,  0.216327
  0.914104,  0.176417
  0.914127,  0.136508
  0.914150,  0.096599
  0.914172,  0.056689
  0.914195,  0.016780
  0.914218, -0.023129
  0.914240, -0.063039
  0.914263, -0.102948
  0.914286, -0.142857
  0.914308, -0.182766
  0.914331, -0.222676
  0.914354, -0.262585
  0.914376, -0.302494
  0.914399, -0.342404
  0.914422, -0.382313
  0.914444, -0.422222
  0.914467, -0.462132
  0.914490, -0.502041
  0.914512, -0.541950
  0.914535, -0.581859
  0.914558, -0.621769
  0.914580, -0.661678
  0.914603, -0.701587
  0.914626, -0.741497
  0.914649, -0.781406
  0.914671, -0.821315
  0.914694, -0.861224
  0.914717, -0.901134
  0.914739, -0.941043
  0.914762, -0.980952
  0.914785, -0.979138
  0.914807, -0.939229
  0.914830, -0.899320
  0.914853, -0.859410
  0.914875, -0.819501
  0.914898, -0.779592
  0.914921, -0.739683
  0.914943, -0.699773
  0.914966, -0.659864
  0.914989, -0.619955
  0.915011, -0.580045
  0.915034, -0.540136
  0.915057, -0.500227
  0.915079, -0.460317
  0.915102, -0.420408
  0.915125, -0.380499
  0.915147, -0.340590
  0.915170, -0.300680
  0.915193, -0.260771
  0.915215, -0.220862
  0.915238, -0.180952
  0.915261, -0.141043
  0.915283, -0.101134
  0.915306, -0.061224
  0.915329, -0.021315
  0.915351,  0.018594
  0.915374,  0.058503
  0.915397,  0.098413
  0.915420,  0.138322
  0.915442,  0.178231
  0.915465,  0.218141
  0.915488,  0.258050
  0.915510,  0.297959
  0.915533,  0.337868
  0.915556,  0.377778
  0.915578,  0.417687
  0.915601,  0.457596
  0.915624,  0.497506
  0.915646,  0.537415
  0.915669,  0.577324
  0.915692,  0.617234
  0.915714,  0.657143
  0.915737,  0.697052
  0.915760,  0.736961
  0.915782,  0.776871
  0.915805,  0.816780
  0.915828,  0.856689
  0.915850,  0.896599
  0.915873,  0.936508
  0.915896,  0.976417
  0.915918,  0.983673
  0.915941,  0.943764
  0.915964,  0.903855
  0.915986,  0.863946
  0.916009,  0.824036
  0.916032,  0.784127
  0.916054,  0.744218
  0.916077,  0.704308
  0.916100,  0.664399
  0.916122,  0.624490
  0.916145,  0.584580
  0.916168,  0.544671
  0.916190,  0.504762
  0.916213,  0.464853
  0.916236,  0.424943
  0.916259,  0.385034
  0.916281,  0.345125
  0.916304,  0.305215
  0.916327,  0.265306
  0.916349,  0.225397
  0.916372,  0.185488
  0.916395,  0.145578
  0.916417,  0.105669
  0.916440,  0.065760
  0.916463,  0.025850
  0.916485, -0.014059
  0.916508, -0.053968
  0.916531, -0.093878
  0.916553, -0.133787
  0.916576, -0.173696
  0.916599, -0.213605
  0.916621, -0.253515
  0.916644, -0.293424
  0.916667, -0.333333
  0.916689, -0.373243
  0.916712, -0.413152
  0.916735, -0.453061
  0.916757, -0.492971
  0.916780, -0.532880
  0.916803, -0.572789
  0.916825, -0.612698
  0.916848, -0.652608
  0.916871, -0.692517
  0.916893, -0.732426
  0.916916, -0.772336
  0.916939, -0.812245
  0.916961, -0.852154
  0.916984, -0.892063
  0.917007, -0.931973
  0.917029, -0.971882
  0.917052, -0.988209
  0.917075, -0.948299
  0.917098, -0.908390
  0.917120, -0.868481
  0.917143, -0.828571
  0.917166, -0.788662
  0.917188, -0.748753
  0.917211, -0.708844
  0.917234, -0.668934
  0.917256, -0.629025
  0.917279, -0.589116
  0.917302, -0.549206
  0.917324, -0.509297
  0.917347, -0.469388
  0.917370, -0.429478
  0.917392, -0.389569
  0.917415, -0.349660
  0.917438, -0.309751
  0.917460, -0.269841
  0.917483, -0.229932
  0.917506, -0.190023
  0.917528, -0.150113
  0.917551, -0.110204
  0.917574, -0.070295
  0.917596, -0.030385
  0.917619,  0.009524
  0.917642,  0.049433
  0.917664,  0.089342
  0.917687,  0.129252
  0.917710,  0.169161
  0.917732,  0.209070
  0.917755,  0.248980
  0.917778,  0.288889
  0.917800,  0.328798
  0.917823,  0.368707
  0.917846,  0.408617
  0.917868,  0.448526
  0.917891,  0.488435
  0.917914,  0.528345
  0.917937,  0.568254
  0.917959,  0.608163
  0.917982,  0.648073
  0.918005,  0.687982
  0.918027,  0.727891
  0.918050,  0.767800
  0.918073,  0.807710
  0.918095,  0.847619
  0.918118,  0.887528
  0.918141,  0.927438
  0.918163,  0.967347
  0.918186,  0.992744
  0.918209,  0.952834
  0.918231,  0.912925
  0.918254,  0.873016
  0.918277,  0.833107
  0.918299,  0.793197
  0.918322,  0.753288
  0.918345,  0.713379
  0.918367,  0.673469
  0.918390,  0.633560
  0.918413,  0.593651
  0.918435,  0.553741
  0.918458,  0.513832
  0.918481,  0.473923
  0.918503,  0.434014
  0.918526,  0.394104
  0.918549,  0.354195
  0.918571,  0.314286
  0.918594,  0.274376
  0.918617,  0.234467
  0.918639,  0.194558
  0.918662,  0.154649
  0.918685,  0.114739
  0.918707,  0.074830
  0.918730,  0.034921
  0.918753, -0.004989
  0.918776, -0.044898
  0.918798, -0.084807
  0.918821, -0.124717
  0.918844, -0.164626
  0.918866, -0.204535
  0.918889, -0.244444
  0.918912, -0.284354
  0.918934, -0.324263
  0.918957, -0.364172
  0.918980, -0.404082
  0.919002, -0.443991
  0.919025, -0.483900
  0.919048, -0.523810
  0.919070, -0.563719
  0.919093, -0.603628
  0.919116, -0.643537
  0.919138, -0.683447
  0.919161, -0.723356
  0.919184, -0.763265
  0.919206, -0.803175
  0.919229, -0.843084
  0.919252, -0.882993
  0.919274, -0.922902
  0.919297, -0.962812
  0.919320, -0.997279
  0.919342, -0.957370
  0.919365, -0.917460
  0.919388, -0.877551
  0.919410, -0.837642
  0.919433, -0.797732
  0.919456, -0.757823
  0.919478, -0.717914
  0.919501, -0.678005
  0.919524, -0.638095
  0.919546, -0.598186
  0.919569, -0.558277
  0.919592, -0.518367
  0.919615, -0.478458
  0.919637, -0.438549
  0.919660, -0.398639
  0.919683, -0.358730
  0.919705, -0.318821
  0.919728, -0.278912
  0.919751, -0.239002
  0.919773, -0.199093
  0.919796, -0.159184
  0.919819, -0.119274
  0.919841, -0.079365
  0.919864, -0.039456
  0.919887,  0.000454
  0.919909,  0.040363
  0.919932,  0.080272
  0.919955,  0.120181
  0.919977,  0.160091
  0.920000,  0.200000
  0.920023,  0.239909
  0.920045,  0.279819
  0.920068,  0.319728
  0.920091,  0.359637
  0.920113,  0.399546
  0.920136,  0.439456
  0.920159,  0.479365
  0.920181,  0.519274
  0.920204,  0.559184
  0.920227,  0.599093
  0.920249,  0.639002
  0.920272,  0.678912
  0.920295,  0.718821
  0.920317,  0.758730
  0.920340,  0.798639
  0.920363,  0.838549
  0.920385,  0.878458
  0.920408,  0.918367
  0.920431,  0.958277
  0.920454,  0.998186
  0.920476,  0.961905
  0.920499,  0.921995
  0.920522,  0.882086
  0.920544,  0.842177
  0.920567,  0.802268
  0.920590,  0.762358
  0.920612,  0.722449
  0.920635,  0.682540
  0.920658,  0.642630
  0.920680,  0.602721
  0.920703,  0.562812
  0.920726,  0.522902
  0.920748,  0.482993
  0.920771,  0.443084
  0.920794,  0.403175
  0.920816,  0.363265
  0.920839,  0.323356
  0.920862,  0.283447
  0.920884,  0.243537
  0.920907,  0.203628
  0.920930,  0.163719
  0.920952,  0.123810
  0.920975,  0.083900
  0.920998,  0.043991
  0.921020,  0.004082
  0.921043, -0.035828
  0.921066, -0.075737
  0.921088, -0.115646
  0.921111, -0.155556
  0.921134, -0.195465
  0.921156, -0.235374
  0.921179, -0.275283
  0.921202, -0.315193
  0.921224, -0.355102
  0.921247, -0.395011
  0.921270, -0.434921
  0.921293, -0.474830
  0.921315, -0.514739
  0.921338, -0.554649
  0.921361, -0.594558
  0.921383, -0.634467
  0.921406, -0.674376
  0.921429, -0.714286
  0.921451, -0.754195
  0.921474, -0.794104
  0.921497, -0.834014
  0.921519, -0.873923
  0.921542, -0.913832
  0.921565, -0.953741
  0.921587, -0.993651
  0.921610, -0.966440
  0.921633, -0.926531
  0.921655, -0.886621
  0.921678, -0.846712
  0.921701, -0.806803
  0.921723, -0.766893
  0.921746, -0.726984
  0.921769, -0.687075
  0.921791, -0.647166
  0.921814, -0.607256
  0.921837, -0.567347
  0.921859, -0.527438
  0.921882, -0.487528
  0.921905, -0.447619
  0.921927, -0.407710
  0.921950, -0.367800
  0.921973, -0.327891
  0.921995, -0.287982
  0.922018, -0.248073
  0.922041, -0.208163
  0.922063, -0.168254
  0.922086, -0.128345
  0.922109, -0.088435
  0.922132, -0.048526
  0.922154, -0.008617
  0.922177,  0.031293
  0.922200,  0.071202
  0.922222,  0.111111
  0.922245,  0.151020
  0.922268,  0.190930
  0.922290,  0.230839
  0.922313,  0.270748
  0.922336,  0.310658
  0.922358,  0.350567
  0.922381,  0.390476
  0.922404,  0.430385
  0.922426,  0.470295
  0.922449,  0.510204
  0.922472,  0.550113
  0.922494,  0.590023
  0.922517,  0.629932
  0.922540,  0.669841
  0.922562,  0.709751
  0.922585,  0.749660
  0.922608,  0.789569
  0.922630,  0.829478
  0.922653,  0.869388
  0.922676,  0.909297
  0.922698,  0.949206
  0.922721,  0.989116
  0.922744,  0.970975
  0.922766,  0.931066
  0.922789,  0.891156
  0.922812,  0.851247
  0.922834,  0.811338
  0.922857,  0.771429
  0.922880,  0.731519
  0.922902,  0.691610
  0.922925,  0.651701
  0.922948,  0.611791
  0.922971,  0.571882
  0.922993,  0.531973
  0.923016,  0.492063
  0.923039,  0.452154
  0.923061,  0.412245
  0.923084,  0.372336
  0.923107,  0.332426
  0.923129,  0.292517
  0.923152,  0.252608
  0.923175,  0.212698
  0.923197,  0.172789
  0.923220,  0.132880
  0.923243,  0.092971
  0.923265,  0.053061
  0.923288,  0.013152
  0.923311, -0.026757
  0.923333, -0.066667
  0.923356, -0.106576
  0.923379, -0.146485
  0.923401, -0.186395
  0.923424, -0.226304
  0.923447, -0.266213
  0.923469, -0.306122
  0.923492, -0.346032
  0.923515, -0.385941
  0.923537, -0.425850
  0.923560, -0.465760
  0.923583, -0.505669
  0.923605, -0.545578
  0.923628, -0.585488
  0.923651, -0.625397
  0.923673, -0.665306
  0.923696, -0.705215
  0.923719, -0.745125
  0.923741, -0.785034
  0.923764, -0.824943
  0.923787, -0.864853
  0.923810, -0.904762
  0.923832, -0.944671
  0.923855, -0.984580
  0.923878, -0.975510
  0.923900, -0.935601
  0.923923, -0.895692
  0.923946, -0.855782
  0.923968, -0.815873
  0.923991, -0.775964
  0.924014, -0.736054
  0.924036, -0.696145
  0.924059, -0.656236
  0.924082, -0.616327
  0.924104, -0.576417
  0.924127, -0.536508
  0.924150, -0.496599
  0.924172, -0.456689
  0.924195, -0.416780
  0.924218, -0.376871
  0.924240, -0.336961
  0.924263, -0.297052
  0.924286, -0.257143
  0.924308, -0.217234
  0.924331, -0.177324
  0.924354, -0.137415
  0.924376, -0.097506
  0.924399, -0.057596
  0.924422, -0.017687
  0.924444,  0.022222
  0.924467,  0.062132
  0.924490,  0.102041
  0.924512,  0.141950
  0.924535,  0.181859
  0.924558,  0.221769
  0.924580,  0.261678
  0.924603,  0.301587
  0.924626,  0.341497
  0.924649,  0.381406
  0.924671,  0.421315
  0.924694,  0.461224
  0.924717,  0.501134
  0.924739,  0.541043
  0.924762,  0.580952
  0.924785,  0.620862
  0.924807,  0.660771
  0.924830,  0.700680
  0.924853,  0.740590
  0.924875,  0.780499
  0.924898,  0.820408
  0.924921,  0.860317
  0.924943,  0.900227
  0.924966,  0.940136
  0.924989,  0.980045
  0.925011,  0.980045
  0.925034,  0.940136
  0.925057,  0.900227
  0.925079,  0.860317
  0.925102,  0.820408
  0.925125,  0.780499
  0.925147,  0.740590
  0.925170,  0.700680
  0.925193,  0.660771
  0.925215,  0.620862
  0.925238,  0.580952
  0.925261,  0.541043
  0.925283,  0.501134
  0.925306,  0.461224
  0.925329,  0.421315
  0.925351,  0.381406
  0.925374,  0.341497
  0.925397,  0.301587
  0.925420,  0.261678
  0.925442,  0.221769
  0.925465,  0.181859
  0.925488,  0.141950
  0.925510,  0.102041
  0.925533,  0.062132
  0.925556,  0.022222
  0.925578, -0.017687
  0.925601, -0.057596
  0.925624, -0.097506
  0.925646, -0.137415
  0.925669, -0.177324
  0.925692, -0.217234
  0.925714, -0.257143
  0.925737, -0.297052
  0.925760, -0.336961
  0.925782, -0.376871
  0.925805, -0.416780
  0.925828, -0.456689
  0.925850, -0.496599
  0.925873, -0.536508
  0.925896, -0.576417
  0.925918, -0.616327
  0.925941, -0.656236
  0.925964, -0.696145
  0.925986, -0.736054
  0.926009, -0.775964
  0.926032, -0.815873
  0.926054, -0.855782
  0.926077, -0.895692
  0.926100, -0.935601
  0.926122, -0.975510
  0.926145, -0.984580
  0.926168, -0.944671
  0.926190, -0.904762
  0.926213, -0.864853
  0.926236, -0.824943
  0.926259, -0.785034
  0.926281, -0.745125
  0.926304, -0.705215
  0.926327, -0.665306
  0.926349, -0.625397
  0.926372, -0.585488
  0.926395, -0.545578
  0.926417, -0.505669
  0.926440, -0.465760
  0.926463, -0.425850
  0.926485, -0.385941
  0.926508, -0.346032
  0.926531, -0.306122
  0.926553, -0.266213
  0.926576, -0.226304
  0.926599, -0.186395
  0.926621, -0.146485
  0.926644, -0.106576
  0.926667, -0.066667
  0.926689, -0.026757
  0.926712,  0.013152
  0.926735,  0.053061
  0.926757,  0.092971
  0.926780,  0.132880
  0.926803,  0.172789
  0.926825,  0.212698
  0.926848,  0.252608
  0.926871,  0.292517
  0.926893,  0.332426
  0.926916,  0.372336
  0.926939,  0.412245
  0.926961,  0.452154
  0.926984,  0.492063
  0.927007,  0.531973
  0.927029,  0.571882
  0.927052,  0.611791
  0.927075,  0.651701
  0.927098,  0.691610
  0.927120,  0.731519
  0.927143,  0.771429
  0.927166,  0.811338
  0.927188,  0.851247
  0.927211,  0.891156
  0.927234,  0.931066
  0.927256,  0.970975
  0.927279,  0.989116
  0.927302,  0.949206
  0.927324,  0.909297
  0.927347,  0.869388
  0.927370,  0.829478
  0.927392,  0.789569
  0.927415,  0.749660
  0.927438,  0.709751
  0.927460,  0.669841
  0.927483,  0.629932
  0.927506,  0.590023
  0.927528,  0.550113
  0.927551,  0.510204
  0.927574,  0.470295
  0.927596,  0.430385
  0.927619,  0.390476
  0.927642,  0.350567
  0.927664,  0.310658
  0.927687,  0.270748
  0.927710,  0.230839
  0.927732,  0.190930
  0.927755,  0.151020
  0.927778,  0.111111
  0.927800,  0.071202
  0.927823,  0.031293
  0.927846, -0.008617
  0.927868, -0.048526
  0.927891, -0.088435
  0.927914, -0.128345
  0.927937, -0.168254
  0.927959, -0.208163
  0.927982, -0.248073
  0.928005, -0.287982
  0.928027, -0.327891
  0.928050, -0.367800
  0.928073, -0.407710
  0.928095, -0.447619
  0.928118, -0.487528
  0.928141, -0.527438
  0.928163, -0.567347
  0.928186, -0.607256
  0.928209, -0.647166
  0.928231, -0.687075
  0.928254, -0.726984
  0.928277, -0.766893
  0.928299, -0.806803
  0.928322, -0.846712
  0.928345, -0.886621
  0.928367, -0.926531
  0.928390, -0.966440
  0.928413, -0.993651
  0.928435, -0.953741
  0.928458, -0.913832
  0.928481, -0.873923
  0.928503, -0.834014
  0.928526, -0.794104
  0.928549, -0.754195
  0.928571, -0.714286
  0.928594, -0.674376
  0.928617, -0.634467
  0.928639, -0.594558
  0.928662, -0.554649
  0.928685, -0.514739
  0.928707, -0.474830
  0.928730, -0.434921
  0.928753, -0.395011
  0.928776, -0.355102
  0.928798, -0.315193
  0.928821, -0.275283
  0.928844, -0.235374
  0.928866, -0.195465
  0.928889, -0.155556
  0.928912, -0.115646
  0.928934, -0.075737
  0.928957, -0.035828
  0.928980,  0.004082
  0.929002,  0.043991
  0.929025,  0.083900
  0.929048,  0.123810
  0.929070,  0.163719
  0.929093,  0.203628
  0.929116,  0.243537
  0.929138,  0.283447
  0.929161,  0.323356
  0.929184,  0.363265
  0.929206,  0.403175
  0.929229,  0.443084
  0.929252,  0.482993
  0.929274,  0.522902
  0.929297,  0.562812
  0.929320,  0.602721
  0.929342,  0.642630
  0.929365,  0.682540
  0.929388,  0.722449
  0.929410,  0.762358
  0.929433,  0.802268
  0.929456,  0.842177
  0.929478,  0.882086
  0.929501,  0.921995
  0.929524,  0.961905
  0.929546,  0.998186
  0.929569,  0.958277
  0.929592,  0.918367
  0.929615,  0.878458
  0.929637,  0.838549
  0.929660,  0.798639
  0.929683,  0.758730
  0.929705,  0.718821
  0.929728,  0.678912
  0.929751,  0.639002
  0.929773,  0.599093
  0.929796,  0.559184
  0.929819,  0.519274
  0.929841,  0.479365
  0.929864,  0.439456
  0.929887,  0.399546
  0.929909,  0.359637
  0.929932,  0.319728
  0.929955,  0.279819
  0.929977,  0.239909
  0.930000,  0.200000
  0.930023,  0.160091
  0.930045,  0.120181
  0.930068,  0.080272
  0.930091,  0.040363
  0.930113,  0.000454
  0.930136, -0.039456
  0.930159, -0.079365
  0.930181, -0.119274
  0.930204, -0.159184
  0.930227, -0.199093
  0.930249, -0.239002
  0.930272, -0.278912
  0.930295, -0.318821
  0.930317, -0.358730
  0.930340, -0.398639
  0.930363, -0.438549
  0.930385, -0.478458
  0.930408, -0.518367
  0.930431, -0.558277
  0.930454, -0.598186
  0.930476, -0.638095
  0.930499, -0.678005
  0.930522, -0.717914
  0.930544, -0.757823
  0.930567, -0.797732
  0.930590, -0.837642
  0.930612, -0.877551
  0.930635, -0.917460
  0.930658, -0.957370
  0.930680, -0.997279
  0.930703, -0.962812
  0.930726, -0.922902
  0.930748, -0.882993
  0.930771, -0.843084
  0.930794, -0.803175
  0.930816, -0.763265
  0.930839, -0.723356
  0.930862, -0.683447
  0.930884, -0.643537
  0.930907, -0.603628
  0.930930, -0.563719
  0.930952, -0.523810
  0.930975, -0.483900
  0.930998, -0.443991
  0.931020, -0.404082
  0.931043, -0.364172
  0.931066, -0.324263
  0.931088, -0.284354
  0.931111, -0.244444
  0.931134, -0.204535
  0.931156, -0.164626
  0.931179, -0.124717
  0.931202, -0.084807
  0.931224, -0.044898
  0.931247, -0.004989
  0.931270,  0.034921
  0.931293,  0.074830
  0.931315,  0.114739
  0.931338,  0.154649
  0.931361,  0.194558
  0.931383,  0.234467
  0.931406,  0.274376
  0.931429,  0.314286
  0.931451,  0.354195
  0.931474,  0.394104
  0.931497,  0.434014
  0.931519,  0.473923
  0.931542,  0.513832
  0.931565,  0.553741
  0.931587,  0.593651
  0.931610,  0.633560
  0.931633,  0.673469
  0.931655,  0.713379
  0.931678,  0.753288
  0.931701,  0.793197
  0.931723,  0.833107
  0.931746,  0.873016
  0.931769,  0.912925
  0.931791,  0.952834
  0.931814,  0.992744
  0.931837,  0.967347
  0.931859,  0.927438
  0.931882,  0.887528
  0.931905,  0.847619
  0.931927,  0.807710
  0.931950,  0.767800
  0.931973,  0.727891
  0.931995,  0.687982
  0.932018,  0.648073
  0.932041,  0.608163
  0.932063,  0.568254
  0.932086,  0.528345
  0.932109,  0.488435
  0.932132,  0.448526
  0.932154,  0.408617
  0.932177,  0.368707
  0.932200,  0.328798
  0.932222,  0.288889
  0.932245,  0.248980
  0.932268,  0.209070
  0.932290,  0.169161
  0.932313,  0.129252
  0.932336,  0.089342
  0.932358,  0.049433
  0.932381,  0.009524
  0.932404, -0.030385
  0.932426, -0.070295
  0.932449, -0.110204
  0.932472, -0.150113
  0.932494, -0.190023
  0.932517, -0.229932
  0.932540, -0.269841
  0.932562, -0.309751
  0.932585, -0.349660
  0.932608, -0.389569
  0.932630, -0.429478
  0.932653, -0.469388
  0.932676, -0.509297
  0.932698, -0.549206
  0.932721, -0.589116
  0.932744, -0.629025
  0.932766, -0.668934
  0.932789, -0.708844
  0.932812, -0.748753
  0.932834, -0.788662
  0.932857, -0.828571
  0.932880, -0.868481
  0.932902, -0.908390
  0.932925, -0.948299
  0.932948, -0.988209
  0.932971, -0.971882
  0.932993, -0.931973
  0.933016, -0.892063
  0.933039, -0.852154
  0.933061, -0.812245
  0.933084, -0.772336
  0.933107, -0.732426
  0.933129, -0.692517
  0.933152, -0.652608
  0.933175, -0.612698
  0.933197, -0.572789
  0.933220, -0.532880
  0.933243, -0.492971
  0.933265, -0.453061
  0.933288, -0.413152
  0.933311, -0.373243
  0.933333, -0.333333
  0.933356, -0.293424
  0.933379, -0.253515
  0.933401, -0.213605
  0.933424, -0.173696
  0.933447, -0.133787
  0.933469, -0.093878
  0.933492, -0.053968
  0.933515, -0.014059
  0.933537,  0.025850
  0.933560,  0.065760
  0.933583,  0.105669
  0.933605,  0.145578
  0.933628,  0.185488
  0.933651,  0.225397
  0.933673,  0.265306
  0.933696,  0.305215
  0.933719,  0.345125
  0.933741,  0.385034
  0.933764,  0.424943
  0.933787,  0.464853
  0.933810,  0.504762
  0.933832,  0.544671
  0.933855,  0.584580
  0.933878,  0.624490
  0.933900,  0.664399
  0.933923,  0.704308
  0.933946,  0.744218
  0.933968,  0.784127
  0.933991,  0.824036
  0.934014,  0.863946
  0.934036,  0.903855
  0.934059,  0.943764
  0.934082,  0.983673
  0.934104,  0.976417
  0.934127,  0.936508
  0.934150,  0.896599
  0.934172,  0.856689
  0.934195,  0.816780
  0.934218,  0.776871
  0.934240,  0.736961
  0.934263,  0.697052
  0.934286,  0.657143
  0.934308,  0.617234
  0.934331,  0.577324
  0.934354,  0.537415
  0.934376,  0.497506
  0.934399,  0.457596
  0.934422,  0.417687
  0.934444,  0.377778
  0.934467,  0.337868
  0.934490,  0.297959
  0.934512,  0.258050
  0.934535,  0.218141
  0.934558,  0.178231
  0.934580,  0.138322
  0.934603,  0.098413
  0.934626,  0.058503
  0.934649,  0.018594
  0.934671, -0.021315
  0.934694, -0.061224
  0.934717, -0.101134
  0.934739, -0.141043
  0.934762, -0.180952
  0.934785, -0.220862
  0.934807, -0.260771
  0.934830, -0.300680
  0.934853, -0.340590
  0.934875, -0.380499
  0.934898, -0.420408
  0.934921, -0.460317
  0.934943, -0.500227
  0.934966, -0.540136
  0.934989, -0.580045
  0.935011, -0.619955
  0.935034, -0.659864
  0.935057, -0.699773
  0.935079, -0.739683
  0.935102, -0.779592
  0.935125, -0.819501
  0.935147, -0.859410
  0.935170, -0.899320
  0.935193, -0.939229
  0.935215, -0.979138
  0.935238, -0.980952
  0.935261, -0.941043
  0.935283, -0.901134
  0.935306, -0.861224
  0.935329, -0.821315
  0.935351, -0.781406
  0.935374, -0.741497
  0.935397, -0.701587
  0.935420, -0.661678
  0.935442, -0.621769
  0.935465, -0.581859
  0.935488, -0.541950
  0.935510, -0.502041
  0.935533, -0.462132
  0.935556, -0.422222
  0.935578, -0.382313
  0.935601, -0.342404
  0.935624, -0.302494
  0.935646, -0.262585
  0.935669, -0.222676
  0.935692, -0.182766
  0.935714, -0.142857
  0.935737, -0.102948
  0.935760, -0.063039
  0.935782, -0.023129
  0.935805,  0.016780
  0.935828,  0.056689
  0.935850,  0.096599
  0.935873,  0.136508
  0.935896,  0.176417
  0.935918,  0.216327
  0.935941,  0.256236
  0.935964,  0.296145
  0.935986,  0.336054
  0.936009,  0.375964
  0.936032,  0.415873
  0.936054,  0.455782
  0.936077,  0.495692
  0.936100,  0.535601
  0.936122,  0.575510
  0.936145,  0.615420
  0.936168,  0.655329
  0.936190,  0.695238
  0.936213,  0.735147
  0.936236,  0.775057
  0.936259,  0.814966
  0.936281,  0.854875
  0.936304,  0.894785
  0.936327,  0.934694
  0.936349,  0.974603
  0.936372,  0.985488
  0.936395,  0.945578
  0.936417,  0.905669
  0.936440,  0.865760
  0.936463,  0.825850
  0.936485,  0.785941
  0.936508,  0.746032
  0.936531,  0.706122
  0.936553,  0.666213
  0.936576,  0.626304
  0.936599,  0.586395
  0.936621,  0.546485
  0.936644,  0.506576
  0.936667,  0.466667
  0.936689,  0.426757
  0.936712,  0.386848
  0.936735,  0.346939
  0.936757,  0.307029
  0.936780,  0.267120
  0.936803,  0.227211
  0.936825,  0.187302
  0.936848,  0.147392
  0.936871,  0.107483
  0.936893,  0.067574
  0.936916,  0.027664
  0.936939, -0.012245
  0.936961, -0.052154
  0.936984, -0.092063
  0.937007, -0.131973
  0.937029, -0.171882
  0.937052, -0.211791
  0.937075, -0.251701
  0.937098, -0.291610
  0.937120, -0.331519
  0.937143, -0.371429
  0.937166, -0.411338
  0.937188, -0.451247
  0.937211, -0.491156
  0.937234, -0.531066
  0.937256, -0.570975
  0.937279, -0.610884
  0.937302, -0.650794
  0.937324, -0.690703
  0.937347, -0.730612
  0.937370, -0.770522
  0.937392, -0.810431
  0.937415, -0.850340
  0.937438, -0.890249
  0.937460, -0.930159
  0.937483, -0.970068
  0.937506, -0.990023
  0.937528, -0.950113
  0.937551, -0.910204
  0.937574, -0.870295
  0.937596, -0.830385
  0.937619, -0.790476
  0.937642, -0.750567
  0.937664, -0.710658
  0.937687, -0.670748
  0.937710, -0.630839
  0.937732, -0.590930
  0.937755, -0.551020
  0.937778, -0.511111
  0.937800, -0.471202
  0.937823, -0.431293
  0.937846, -0.391383
  0.937868, -0.351474
  0.937891, -0.311565
  0.937914, -0.271655
  0.937937, -0.231746
  0.937959, -0.191837
  0.937982, -0.151927
  0.938005, -0.112018
  0.938027, -0.072109
  0.938050, -0.032200
  0.938073,  0.007710
  0.938095,  0.047619
  0.938118,  0.087528
  0.938141,  0.127438
  0.938163,  0.167347
  0.938186,  0.207256
  0.938209,  0.247166
  0.938231,  0.287075
  0.938254,  0.326984
  0.938277,  0.366893
  0.938299,  0.406803
  0.938322,  0.446712
  0.938345,  0.486621
  0.938367,  0.526531
  0.938390,  0.566440
  0.938413,  0.606349
  0.938435,  0.646259
  0.938458,  0.686168
  0.938481,  0.726077
  0.938503,  0.765986
  0.938526,  0.805896
  0.938549,  0.845805
  0.938571,  0.885714
  0.938594,  0.925624
  0.938617,  0.965533
  0.938639,  0.994558
  0.938662,  0.954649
  0.938685,  0.914739
  0.938707,  0.874830
  0.938730,  0.834921
  0.938753,  0.795011
  0.938776,  0.755102
  0.938798,  0.715193
  0.938821,  0.675283
  0.938844,  0.635374
  0.938866,  0.595465
  0.938889,  0.555556
  0.938912,  0.515646
  0.938934,  0.475737
  0.938957,  0.435828
  0.938980,  0.395918
  0.939002,  0.356009
  0.939025,  0.316100
  0.939048,  0.276190
  0.939070,  0.236281
  0.939093,  0.196372
  0.939116,  0.156463
  0.939138,  0.116553
  0.939161,  0.076644
  0.939184,  0.036735
  0.939206, -0.003175
  0.939229, -0.043084
  0.939252, -0.082993
  0.939274, -0.122902
  0.939297, -0.162812
  0.939320, -0.202721
  0.939342, -0.242630
  0.939365, -0.282540
  0.939388, -0.322449
  0.939410, -0.362358
  0.939433, -0.402268
  0.939456, -0.442177
  0.939478, -0.482086
  0.939501, -0.521995
  0.939524, -0.561905
  0.939546, -0.601814
  0.939569, -0.641723
  0.939592, -0.681633
  0.939615, -0.721542
  0.939637, -0.761451
  0.939660, -0.801361
  0.939683, -0.841270
  0.939705, -0.881179
  0.939728, -0.921088
  0.939751, -0.960998
  0.939773, -0.999093
  0.939796, -0.959184
  0.939819, -0.919274
  0.939841, -0.879365
  0.939864, -0.839456
  0.939887, -0.799546
  0.939909, -0.759637
  0.939932, -0.719728
  0.939955, -0.679819
  0.939977, -0.639909
  0.940000, -0.600000
  0.940023, -0.560091
  0.940045, -0.520181
  0.940068, -0.480272
  0.940091, -0.440363
  0.940113, -0.400454
  0.940136, -0.360544
  0.940159, -0.320635
  0.940181, -0.280726
  0.940204, -0.240816
  0.940227, -0.200907
  0.940249, -0.160998
  0.940272, -0.121088
  0.940295, -0.081179
  0.940317, -0.041270
  0.940340, -0.001361
  0.940363,  0.038549
  0.940385,  0.078458
  0.940408,  0.118367
  0.940431,  0.158277
  0.940454,  0.198186
  0.940476,  0.238095
  0.940499,  0.278005
  0.940522,  0.317914
  0.940544,  0.357823
  0.940567,  0.397732
  0.940590,  0.437642
  0.940612,  0.477551
  0.940635,  0.517460
  0.940658,  0.557370
  0.940680,  0.597279
  0.940703,  0.637188
  0.940726,  0.677098
  0.940748,  0.717007
  0.940771,  0.756916
  0.940794,  0.796825
  0.940816,  0.836735
  0.940839,  0.876644
  0.940862,  0.916553
  0.940884,  0.956463
  0.940907,  0.996372
  0.940930,  0.963719
  0.940952,  0.923810
  0.940975,  0.883900
  0.940998,  0.843991
  0.941020,  0.804082
  0.941043,  0.764172
  0.941066,  0.724263
  0.941088,  0.684354
  0.941111,  0.644444
  0.941134,  0.604535
  0.941156,  0.564626
  0.941179,  0.524717
  0.941202,  0.484807
  0.941224,  0.444898
  0.941247,  0.404989
  0.941270,  0.365079
  0.941293,  0.325170
  0.941315,  0.285261
  0.941338,  0.245351
  0.941361,  0.205442
  0.941383,  0.165533
  0.941406,  0.125624
  0.941429,  0.085714
  0.941451,  0.045805
  0.941474,  0.005896
  0.941497, -0.034014
  0.941519, -0.073923
  0.941542, -0.113832
  0.941565, -0.153741
  0.941587, -0.193651
  0.941610, -0.233560
  0.941633, -0.273469
  0.941655, -0.313379
  0.941678, -0.353288
  0.941701, -0.393197
  0.941723, -0.433107
  0.941746, -0.473016
  0.941769, -0.512925
  0.941791, -0.552834
  0.941814, -0.592744
  0.941837, -0.632653
  0.941859, -0.672562
  0.941882, -0.712472
  0.941905, -0.752381
  0.941927, -0.792290
  0.941950, -0.832200
  0.941973, -0.872109
  0.941995, -0.912018
  0.942018, -0.951927
  0.942041, -0.991837
  0.942063, -0.968254
  0.942086, -0.928345
  0.942109, -0.888435
  0.942132, -0.848526
  0.942154, -0.808617
  0.942177, -0.768707
  0.942200, -0.728798
  0.942222, -0.688889
  0.942245, -0.648980
  0.942268, -0.609070
  0.942290, -0.569161
  0.942313, -0.529252
  0.942336, -0.489342
  0.942358, -0.449433
  0.942381, -0.409524
  0.942404, -0.369615
  0.942426, -0.329705
  0.942449, -0.289796
  0.942472, -0.249887
  0.942494, -0.209977
  0.942517, -0.170068
  0.942540, -0.130159
  0.942562, -0.090249
  0.942585, -0.050340
  0.942608, -0.010431
  0.942630,  0.029478
  0.942653,  0.069388
  0.942676,  0.109297
  0.942698,  0.149206
  0.942721,  0.189116
  0.942744,  0.229025
  0.942766,  0.268934
  0.942789,  0.308844
  0.942812,  0.348753
  0.942834,  0.388662
  0.942857,  0.428571
  0.942880,  0.468481
  0.942902,  0.508390
  0.942925,  0.548299
  0.942948,  0.588209
  0.942971,  0.628118
  0.942993,  0.668027
  0.943016,  0.707937
  0.943039,  0.747846
  0.943061,  0.787755
  0.943084,  0.827664
  0.943107,  0.867574
  0.943129,  0.907483
  0.943152,  0.947392
  0.943175,  0.987302
  0.943197,  0.972789
  0.943220,  0.932880
  0.943243,  0.892971
  0.943265,  0.853061
  0.943288,  0.813152
  0.943311,  0.773243
  0.943333,  0.733333
  0.943356,  0.693424
  0.943379,  0.653515
  0.943401,  0.613605
  0.943424,  0.573696
  0.943447,  0.533787
  0.943469,  0.493878
  0.943492,  0.453968
  0.943515,  0.414059
  0.943537,  0.374150
  0.943560,  0.334240
  0.943583,  0.294331
  0.943605,  0.254422
  0.943628,  0.214512
  0.943651,  0.174603
  0.943673,  0.134694
  0.943696,  0.094785
  0.943719,  0.054875
  0.943741,  0.014966
  0.943764, -0.024943
  0.943787, -0.064853
  0.943810, -0.104762
  0.943832, -0.144671
  0.943855, -0.184580
  0.943878, -0.224490
  0.943900, -0.264399
  0.943923, -0.304308
  0.943946, -0.344218
  0.943968, -0.384127
  0.943991, -0.424036
  0.944014, -0.463946
  0.944036, -0.503855
  0.944059, -0.543764
  0.944082, -0.583673
  0.944104, -0.623583
  0.944127, -0.663492
  0.944150, -0.703401
  0.944172, -0.743311
  0.944195, -0.783220
  0.944218, -0.823129
  0.944240, -0.863039
  0.944263, -0.902948
  0.944286, -0.942857
  0.944308, -0.982766
  0.944331, -0.977324
  0.944354, -0.937415
  0.944376, -0.897506
  0.944399, -0.857596
  0.944422, -0.817687
  0.944444, -0.777778
  0.944467, -0.737868
  0.944490, -0.697959
  0.944512, -0.658050
  0.944535, -0.618141
  0.944558, -0.578231
  0.944580, -0.538322
  0.944603, -0.498413
  0.944626, -0.458503
  0.944649, -0.418594
  0.944671, -0.378685
  0.944694, -0.338776
  0.944717, -0.298866
  0.944739, -0.258957
  0.944762, -0.219048
  0.944785, -0.179138
  0.944807, -0.139229
  0.944830, -0.099320
  0.944853, -0.059410
  0.944875, -0.019501
  0.944898,  0.020408
  0.944921,  0.060317
  0.944943,  0.100227
  0.944966,  0.140136
  0.944989,  0.180045
  0.945011,  0.219955
  0.945034,  0.259864
  0.945057,  0.299773
  0.945079,  0.339683
  0.945102,  0.379592
  0.945125,  0.419501
  0.945147,  0.459410
  0.945170,  0.499320
  0.945193,  0.539229
  0.945215,  0.579138
  0.945238,  0.619048
  0.945261,  0.658957
  0.945283,  0.698866
  0.945306,  0.738776
  0.945329,  0.778685
  0.945351,  0.818594
  0.945374,  0.858503
  0.945397,  0.898413
  0.945420,  0.938322
  0.945442,  0.978231
  0.945465,  0.981859
  0.945488,  0.941950
  0.945510,  0.902041
  0.945533,  0.862132
  0.945556,  0.822222
  0.945578,  0.782313
  0.945601,  0.742404
  0.945624,  0.702494
  0.945646,  0.662585
  0.945669,  0.622676
  0.945692,  0.582766
  0.945714,  0.542857
  0.945737,  0.502948
  0.945760,  0.463039
  0.945782,  0.423129
  0.945805,  0.383220
  0.945828,  0.343311
  0.945850,  0.303401
  0.945873,  0.263492
  0.945896,  0.223583
  0.945918,  0.183673
  0.945941,  0.143764
  0.945964,  0.103855
  0.945986,  0.063946
  0.946009,  0.024036
  0.946032, -0.015873
  0.946054, -0.055782
  0.946077, -0.095692
  0.946100, -0.135601
  0.946122, -0.175510
  0.946145, -0.215420
  0.946168, -0.255329
  0.946190, -0.295238
  0.946213, -0.335147
  0.946236, -0.375057
  0.946259, -0.414966
  0.946281, -0.454875
  0.946304, -0.494785
  0.946327, -0.534694
  0.946349, -0.574603
  0.946372, -0.614512
  0.946395, -0.654422
  0.946417, -0.694331
  0.946440, -0.734240
  0.946463, -0.774150
  0.946485, -0.814059
  0.946508, -0.853968
  0.946531, -0.893878
  0.946553, -0.933787
  0.946576, -0.973696
  0.946599, -0.986395
  0.946621, -0.946485
  0.946644, -0.906576
  0.946667, -0.866667
  0.946689, -0.826757
  0.946712, -0.786848
  0.946735, -0.746939
  0.946757, -0.707029
  0.946780, -0.667120
  0.946803, -0.627211
  0.946825, -0.587302
  0.946848, -0.547392
  0.946871, -0.507483
  0.946893, -0.467574
  0.946916, -0.427664
  0.946939, -0.387755
  0.946961, -0.347846
  0.946984, -0.307937
  0.947007, -0.268027
  0.947029, -0.228118
  0.947052, -0.188209
  0.947075, -0.148299
  0.947098, -0.108390
  0.947120, -0.068481
  0.947143, -0.028571
  0.947166,  0.011338
  0.947188,  0.051247
  0.947211,  0.091156
  0.947234,  0.131066
  0.947256,  0.170975
  0.947279,  0.210884
  0.947302,  0.250794
  0.947324,  0.290703
  0.947347,  0.330612
  0.947370,  0.370522
  0.947392,  0.410431
  0.947415,  0.450340
  0.947438,  0.490249
  0.947460,  0.530159
  0.947483,  0.570068
  0.947506,  0.609977
  0.947528,  0.649887
  0.947551,  0.689796
  0.947574,  0.729705
  0.947596,  0.769615
  0.947619,  0.809524
  0.947642,  0.849433
  0.947664,  0.889342
  0.947687,  0.929252
  0.947710,  0.969161
  0.947732,  0.990930
  0.947755,  0.951020
  0.947778,  0.911111
  0.947800,  0.871202
  0.947823,  0.831293
  0.947846,  0.791383
  0.947868,  0.751474
  0.947891,  0.711565
  0.947914,  0.671655
  0.947937,  0.631746
  0.947959,  0.591837
  0.947982,  0.551927
  0.948005,  0.512018
  0.948027,  0.472109
  0.948050,  0.432200
  0.948073,  0.392290
  0.948095,  0.352381
  0.948118,  0.312472
  0.948141,  0.272562
  0.948163,  0.232653
  0.948186,  0.192744
  0.948209,  0.152834
  0.948231,  0.112925
  0.948254,  0.073016
  0.948277,  0.033107
  0.948299, -0.006803
  0.948322, -0.046712
  0.948345, -0.086621
  0.948367, -0.126531
  0.948390, -0.166440
  0.948413, -0.206349
  0.948435, -0.246259
  0.948458, -0.286168
  0.948481, -0.326077
  0.948503, -0.365986
  0.948526, -0.405896
  0.948549, -0.445805
  0.948571, -0.485714
  0.948594, -0.525624
  0.948617, -0.565533
  0.948639, -0.605442
  0.948662, -0.645351
  0.948685, -0.685261
  0.948707, -0.725170
  0.948730, -0.765079
  0.948753, -0.804989
  0.948776, -0.844898
  0.948798, -0.884807
  0.948821, -0.924717
  0.948844, -0.964626
  0.948866, -0.995465
  0.948889, -0.955556
  0.948912, -0.915646
  0.948934, -0.875737
  0.948957, -0.835828
  0.948980, -0.795918
  0.949002, -0.756009
  0.949025, -0.716100
  0.949048, -0.676190
  0.949070, -0.636281
  0.949093, -0.596372
  0.949116, -0.556463
  0.949138, -0.516553
  0.949161, -0.476644
  0.949184, -0.436735
  0.949206, -0.396825
  0.949229, -0.356916
  0.949252, -0.317007
  0.949274, -0.277098
  0.949297, -0.237188
  0.949320, -0.197279
  0.949342, -0.157370
  0.949365, -0.117460
  0.949388, -0.077551
  0.949410, -0.037642
  0.949433,  0.002268
  0.949456,  0.042177
  0.949478,  0.082086
  0.949501,  0.121995
  0.949524,  0.161905
  0.949546,  0.201814
  0.949569,  0.241723
  0.949592,  0.281633
  0.949615,  0.321542
  0.949637,  0.361451
  0.949660,  0.401361
  0.949683,  0.441270
  0.949705,  0.481179
  0.949728,  0.521088
  0.949751,  0.560998
  0.949773,  0.600907
  0.949796,  0.640816
  0.949819,  0.680726
  0.949841,  0.720635
  0.949864,  0.760544
  0.949887,  0.800454
  0.949909,  0.840363
  0.949932,  0.880272
  0.949955,  0.920181
  0.949977,  0.960091
  0.950000,  1.000000
  0.950023,  0.960091
  0.950045,  0.920181
  0.950068,  0.880272
  0.950091,  0.840363
  0.950113,  0.800454
  0.950136,  0.760544
  0.950159,  0.720635
  0.950181,  0.680726
  0.950204,  0.640816
  0.950227,  0.600907
  0.950249,  0.560998
  0.950272,  0.521088
  0.950295,  0.481179
  0.950317,  0.441270
  0.950340,  0.401361
  0.950363,  0.361451
  0.950385,  0.321542
  0.950408,  0.281633
  0.950431,  0.241723
  0.950454,  0.201814
  0.950476,  0.161905
  0.950499,  0.121995
  0.950522,  0.082086
  0.950544,  0.042177
  0.950567,  0.002268
  0.950590, -0.037642
  0.950612, -0.077551
  0.950635, -0.117460
  0.950658, -0.157370
  0.950680, -0.197279
  0.950703, -0.237188
  0.950726, -0.277098
  0.950748, -0.317007
  0.950771, -0.356916
  0.950794, -0.396825
  0.950816, -0.436735
  0.950839, -0.476644
  0.950862, -0.516553
  0.950884, -0.556463
  0.950907, -0.596372
  0.950930, -0.636281
  0.950952, -0.676190
  0.950975, -0.716100
  0.950998, -0.756009
  0.951020, -0.795918
  0.951043, -0.835828
  0.951066, -0.875737
  0.951088, -0.915646
  0.951111, -0.955556
  0.951134, -0.995465
  0.951156, -0.964626
  0.951179, -0.924717
  0.951202, -0.884807
  0.951224, -0.844898
  0.951247, -0.804989
  0.951270, -0.765079
  0.951293, -0.725170
  0.951315, -0.685261
  0.951338, -0.645351
  0.951361, -0.605442
  0.951383, -0.565533
  0.951406, -0.525624
  0.951429, -0.485714
  0.951451, -0.445805
  0.951474, -0.405896
  0.951497, -0.365986
  0.951519, -0.326077
  0.951542, -0.286168
  0.951565, -0.246259
  0.951587, -0.206349
  0.951610, -0.166440
  0.951633, -0.126531
  0.951655, -0.086621
  0.951678, -0.046712
  0.951701, -0.006803
  0.951723,  0.033107
  0.951746,  0.073016
  0.951769,  0.112925
  0.951791,  0.152834
  0.951814,  0.192744
  0.951837,  0.232653
  0.951859,  0.272562
  0.951882,  0.312472
  0.951905,  0.352381
  0.951927,  0.392290
  0.951950,  0.432200
  0.951973,  0.472109
  0.951995,  0.512018
  0.952018,  0.551927
  0.952041,  0.591837
  0.952063,  0.631746
  0.952086,  0.671655
  0.952109,  0.711565
  0.952132,  0.751474
  0.952154,  0.791383
  0.952177,  0.831293
  0.952200,  0.871202
  0.952222,  0.911111
  0.952245,  0.951020
  0.952268,  0.990930
  0.952290,  0.969161
  0.952313,  0.929252
  0.952336,  0.889342
  0.952358,  0.849433
  0.952381,  0.809524
  0.952404,  0.769615
  0.952426,  0.729705
  0.952449,  0.689796
  0.952472,  0.649887
  0.952494,  0.609977
  0.952517,  0.570068
  0.952540,  0.530159
  0.952562,  0.490249
  0.952585,  0.450340
  0.952608,  0.410431
  0.952630,  0.370522
  0.952653,  0.330612
  0.952676,  0.290703
  0.952698,  0.250794
  0.952721,  0.210884
  0.952744,  0.170975
  0.952766,  0.131066
  0.952789,  0.091156
  0.952812,  0.051247
  0.952834,  0.011338
  0.952857, -0.028571
  0.952880, -0.068481
  0.952902, -0.108390
  0.952925, -0.148299
  0.952948, -0.188209
  0.952971, -0.228118
  0.952993, -0.268027
  0.953016, -0.307937
  0.953039, -0.347846
  0.953061, -0.387755
  0.953084, -0.427664
  0.953107, -0.467574
  0.953129, -0.507483
  0.953152, -0.547392
  0.953175, -0.587302
  0.953197, -0.627211
  0.953220, -0.667120
  0.953243, -0.707029
  0.953265, -0.746939
  0.953288, -0.786848
  0.953311, -0.826757
  0.953333, -0.866667
  0.953356, -0.906576
  0.953379, -0.946485
  0.953401, -0.986395
  0.953424, -0.973696
  0.953447, -0.933787
  0.953469, -0.893878
  0.953492, -0.853968
  0.953515, -0.814059
  0.953537, -0.774150
  0.953560, -0.734240
  0.953583, -0.694331
  0.953605, -0.654422
  0.953628, -0.614512
  0.953651, -0.574603
  0.953673, -0.534694
  0.953696, -0.494785
  0.953719, -0.454875
  0.953741, -0.414966
  0.953764, -0.375057
  0.953787, -0.335147
  0.953810, -0.295238
  0.953832, -0.255329
  0.953855, -0.215420
  0.953878, -0.175510
  0.953900, -0.135601
  0.953923, -0.095692
  0.953946, -0.055782
  0.953968, -0.015873
  0.953991,  0.024036
  0.954014,  0.063946
  0.954036,  0.103855
  0.954059,  0.143764
  0.954082,  0.183673
  0.954104,  0.223583
  0.954127,  0.263492
  0.954150,  0.303401
  0.954172,  0.343311
  0.954195,  0.383220
  0.954218,  0.423129
  0.954240,  0.463039
  0.954263,  0.502948
  0.954286,  0.542857
  0.954308,  0.582766
  0.954331,  0.622676
  0.954354,  0.662585
  0.954376,  0.702494
  0.954399,  0.742404
  0.954422,  0.782313
  0.954444,  0.822222
  0.954467,  0.862132
  0.954490,  0.902041
  0.954512,  0.941950
  0.954535,  0.981859
  0.954558,  0.978231
  0.954580,  0.938322
  0.954603,  0.898413
  0.954626,  0.858503
  0.954649,  0.818594
  0.954671,  0.778685
  0.954694,  0.738776
  0.954717,  0.698866
  0.954739,  0.658957
  0.954762,  0.619048
  0.954785,  0.579138
  0.954807,  0.539229
  0.954830,  0.499320
  0.954853,  0.459410
  0.954875,  0.419501
  0.954898,  0.379592
  0.954921,  0.339683
  0.954943,  0.299773
  0.954966,  0.259864
  0.954989,  0.219955
  0.955011,  0.180045
  0.955034,  0.140136
  0.955057,  0.100227
  0.955079,  0.060317
  0.955102,  0.020408
  0.955125, -0.019501
  0.955147, -0.059410
  0.955170, -0.099320
  0.955193, -0.139229
  0.955215, -0.179138
  0.955238, -0.219048
  0.955261, -0.258957
  0.955283, -0.298866
  0.955306, -0.338776
  0.955329, -0.378685
  0.955351, -0.418594
  0.955374, -0.458503
  0.955397, -0.498413
  0.955420, -0.538322
  0.955442, -0.578231
  0.955465, -0.618141
  0.955488, -0.658050
  0.955510, -0.697959
  0.955533, -0.737868
  0.955556, -0.777778
  0.955578, -0.817687
  0.955601, -0.857596
  0.955624, -0.897506
  0.955646, -0.937415
  0.955669, -0.977324
  0.955692, -0.982766
  0.955714, -0.942857
  0.955737, -0.902948
  0.955760, -0.863039
  0.955782, -0.823129
  0.955805, -0.783220
  0.955828, -0.743311
  0.955850, -0.703401
  0.955873, -0.663492
  0.955896, -0.623583
  0.955918, -0.583673
  0.955941, -0.543764
  0.955964, -0.503855
  0.955986, -0.463946
  0.956009, -0.424036
  0.956032, -0.384127
  0.956054, -0.344218
  0.956077, -0.304308
  0.956100, -0.264399
  0.956122, -0.224490
  0.956145, -0.184580
  0.956168, -0.144671
  0.956190, -0.104762
  0.956213, -0.064853
  0.956236, -0.024943
  0.956259,  0.014966
  0.956281,  0.054875
  0.956304,  0.094785
  0.956327,  0.134694
  0.956349,  0.174603
  0.956372,  0.214512
  0.956395,  0.254422
  0.956417,  0.294331
  0.956440,  0.334240
  0.956463,  0.374150
  0.956485,  0.414059
  0.956508,  0.453968
  0.956531,  0.493878
  0.956553,  0.533787
  0.956576,  0.573696
  0.956599,  0.613605
  0.956621,  0.653515
  0.956644,  0.693424
  0.956667,  0.733333
  0.956689,  0.773243
  0.956712,  0.813152
  0.956735,  0.853061
  0.956757,  0.892971
  0.956780,  0.932880
  0.956803,  0.972789
  0.956825,  0.987302
  0.956848,  0.947392
  0.956871,  0.907483
  0.956893,  0.867574
  0.956916,  0.827664
  0.956939,  0.787755
  0.956961,  0.747846
  0.956984,  0.707937
  0.957007,  0.668027
  0.957029,  0.628118
  0.957052,  0.588209
  0.957075,  0.548299
  0.957098,  0.508390
  0.957120,  0.468481
  0.957143,  0.428571
  0.957166,  0.388662
  0.957188,  0.348753
  0.957211,  0.308844
  0.957234,  0.268934
  0.957256,  0.229025
  0.957279,  0.189116
  0.957302,  0.149206
  0.957324,  0.109297
  0.957347,  0.069388
  0.957370,  0.029478
  0.957392, -0.010431
  0.957415, -0.050340
  0.957438, -0.090249
  0.957460, -0.130159
  0.957483, -0.170068
  0.957506, -0.209977
  0.957528, -0.249887
  0.957551, -0.289796
  0.957574, -0.329705
  0.957596, -0.369615
  0.957619, -0.409524
  0.957642, -0.449433
  0.957664, -0.489342
  0.957687, -0.529252
  0.957710, -0.569161
  0.957732, -0.609070
  0.957755, -0.648980
  0.957778, -0.688889
  0.957800, -0.728798
  0.957823, -0.768707
  0.957846, -0.808617
  0.957868, -0.848526
  0.957891, -0.888435
  0.957914, -0.928345
  0.957937, -0.968254
  0.957959, -0.991837
  0.957982, -0.951927
  0.958005, -0.912018
  0.958027, -0.872109
  0.958050, -0.832200
  0.958073, -0.792290
  0.958095, -0.752381
  0.958118, -0.712472
  0.958141, -0.672562
  0.958163, -0.632653
  0.958186, -0.592744
  0.958209, -0.552834
  0.958231, -0.512925
  0.958254, -0.473016
  0.958277, -0.433107
  0.958299, -0.393197
  0.958322, -0.353288
  0.958345, -0.313379
  0.958367, -0.273469
  0.958390, -0.233560
  0.958413, -0.193651
  0.958435, -0.153741
  0.958458, -0.113832
  0.958481, -0.073923
  0.958503, -0.034014
  0.958526,  0.005896
  0.958549,  0.045805
  0.958571,  0.085714
  0.958594,  0.125624
  0.958617,  0.165533
  0.958639,  0.205442
  0.958662,  0.245351
  0.958685,  0.285261
  0.958707,  0.325170
  0.958730,  0.365079
  0.958753,  0.404989
  0.958776,  0.444898
  0.958798,  0.484807
  0.958821,  0.524717
  0.958844,  0.564626
  0.958866,  0.604535
  0.958889,  0.644444
  0.958912,  0.684354
  0.958934,  0.724263
  0.958957,  0.764172
  0.958980,  0.804082
  0.959002,  0.843991
  0.959025,  0.883900
  0.959048,  0.923810
  0.959070,  0.963719
  0.959093,  0.996372
  0.959116,  0.956463
  0.959138,  0.916553
  0.959161,  0.876644
  0.959184,  0.836735
  0.959206,  0.796825
  0.959229,  0.756916
  0.959252,  0.717007
  0.959274,  0.677098
  0.959297,  0.637188
  0.959320,  0.597279
  0.959342,  0.557370
  0.959365,  0.517460
  0.959388,  0.477551
  0.959410,  0.437642
  0.959433,  0.397732
  0.959456,  0.357823
  0.959478,  0.317914
  0.959501,  0.278005
  0.959524,  0.238095
  0.959546,  0.198186
  0.959569,  0.158277
  0.959592,  0.118367
  0.959615,  0.078458
  0.959637,  0.038549
  0.959660, -0.001361
  0.959683, -0.041270
  0.959705, -0.081179
  0.959728, -0.121088
  0.959751, -0.160998
  0.959773, -0.200907
  0.959796, -0.240816
  0.959819, -0.280726
  0.959841, -0.320635
  0.959864, -0.360544
  0.959887, -0.400454
  0.959909, -0.440363
  0.959932, -0.480272
  0.959955, -0.520181
  0.959977, -0.560091
  0.960000, -0.600000
  0.960023, -0.639909
  0.960045, -0.679819
  0.960068, -0.719728
  0.960091, -0.759637
  0.960113, -0.799546
  0.960136, -0.839456
  0.960159, -0.879365
  0.960181, -0.919274
  0.960204, -0.959184
  0.960227, -0.999093
  0.960249, -0.960998
  0.960272, -0.921088
  0.960295, -0.881179
  0.960317, -0.841270
  0.960340, -0.801361
  0.960363, -0.761451
  0.960385, -0.721542
  0.960408, -0.681633
  0.960431, -0.641723
  0.960454, -0.601814
  0.960476, -0.561905
  0.960499, -0.521995
  0.960522, -0.482086
  0.960544, -0.442177
  0.960567, -0.402268
  0.960590, -0.362358
  0.960612, -0.322449
  0.960635, -0.282540
  0.960658, -0.242630
  0.960680, -0.202721
  0.960703, -0.162812
  0.960726, -0.122902
  0.960748, -0.082993
  0.960771, -0.043084
  0.960794, -0.003175
  0.960816,  0.036735
  0.960839,  0.076644
  0.960862,  0.116553
  0.960884,  0.156463
  0.960907,  0.196372
  0.960930,  0.236281
  0.960952,  0.276190
  0.960975,  0.316100
  0.960998,  0.356009
  0.961020,  0.395918
  0.961043,  0.435828
  0.961066,  0.475737
  0.961088,  0.515646
  0.961111,  0.555556
  0.961134,  0.595465
  0.961156,  0.635374
  0.961179,  0.675283
  0.961202,  0.715193
  0.961224,  0.755102
  0.961247,  0.795011
  0.961270,  0.834921
  0.961293,  0.874830
  0.961315,  0.914739
  0.961338,  0.954649
  0.961361,  0.994558
  0.961383,  0.965533
  0.961406,  0.925624
  0.961429,  0.885714
  0.961451,  0.845805
  0.961474,  0.805896
  0.961497,  0.765986
  0.961519,  0.726077
  0.961542,  0.686168
  0.961565,  0.646259
  0.961587,  0.606349
  0.961610,  0.566440
  0.961633,  0.526531
  0.961655,  0.486621
  0.961678,  0.446712
  0.961701,  0.406803
  0.961723,  0.366893
  0.961746,  0.326984
  0.961769,  0.287075
  0.961791,  0.247166
  0.961814,  0.207256
  0.961837,  0.167347
  0.961859,  0.127438
  0.961882,  0.087528
  0.961905,  0.047619
  0.961927,  0.007710
  0.961950, -0.032200
  0.961973, -0.072109
  0.961995, -0.112018
  0.962018, -0.151927
  0.962041, -0.191837
  0.962063, -0.231746
  0.962086, -0.271655
  0.962109, -0.311565
  0.962132, -0.351474
  0.962154, -0.391383
  0.962177, -0.431293
  0.962200, -0.471202
  0.962222, -0.511111
  0.962245, -0.551020
  0.962268, -0.590930
  0.962290, -0.630839
  0.962313, -0.670748
  0.962336, -0.710658
  0.962358, -0.750567
  0.962381, -0.790476
  0.962404, -0.830385
  0.962426, -0.870295
  0.962449, -0.910204
  0.962472, -0.950113
  0.962494, -0.990023
  0.962517, -0.970068
  0.962540, -0.930159
  0.962562, -0.890249
  0.962585, -0.850340
  0.962608, -0.810431
  0.962630, -0.770522
  0.962653, -0.730612
  0.962676, -0.690703
  0.962698, -0.650794
  0.962721, -0.610884
  0.962744, -0.570975
  0.962766, -0.531066
  0.962789, -0.491156
  0.962812, -0.451247
  0.962834, -0.411338
  0.962857, -0.371429
  0.962880, -0.331519
  0.962902, -0.291610
  0.962925, -0.251701
  0.962948, -0.211791
  0.962971, -0.171882
  0.962993, -0.131973
  0.963016, -0.092063
  0.963039, -0.052154
  0.963061, -0.012245
  0.963084,  0.027664
  0.963107,  0.067574
  0.963129,  0.107483
  0.963152,  0.147392
  0.963175,  0.187302
  0.963197,  0.227211
  0.963220,  0.267120
  0.963243,  0.307029
  0.963265,  0.346939
  0.963288,  0.386848
  0.963311,  0.426757
  0.963333,  0.466667
  0.963356,  0.506576
  0.963379,  0.546485
  0.963401,  0.586395
  0.963424,  0.626304
  0.963447,  0.666213
  0.963469,  0.706122
  0.963492,  0.746032
  0.963515,  0.785941
  0.963537,  0.825850
  0.963560,  0.865760
  0.963583,  0.905669
  0.963605,  0.945578
  0.963628,  0.985488
  0.963651,  0.974603
  0.963673,  0.934694
  0.963696,  0.894785
  0.963719,  0.854875
  0.963741,  0.814966
  0.963764,  0.775057
  0.963787,  0.735147
  0.963810,  0.695238
  0.963832,  0.655329
  0.963855,  0.615420
  0.963878,  0.575510
  0.963900,  0.535601
  0.963923,  0.495692
  0.963946,  0.455782
  0.963968,  0.415873
  0.963991,  0.375964
  0.964014,  0.336054
  0.964036,  0.296145
  0.964059,  0.256236
  0.964082,  0.216327
  0.964104,  0.176417
  0.964127,  0.136508
  0.964150,  0.096599
  0.964172,  0.056689
  0.964195,  0.016780
  0.964218, -0.023129
  0.964240, -0.063039
  0.964263, -0.102948
  0.964286, -0.142857
  0.964308, -0.182766
  0.964331, -0.222676
  0.964354, -0.262585
  0.964376, -0.302494
  0.964399, -0.342404
  0.964422, -0.382313
  0.964444, -0.422222
  0.964467, -0.462132
  0.964490, -0.502041
  0.964512, -0.541950
  0.964535, -0.581859
  0.964558, -0.621769
  0.964580, -0.661678
  0.964603, -0.701587
  0.964626, -0.741497
  0.964649, -0.781406
  0.964671, -0.821315
  0.964694, -0.861224
  0.964717, -0.901134
  0.964739, -0.941043
  0.964762, -0.980952
  0.964785, -0.979138
  0.964807, -0.939229
  0.964830, -0.899320
  0.964853, -0.859410
  0.964875, -0.819501
  0.964898, -0.779592
  0.964921, -0.739683
  0.964943, -0.699773
  0.964966, -0.659864
  0.964989, -0.619955
  0.965011, -0.580045
  0.965034, -0.540136
  0.965057, -0.500227
  0.965079, -0.460317
  0.965102, -0.420408
  0.965125, -0.380499
  0.965147, -0.340590
  0.965170, -0.300680
  0.965193, -0.260771
  0.965215, -0.220862
  0.965238, -0.180952
  0.965261, -0.141043
  0.965283, -0.101134
  0.965306, -0.061224
  0.965329, -0.021315
  0.965351,  0.018594
  0.965374,  0.058503
  0.965397,  0.098413
  0.965420,  0.138322
  0.965442,  0.178231
  0.965465,  0.218141
  0.965488,  0.258050
  0.965510,  0.297959
  0.965533,  0.337868
  0.965556,  0.377778
  0.965578,  0.417687
  0.965601,  0.457596
  0.965624,  0.497506
  0.965646,  0.537415
  0.965669,  0.577324
  0.965692,  0.617234
  0.965714,  0.657143
  0.965737,  0.697052
  0.965760,  0.736961
  0.965782,  0.776871
  0.965805,  0.816780
  0.965828,  0.856689
  0.965850,  0.896599
  0.965873,  0.936508
  0.965896,  0.976417
  0.965918,  0.983673
  0.965941,  0.943764
  0.965964,  0.903855
  0.965986,  0.863946
  0.966009,  0.824036
  0.966032,  0.784127
  0.966054,  0.744218
  0.966077,  0.704308
  0.966100,  0.664399
  0.966122,  0.624490
  0.966145,  0.584580
  0.966168,  0.544671
  0.966190,  0.504762
  0.966213,  0.464853
  0.966236,  0.424943
  0.966259,  0.385034
  0.966281,  0.345125
  0.966304,  0.305215
  0.966327,  0.265306
  0.966349,  0.225397
  0.966372,  0.185488
  0.966395,  0.145578
  0.966417,  0.105669
  0.966440,  0.065760
  0.966463,  0.025850
  0.966485, -0.014059
  0.966508, -0.053968
  0.966531, -0.093878
  0.966553, -0.133787
  0.966576, -0.173696
  0.966599, -0.213605
  0.966621, -0.253515
  0.966644, -0.293424
  0.966667, -0.333333
  0.966689, -0.373243
  0.966712, -0.413152
  0.966735, -0.453061
  0.966757, -0.492971
  0.966780, -0.532880
  0.966803, -0.572789
  0.966825, -0.612698
  0.966848, -0.652608
  0.966871, -0.692517
  0.966893, -0.732426
  0.966916, -0.772336
  0.966939, -0.812245
  0.966961, -0.852154
  0.966984, -0.892063
  0.967007, -0.931973
  0.967029, -0.971882
  0.967052, -0.988209
  0.967075, -0.948299
  0.967098, -0.908390
  0.967120, -0.868481
  0.967143, -0.828571
  0.967166, -0.788662
  0.967188, -0.748753
  0.967211, -0.708844
  0.967234, -0.668934
  0.967256, -0.629025
  0.967279, -0.589116
  0.967302, -0.549206
  0.967324, -0.509297
  0.967347, -0.469388
  0.967370, -0.429478
  0.967392, -0.389569
  0.967415, -0.349660
  0.967438, -0.309751
  0.967460, -0.269841
  0.967483, -0.229932
  0.967506, -0.190023
  0.967528, -0.150113
  0.967551, -0.110204
  0.967574, -0.070295
  0.967596, -0.030385
  0.967619,  0.009524
  0.967642,  0.049433
  0.967664,  0.089342
  0.967687,  0.129252
  0.967710,  0.169161
  0.967732,  0.209070
  0.967755,  0.248980
  0.967778,  0.288889
  0.967800,  0.328798
  0.967823,  0.368707
  0.967846,  0.408617
  0.967868,  0.448526
  0.967891,  0.488435
  0.967914,  0.528345
  0.967937,  0.568254
  0.967959,  0.608163
  0.967982,  0.648073
  0.968005,  0.687982
  0.968027,  0.727891
  0.968050,  0.767800
  0.968073,  0.807710
  0.968095,  0.847619
  0.968118,  0.887528
  0.968141,  0.927438
  0.968163,  0.967347
  0.968186,  0.992744
  0.968209,  0.952834
  0.968231,  0.912925
  0.968254,  0.873016
  0.968277,  0.833107
  0.968299,  0.793197
  0.968322,  0.753288
  0.968345,  0.713379
  0.968367,  0.673469
  0.968390,  0.633560
  0.968413,  0.593651
  0.968435,  0.553741
  0.968458,  0.513832
  0.968481,  0.473923
  0.968503,  0.434014
  0.968526,  0.394104
  0.968549,  0.354195
  0.968571,  0.314286
  0.968594,  0.274376
  0.968617,  0.234467
  0.968639,  0.194558
  0.968662,  0.154649
  0.968685,  0.114739
  0.968707,  0.074830
  0.968730,  0.034921
  0.968753, -0.004989
  0.968776, -0.044898
  0.968798, -0.084807
  0.968821, -0.124717
  0.968844, -0.164626
  0.968866, -0.204535
  0.968889, -0.244444
  0.968912, -0.284354
  0.968934, -0.324263
  0.968957, -0.364172
  0.968980, -0.404082
  0.969002, -0.443991
  0.969025, -0.483900
  0.969048, -0.523810
  0.969070, -0.563719
  0.969093, -0.603628
  0.969116, -0.643537
  0.969138, -0.683447
  0.969161, -0.723356
  0.969184, -0.763265
  0.969206, -0.803175
  0.969229, -0.843084
  0.969252, -0.882993
  0.969274, -0.922902
  0.969297, -0.962812
  0.969320, -0.997279
  0.969342, -0.957370
  0.969365, -0.917460
  0.969388, -0.877551
  0.969410, -0.837642
  0.969433, -0.797732
  0.969456, -0.757823
  0.969478, -0.717914
  0.969501, -0.678005
  0.969524, -0.638095
  0.969546, -0.598186
  0.969569, -0.558277
  0.969592, -0.518367
  0.969615, -0.478458
  0.969637, -0.438549
  0.969660, -0.398639
  0.969683, -0.358730
  0.969705, -0.318821
  0.969728, -0.278912
  0.969751, -0.239002
  0.969773, -0.199093
  0.969796, -0.159184
  0.969819, -0.119274
  0.969841, -0.079365
  0.969864, -0.039456
  0.969887,  0.000454
  0.969909,  0.040363
  0.969932,  0.080272
  0.969955,  0.120181
  0.969977,  0.160091
  0.970000,  0.200000
  0.970023,  0.239909
  0.970045,  0.279819
  0.970068,  0.319728
  0.970091,  0.359637
  0.970113,  0.399546
  0.970136,  0.439456
  0.970159,  0.479365
  0.970181,  0.519274
  0.970204,  0.559184
  0.970227,  0.599093
  0.970249,  0.639002
  0.970272,  0.678912
  0.970295,  0.718821
  0.970317,  0.758730
  0.970340,  0.798639
  0.970363,  0.838549
  0.970385,  0.878458
  0.970408,  0.918367
  0.970431,  0.958277
  0.970454,  0.998186
  0.970476,  0.961905
  0.970499,  0.921995
  0.970522,  0.882086
  0.970544,  0.842177
  0.970567,  0.802268
  0.970590,  0.762358
  0.970612,  0.722449
  0.970635,  0.682540
  0.970658,  0.642630
  0.970680,  0.602721
  0.970703,  0.562812
  0.970726,  0.522902
  0.970748,  0.482993
  0.970771,  0.443084
  0.970794,  0.403175
  0.970816,  0.363265
  0.970839,  0.323356
  0.970862,  0.283447
  0.970884,  0.243537
  0.970907,  0.203628
  0.970930,  0.163719
  0.970952,  0.123810
  0.970975,  0.083900
  0.970998,  0.043991
  0.971020,  0.004082
  0.971043, -0.035828
  0.971066, -0.075737
  0.971088, -0.115646
  0.971111, -0.155556
  0.971134, -0.195465
  0.971156, -0.235374
  0.971179, -0.275283
  0.971202, -0.315193
  0.971224, -0.355102
  0.971247, -0.395011
  0.971270, -0.434921
  0.971293, -0.474830
  0.971315, -0.514739
  0.971338, -0.554649
  0.971361, -0.594558
  0.971383, -0.634467
  0.971406, -0.674376
  0.971429, -0.714286
  0.971451, -0.754195
  0.971474, -0.794104
  0.971497, -0.834014
  0.971519, -0.873923
  0.971542, -0.913832
  0.971565, -0.953741
  0.971587, -0.993651
  0.971610, -0.966440
  0.971633, -0.926531
  0.971655, -0.886621
  0.971678, -0.846712
  0.971701, -0.806803
  0.971723, -0.766893
  0.971746, -0.726984
  0.971769, -0.687075
  0.971791, -0.647166
  0.971814, -0.607256
  0.971837, -0.567347
  0.971859, -0.527438
  0.971882, -0.487528
  0.971905, -0.447619
  0.971927, -0.407710
  0.971950, -0.367800
  0.971973, -0.327891
  0.971995, -0.287982
  0.972018, -0.248073
  0.972041, -0.208163
  0.972063, -0.168254
  0.972086, -0.128345
  0.972109, -0.088435
  0.972132, -0.048526
  0.972154, -0.008617
  0.972177,  0.031293
  0.972200,  0.071202
  0.972222,  0.111111
  0.972245,  0.151020
  0.972268,  0.190930
  0.972290,  0.230839
  0.972313,  0.270748
  0.972336,  0.310658
  0.972358,  0.350567
  0.972381,  0.390476
  0.972404,  0.430385
  0.972426,  0.470295
  0.972449,  0.510204
  0.972472,  0.550113
  0.972494,  0.590023
  0.972517,  0.629932
  0.972540,  0.669841
  0.972562,  0.709751
  0.972585,  0.749660
  0.972608,  0.789569
  0.972630,  0.829478
  0.972653,  0.869388
  0.972676,  0.909297
  0.972698,  0.949206
  0.972721,  0.989116
  0.972744,  0.970975
  0.972766,  0.931066
  0.972789,  0.891156
  0.972812,  0.851247
  0.972834,  0.811338
  0.972857,  0.771429
  0.972880,  0.731519
  0.972902,  0.691610
  0.972925,  0.651701
  0.972948,  0.611791
  0.972971,  0.571882
  0.972993,  0.531973
  0.973016,  0.492063
  0.973039,  0.452154
  0.973061,  0.412245
  0.973084,  0.372336
  0.973107,  0.332426
  0.973129,  0.292517
  0.973152,  0.252608
  0.973175,  0.212698
  0.973197,  0.172789
  0.973220,  0.132880
  0.973243,  0.092971
  0.973265,  0.053061
  0.973288,  0.013152
  0.973311, -0.026757
  0.973333, -0.066667
  0.973356, -0.106576
  0.973379, -0.146485
  0.973401, -0.186395
  0.973424, -0.226304
  0.973447, -0.266213
  0.973469, -0.306122
  0.973492, -0.346032
  0.973515, -0.385941
  0.973537, -0.425850
  0.973560, -0.465760
  0.973583, -0.505669
  0.973605, -0.545578
  0.973628, -0.585488
  0.973651, -0.625397
  0.973673, -0.665306
  0.973696, -0.705215
  0.973719, -0.745125
  0.973741, -0.785034
  0.973764, -0.824943
  0.973787, -0.864853
  0.973810, -0.904762
  0.973832, -0.944671
  0.973855, -0.984580
  0.973878, -0.975510
  0.973900, -0.935601
  0.973923, -0.895692
  0.973946, -0.855782
  0.973968, -0.815873
  0.973991, -0.775964
  0.974014, -0.736054
  0.974036, -0.696145
  0.974059, -0.656236
  0.974082, -0.616327
  0.974104, -0.576417
  0.974127, -0.536508
  0.974150, -0.496599
  0.974172, -0.456689
  0.974195, -0.416780
  0.974218, -0.376871
  0.974240, -0.336961
  0.974263, -0.297052
  0.974286, -0.257143
  0.974308, -0.217234
  0.974331, -0.177324
  0.974354, -0.137415
  0.974376, -0.097506
  0.974399, -0.057596
  0.974422, -0.017687
  0.974444,  0.022222
  0.974467,  0.062132
  0.974490,  0.102041
  0.974512,  0.141950
  0.974535,  0.181859
  0.974558,  0.221769
  0.974580,  0.261678
  0.974603,  0.301587
  0.974626,  0.341497
  0.974649,  0.381406
  0.974671,  0.421315
  0.974694,  0.461224
  0.974717,  0.501134
  0.974739,  0.541043
  0.974762,  0.580952
  0.974785,  0.620862
  0.974807,  0.660771
  0.974830,  0.700680
  0.974853,  0.740590
  0.974875,  0.780499
  0.974898,  0.820408
  0.974921,  0.860317
  0.974943,  0.900227
  0.974966,  0.940136
  0.974989,  0.980045
  0.975011,  0.980045
  0.975034,  0.940136
  0.975057,  0.900227
  0.975079,  0.860317
  0.975102,  0.820408
  0.975125,  0.780499
  0.975147,  0.740590
  0.975170,  0.700680
  0.975193,  0.660771
  0.975215,  0.620862
  0.975238,  0.580952
  0.975261,  0.541043
  0.975283,  0.501134
  0.975306,  0.461224
  0.975329,  0.421315
  0.975351,  0.381406
  0.975374,  0.341497
  0.975397,  0.301587
  0.975420,  0.261678
  0.975442,  0.221769
  0.975465,  0.181859
  0.975488,  0.141950
  0.975510,  0.102041
  0.975533,  0.062132
  0.975556,  0.022222
  0.975578, -0.017687
  0.975601, -0.057596
  0.975624, -0.097506
  0.975646, -0.137415
  0.975669, -0.177324
  0.975692, -0.217234
  0.975714, -0.257143
  0.975737, -0.297052
  0.975760, -0.336961
  0.975782, -0.376871
  0.975805, -0.416780
  0.975828, -0.456689
  0.975850, -0.496599
  0.975873, -0.536508
  0.975896, -0.576417
  0.975918, -0.616327
  0.975941, -0.656236
  0.975964, -0.696145
  0.975986, -0.736054
  0.976009, -0.775964
  0.976032, -0.815873
  0.976054, -0.855782
  0.976077, -0.895692
  0.976100, -0.935601
  0.976122, -0.975510
  0.976145, -0.984580
  0.976168, -0.944671
  0.976190, -0.904762
  0.976213, -0.864853
  0.976236, -0.824943
  0.976259, -0.785034
  0.976281, -0.745125
  0.976304, -0.705215
  0.976327, -0.665306
  0.976349, -0.625397
  0.976372, -0.585488
  0.976395, -0.545578
  0.976417, -0.505669
  0.976440, -0.465760
  0.976463, -0.425850
  0.976485, -0.385941
  0.976508, -0.346032
  0.976531, -0.306122
  0.976553, -0.266213
  0.976576, -0.226304
  0.976599, -0.186395
  0.976621, -0.146485
  0.976644, -0.106576
  0.976667, -0.066667
  0.976689, -0.026757
  0.976712,  0.013152
  0.976735,  0.053061
  0.976757,  0.092971
  0.976780,  0.132880
  0.976803,  0.172789
  0.976825,  0.212698
  0.976848,  0.252608
  0.976871,  0.292517
  0.976893,  0.332426
  0.976916,  0.372336
  0.976939,  0.412245
  0.976961,  0.452154
  0.976984,  0.492063
  0.977007,  0.531973
  0.977029,  0.571882
  0.977052,  0.611791
  0.977075,  0.651701
  0.977098,  0.691610
  0.977120,  0.731519
  0.977143,  0.771429
  0.977166,  0.811338
  0.977188,  0.851247
  0.977211,  0.891156
  0.977234,  0.931066
  0.977256,  0.970975
  0.977279,  0.989116
  0.977302,  0.949206
  0.977324,  0.909297
  0.977347,  0.869388
  0.977370,  0.829478
  0.977392,  0.789569
  0.977415,  0.749660
  0.977438,  0.709751
  0.977460,  0.669841
  0.977483,  0.629932
  0.977506,  0.590023
  0.977528,  0.550113
  0.977551,  0.510204
  0.977574,  0.470295
  0.977596,  0.430385
  0.977619,  0.390476
  0.977642,  0.350567
  0.977664,  0.310658
  0.977687,  0.270748
  0.977710,  0.230839
  0.977732,  0.190930
  0.977755,  0.151020
  0.977778,  0.111111
  0.977800,  0.071202
  0.977823,  0.031293
  0.977846, -0.008617
  0.977868, -0.048526
  0.977891, -0.088435
  0.977914, -0.128345
  0.977937, -0.168254
  0.977959, -0.208163
  0.977982, -0.248073
  0.978005, -0.287982
  0.978027, -0.327891
  0.978050, -0.367800
  0.978073, -0.407710
  0.978095, -0.447619
  0.978118, -0.487528
  0.978141, -0.527438
  0.978163, -0.567347
  0.978186, -0.607256
  0.978209, -0.647166
  0.978231, -0.687075
  0.978254, -0.726984
  0.978277, -0.766893
  0.978299, -0.806803
  0.978322, -0.846712
  0.978345, -0.886621
  0.978367, -0.926531
  0.978390, -0.966440
  0.978413, -0.993651
  0.978435, -0.953741
  0.978458, -0.913832
  0.978481, -0.873923
  0.978503, -0.834014
  0.978526, -0.794104
  0.978549, -0.754195
  0.978571, -0.714286
  0.978594, -0.674376
  0.978617, -0.634467
  0.978639, -0.594558
  0.978662, -0.554649
  0.978685, -0.514739
  0.978707, -0.474830
  0.978730, -0.434921
  0.978753, -0.395011
  0.978776, -0.355102
  0.978798, -0.315193
  0.978821, -0.275283
  0.978844, -0.235374
  0.978866, -0.195465
  0.978889, -0.155556
  0.978912, -0.115646
  0.978934, -0.075737
  0.978957, -0.035828
  0.978980,  0.004082
  0.979002,  0.043991
  0.979025,  0.083900
  0.979048,  0.123810
  0.979070,  0.163719
  0.979093,  0.203628
  0.979116,  0.243537
  0.979138,  0.283447
  0.979161,  0.323356
  0.979184,  0.363265
  0.979206,  0.403175
  0.979229,  0.443084
  0.979252,  0.482993
  0.979274,  0.522902
  0.979297,  0.562812
  0.979320,  0.602721
  0.979342,  0.642630
  0.979365,  0.682540
  0.979388,  0.722449
  0.979410,  0.762358
  0.979433,  0.802268
  0.979456,  0.842177
  0.979478,  0.882086
  0.979501,  0.921995
  0.979524,  0.961905
  0.979546,  0.998186
  0.979569,  0.958277
  0.979592,  0.918367
  0.979615,  0.878458
  0.979637,  0.838549
  0.979660,  0.798639
  0.979683,  0.758730
  0.979705,  0.718821
  0.979728,  0.678912
  0.979751,  0.639002
  0.979773,  0.599093
  0.979796,  0.559184
  0.979819,  0.519274
  0.979841,  0.479365
  0.979864,  0.439456
  0.979887,  0.399546
  0.979909,  0.359637
  0.979932,  0.319728
  0.979955,  0.279819
  0.979977,  0.239909
  0.980000,  0.200000
  0.980023,  0.160091
  0.980045,  0.120181
  0.980068,  0.080272
  0.980091,  0.040363
  0.980113,  0.000454
  0.980136, -0.039456
  0.980159, -0.079365
  0.980181, -0.119274
  0.980204, -0.159184
  0.980227, -0.199093
  0.980249, -0.239002
  0.980272, -0.278912
  0.980295, -0.318821
  0.980317, -0.358730
  0.980340, -0.398639
  0.980363, -0.438549
  0.980385, -0.478458
  0.980408, -0.518367
  0.980431, -0.558277
  0.980454, -0.598186
  0.980476, -0.638095
  0.980499, -0.678005
  0.980522, -0.717914
  0.980544, -0.757823
  0.980567, -0.797732
  0.980590, -0.837642
  0.980612, -0.877551
  0.980635, -0.917460
  0.980658, -0.957370
  0.980680, -0.997279
  0.980703, -0.962812
  0.980726, -0.922902
  0.980748, -0.882993
  0.980771, -0.843084
  0.980794, -0.803175
  0.980816, -0.763265
  0.980839, -0.723356
  0.980862, -0.683447
  0.980884, -0.643537
  0.980907, -0.603628
  0.980930, -0.563719
  0.980952, -0.523810
  0.980975, -0.483900
  0.980998, -0.443991
  0.981020, -0.404082
  0.981043, -0.364172
  0.981066, -0.324263
  0.981088, -0.284354
  0.981111, -0.244444
  0.981134, -0.204535
  0.981156, -0.164626
  0.981179, -0.124717
  0.981202, -0.084807
  0.981224, -0.044898
  0.981247, -0.004989
  0.981270,  0.034921
  0.981293,  0.074830
  0.981315,  0.114739
  0.981338,  0.154649
  0.981361,  0.194558
  0.981383,  0.234467
  0.981406,  0.274376
  0.981429,  0.314286
  0.981451,  0.354195
  0.981474,  0.394104
  0.981497,  0.434014
  0.981519,  0.473923
  0.981542,  0.513832
  0.981565,  0.553741
  0.981587,  0.593651
  0.981610,  0.633560
  0.981633,  0.673469
  0.981655,  0.713379
  0.981678,  0.753288
  0.981701,  0.793197
  0.981723,  0.833107
  0.981746,  0.873016
  0.981769,  0.912925
  0.981791,  0.952834
  0.981814,  0.992744
  0.981837,  0.967347
  0.981859,  0.927438
  0.981882,  0.887528
  0.981905,  0.847619
  0.981927,  0.807710
  0.981950,  0.767800
  0.981973,  0.727891
  0.981995,  0.687982
  0.982018,  0.648073
  0.982041,  0.608163
  0.982063,  0.568254
  0.982086,  0.528345
  0.982109,  0.488435
  0.982132,  0.448526
  0.982154,  0.408617
  0.982177,  0.368707
  0.982200,  0.328798
  0.982222,  0.288889
  0.982245,  0.248980
  0.982268,  0.209070
  0.982290,  0.169161
  0.982313,  0.129252
  0.982336,  0.089342
  0.982358,  0.049433
  0.982381,  0.009524
  0.982404, -0.030385
  0.982426, -0.070295
  0.982449, -0.110204
  0.982472, -0.150113
  0.982494, -0.190023
  0.982517, -0.229932
  0.982540, -0.269841
  0.982562, -0.309751
  0.982585, -0.349660
  0.982608, -0.389569
  0.982630, -0.429478
  0.982653, -0.469388
  0.982676, -0.509297
  0.982698, -0.549206
  0.982721, -0.589116
  0.982744, -0.629025
  0.982766, -0.668934
  0.982789, -0.708844
  0.982812, -0.748753
  0.982834, -0.788662
  0.982857, -0.828571
  0.982880, -0.868481
  0.982902, -0.908390
  0.982925, -0.948299
  0.982948, -0.988209
  0.982971, -0.971882
  0.982993, -0.931973
  0.983016, -0.892063
  0.983039, -0.852154
  0.983061, -0.812245
  0.983084, -0.772336
  0.983107, -0.732426
  0.983129, -0.692517
  0.983152, -0.652608
  0.983175, -0.612698
  0.983197, -0.572789
  0.983220, -0.532880
  0.983243, -0.492971
  0.983265, -0.453061
  0.983288, -0.413152
  0.983311, -0.373243
  0.983333, -0.333333
  0.983356, -0.293424
  0.983379, -0.253515
  0.983401, -0.213605
  0.983424, -0.173696
  0.983447, -0.133787
  0.983469, -0.093878
  0.983492, -0.053968
  0.983515, -0.014059
  0.983537,  0.025850
  0.983560,  0.065760
  0.983583,  0.105669
  0.983605,  0.145578
  0.983628,  0.185488
  0.983651,  0.225397
  0.983673,  0.265306
  0.983696,  0.305215
  0.983719,  0.345125
  0.983741,  0.385034
  0.983764,  0.424943
  0.983787,  0.464853
  0.983810,  0.504762
  0.983832,  0.544671
  0.983855,  0.584580
  0.983878,  0.624490
  0.983900,  0.664399
  0.983923,  0.704308
  0.983946,  0.744218
  0.983968,  0.784127
  0.983991,  0.824036
  0.984014,  0.863946
  0.984036,  0.903855
  0.984059,  0.943764
  0.984082,  0.983673
  0.984104,  0.976417
  0.984127,  0.936508
  0.984150,  0.896599
  0.984172,  0.856689
  0.984195,  0.816780
  0.984218,  0.776871
  0.984240,  0.736961
  0.984263,  0.697052
  0.984286,  0.657143
  0.984308,  0.617234
  0.984331,  0.577324
  0.984354,  0.537415
  0.984376,  0.497506
  0.984399,  0.457596
  0.984422,  0.417687
  0.984444,  0.377778
  0.984467,  0.337868
  0.984490,  0.297959
  0.984512,  0.258050
  0.984535,  0.218141
  0.984558,  0.178231
  0.984580,  0.138322
  0.984603,  0.098413
  0.984626,  0.058503
  0.984649,  0.018594
  0.984671, -0.021315
  0.984694, -0.061224
  0.984717, -0.101134
  0.984739, -0.141043
  0.984762, -0.180952
  0.984785, -0.220862
  0.984807, -0.260771
  0.984830, -0.300680
  0.984853, -0.340590
  0.984875, -0.380499
  0.984898, -0.420408
  0.984921, -0.460317
  0.984943, -0.500227
  0.984966, -0.540136
  0.984989, -0.580045
  0.985011, -0.619955
  0.985034, -0.659864
  0.985057, -0.699773
  0.985079, -0.739683
  0.985102, -0.779592
  0.985125, -0.819501
  0.985147, -0.859410
  0.985170, -0.899320
  0.985193, -0.939229
  0.985215, -0.979138
  0.985238, -0.980952
  0.985261, -0.941043
  0.985283, -0.901134
  0.985306, -0.861224
  0.985329, -0.821315
  0.985351, -0.781406
  0.985374, -0.741497
  0.985397, -0.701587
  0.985420, -0.661678
  0.985442, -0.621769
  0.985465, -0.581859
  0.985488, -0.541950
  0.985510, -0.502041
  0.985533, -0.462132
  0.985556, -0.422222
  0.985578, -0.382313
  0.985601, -0.342404
  0.985624, -0.302494
  0.985646, -0.262585
  0.985669, -0.222676
  0.985692, -0.182766
  0.985714, -0.142857
  0.985737, -0.102948
  0.985760, -0.063039
  0.985782, -0.023129
  0.985805,  0.016780
  0.985828,  0.056689
  0.985850,  0.096599
  0.985873,  0.136508
  0.985896,  0.176417
  0.985918,  0.216327
  0.985941,  0.256236
  0.985964,  0.296145
  0.985986,  0.336054
  0.986009,  0.375964
  0.986032,  0.415873
  0.986054,  0.455782
  0.986077,  0.495692
  0.986100,  0.535601
  0.986122,  0.575510
  0.986145,  0.615420
  0.986168,  0.655329
  0.986190,  0.695238
  0.986213,  0.735147
  0.986236,  0.775057
  0.986259,  0.814966
  0.986281,  0.854875
  0.986304,  0.894785
  0.986327,  0.934694
  0.986349,  0.974603
  0.986372,  0.985488
  0.986395,  0.945578
  0.986417,  0.905669
  0.986440,  0.865760
  0.986463,  0.825850
  0.986485,  0.785941
  0.986508,  0.746032
  0.986531,  0.706122
  0.986553,  0.666213
  0.986576,  0.626304
  0.986599,  0.586395
  0.986621,  0.546485
  0.986644,  0.506576
  0.986667,  0.466667
  0.986689,  0.426757
  0.986712,  0.386848
  0.986735,  0.346939
  0.986757,  0.307029
  0.986780,  0.267120
  0.986803,  0.227211
  0.986825,  0.187302
  0.986848,  0.147392
  0.986871,  0.107483
  0.986893,  0.067574
  0.986916,  0.027664
  0.986939, -0.012245
  0.986961, -0.052154
  0.986984, -0.092063
  0.987007, -0.131973
  0.987029, -0.171882
  0.987052, -0.211791
  0.987075, -0.251701
  0.987098, -0.291610
  0.987120, -0.331519
  0.987143, -0.371429
  0.987166, -0.411338
  0.987188, -0.451247
  0.987211, -0.491156
  0.987234, -0.531066
  0.987256, -0.570975
  0.987279, -0.610884
  0.987302, -0.650794
  0.987324, -0.690703
  0.987347, -0.730612
  0.987370, -0.770522
  0.987392, -0.810431
  0.987415, -0.850340
  0.987438, -0.890249
  0.987460, -0.930159
  0.987483, -0.970068
  0.987506, -0.990023
  0.987528, -0.950113
  0.987551, -0.910204
  0.987574, -0.870295
  0.987596, -0.830385
  0.987619, -0.790476
  0.987642, -0.750567
  0.987664, -0.710658
  0.987687, -0.670748
  0.987710, -0.630839
  0.987732, -0.590930
  0.987755, -0.551020
  0.987778, -0.511111
  0.987800, -0.471202
  0.987823, -0.431293
  0.987846, -0.391383
  0.987868, -0.351474
  0.987891, -0.311565
  0.987914, -0.271655
  0.987937, -0.231746
  0.987959, -0.191837
  0.987982, -0.151927
  0.988005, -0.112018
  0.988027, -0.072109
  0.988050, -0.032200
  0.988073,  0.007710
  0.988095,  0.047619
  0.988118,  0.087528
  0.988141,  0.127438
  0.988163,  0.167347
  0.988186,  0.207256
  0.988209,  0.247166
  0.988231,  0.287075
  0.988254,  0.326984
  0.988277,  0.366893
  0.988299,  0.406803
  0.988322,  0.446712
  0.988345,  0.486621
  0.988367,  0.526531
  0.988390,  0.566440
  0.988413,  0.606349
  0.988435,  0.646259
  0.988458,  0.686168
  0.988481,  0.726077
  0.988503,  0.765986
  0.988526,  0.805896
  0.988549,  0.845805
  0.988571,  0.885714
  0.988594,  0.925624
  0.988617,  0.965533
  0.988639,  0.994558
  0.988662,  0.954649
  0.988685,  0.914739
  0.988707,  0.874830
  0.988730,  0.834921
  0.988753,  0.795011
  0.988776,  0.755102
  0.988798,  0.715193
  0.988821,  0.675283
  0.988844,  0.635374
  0.988866,  0.595465
  0.988889,  0.555556
  0.988912,  0.515646
  0.988934,  0.475737
  0.988957,  0.435828
  0.988980,  0.395918
  0.989002,  0.356009
  0.989025,  0.316100
  0.989048,  0.276190
  0.989070,  0.236281
  0.989093,  0.196372
  0.989116,  0.156463
  0.989138,  0.116553
  0.989161,  0.076644
  0.989184,  0.036735
  0.989206, -0.003175
  0.989229, -0.043084
  0.989252, -0.082993
  0.989274, -0.122902
  0.989297, -0.162812
  0.989320, -0.202721
  0.989342, -0.242630
  0.989365, -0.282540
  0.989388, -0.322449
  0.989410, -0.362358
  0.989433, -0.402268
  0.989456, -0.442177
  0.989478, -0.482086
  0.989501, -0.521995
  0.989524, -0.561905
  0.989546, -0.601814
  0.989569, -0.641723
  0.989592, -0.681633
  0.989615, -0.721542
  0.989637, -0.761451
  0.989660, -0.801361
  0.989683, -0.841270
  0.989705, -0.881179
  0.989728, -0.921088
  0.989751, -0.960998
  0.989773, -0.999093
  0.989796, -0.959184
  0.989819, -0.919274
  0.989841, -0.879365
  0.989864, -0.839456
  0.989887, -0.799546
  0.989909, -0.759637
  0.989932, -0.719728
  0.989955, -0.679819
  0.989977, -0.639909
  0.990000, -0.600000
  0.990023, -0.560091
  0.990045, -0.520181
  0.990068, -0.480272
  0.990091, -0.440363
  0.990113, -0.400454
  0.990136, -0.360544
  0.990159, -0.320635
  0.990181, -0.280726
  0.990204, -0.240816
  0.990227, -0.200907
  0.990249, -0.160998
  0.990272, -0.121088
  0.990295, -0.081179
  0.990317, -0.041270
  0.990340, -0.001361
  0.990363,  0.038549
  0.990385,  0.078458
  0.990408,  0.118367
  0.990431,  0.158277
  0.990454,  0.198186
  0.990476,  0.238095
  0.990499,  0.278005
  0.990522,  0.317914
  0.990544,  0.357823
  0.990567,  0.397732
  0.990590,  0.437642
  0.990612,  0.477551
  0.990635,  0.517460
  0.990658,  0.557370
  0.990680,  0.597279
  0.990703,  0.637188
  0.990726,  0.677098
  0.990748,  0.717007
  0.990771,  0.756916
  0.990794,  0.796825
  0.990816,  0.836735
  0.990839,  0.876644
  0.990862,  0.916553
  0.990884,  0.956463
  0.990907,  0.996372
  0.990930,  0.963719
  0.990952,  0.923810
  0.990975,  0.883900
  0.990998,  0.843991
  0.991020,  0.804082
  0.991043,  0.764172
  0.991066,  0.724263
  0.991088,  0.684354
  0.991111,  0.644444
  0.991134,  0.604535
  0.991156,  0.564626
  0.991179,  0.524717
  0.991202,  0.484807
  0.991224,  0.444898
  0.991247,  0.404989
  0.991270,  0.365079
  0.991293,  0.325170
  0.991315,  0.285261
  0.991338,  0.245351
  0.991361,  0.205442
  0.991383,  0.165533
  0.991406,  0.125624
  0.991429,  0.085714
  0.991451,  0.045805
  0.991474,  0.005896
  0.991497, -0.034014
  0.991519, -0.073923
  0.991542, -0.113832
  0.991565, -0.153741
  0.991587, -0.193651
  0.991610, -0.233560
  0.991633, -0.273469
  0.991655, -0.313379
  0.991678, -0.353288
  0.991701, -0.393197
  0.991723, -0.433107
  0.991746, -0.473016
  0.991769, -0.512925
  0.991791, -0.552834
  0.991814, -0.592744
  0.991837, -0.632653
  0.991859, -0.672562
  0.991882, -0.712472
  0.991905, -0.752381
  0.991927, -0.792290
  0.991950, -0.832200
  0.991973, -0.872109
  0.991995, -0.912018
  0.992018, -0.951927
  0.992041, -0.991837
  0.992063, -0.968254
  0.992086, -0.928345
  0.992109, -0.888435
  0.992132, -0.848526
  0.992154, -0.808617
  0.992177, -0.768707
  0.992200, -0.728798
  0.992222, -0.688889
  0.992245, -0.648980
  0.992268, -0.609070
  0.992290, -0.569161
  0.992313, -0.529252
  0.992336, -0.489342
  0.992358, -0.449433
  0.992381, -0.409524
  0.992404, -0.369615
  0.992426, -0.329705
  0.992449, -0.289796
  0.992472, -0.249887
  0.992494, -0.209977
  0.992517, -0.170068
  0.992540, -0.130159
  0.992562, -0.090249
  0.992585, -0.050340
  0.992608, -0.010431
  0.992630,  0.029478
  0.992653,  0.069388
  0.992676,  0.109297
  0.992698,  0.149206
  0.992721,  0.189116
  0.992744,  0.229025
  0.992766,  0.268934
  0.992789,  0.308844
  0.992812,  0.348753
  0.992834,  0.388662
  0.992857,  0.428571
  0.992880,  0.468481
  0.992902,  0.508390
  0.992925,  0.548299
  0.992948,  0.588209
  0.992971,  0.628118
  0.992993,  0.668027
  0.993016,  0.707937
  0.993039,  0.747846
  0.993061,  0.787755
  0.993084,  0.827664
  0.993107,  0.867574
  0.993129,  0.907483
  0.993152,  0.947392
  0.993175,  0.987302
  0.993197,  0.972789
  0.993220,  0.932880
  0.993243,  0.892971
  0.993265,  0.853061
  0.993288,  0.813152
  0.993311,  0.773243
  0.993333,  0.733333
  0.993356,  0.693424
  0.993379,  0.653515
  0.993401,  0.613605
  0.993424,  0.573696
  0.993447,  0.533787
  0.993469,  0.493878
  0.993492,  0.453968
  0.993515,  0.414059
  0.993537,  0.374150
  0.993560,  0.334240
  0.993583,  0.294331
  0.993605,  0.254422
  0.993628,  0.214512
  0.993651,  0.174603
  0.993673,  0.134694
  0.993696,  0.094785
  0.993719,  0.054875
  0.993741,  0.014966
  0.993764, -0.024943
  0.993787, -0.064853
  0.993810, -0.104762
  0.993832, -0.144671
  0.993855, -0.184580
  0.993878, -0.224490
  0.993900, -0.264399
  0.993923, -0.304308
  0.993946, -0.344218
  0.993968, -0.384127
  0.993991, -0.424036
  0.994014, -0.463946
  0.994036, -0.503855
  0.994059, -0.543764
  0.994082, -0.583673
  0.994104, -0.623583
  0.994127, -0.663492
  0.994150, -0.703401
  0.994172, -0.743311
  0.994195, -0.783220
  0.994218, -0.823129
  0.994240, -0.863039
  0.994263, -0.902948
  0.994286, -0.942857
  0.994308, -0.982766
  0.994331, -0.977324
  0.994354, -0.937415
  0.994376, -0.897506
  0.994399, -0.857596
  0.994422, -0.817687
  0.994444, -0.777778
  0.994467, -0.737868
  0.994490, -0.697959
  0.994512, -0.658050
  0.994535, -0.618141
  0.994558, -0.578231
  0.994580, -0.538322
  0.994603, -0.498413
  0.994626, -0.458503
  0.994649, -0.418594
  0.994671, -0.378685
  0.994694, -0.338776
  0.994717, -0.298866
  0.994739, -0.258957
  0.994762, -0.219048
  0.994785, -0.179138
  0.994807, -0.139229
  0.994830, -0.099320
  0.994853, -0.059410
  0.994875, -0.019501
  0.994898,  0.020408
  0.994921,  0.060317
  0.994943,  0.100227
  0.994966,  0.140136
  0.994989,  0.180045
  0.995011,  0.219955
  0.995034,  0.259864
  0.995057,  0.299773
  0.995079,  0.339683
  0.995102,  0.379592
  0.995125,  0.419501
  0.995147,  0.459410
  0.995170,  0.499320
  0.995193,  0.539229
  0.995215,  0.579138
  0.995238,  0.619048
  0.995261,  0.658957
  0.995283,  0.698866
  0.995306,  0.738776
  0.995329,  0.778685
  0.995351,  0.818594
  0.995374,  0.858503
  0.995397,  0.898413
  0.995420,  0.938322
  0.995442,  0.978231
  0.995465,  0.981859
  0.995488,  0.941950
  0.995510,  0.902041
  0.995533,  0.862132
  0.995556,  0.822222
  0.995578,  0.782313
  0.995601,  0.742404
  0.995624,  0.702494
  0.995646,  0.662585
  0.995669,  0.622676
  0.995692,  0.582766
  0.995714,  0.542857
  0.995737,  0.502948
  0.995760,  0.463039
  0.995782,  0.423129
  0.995805,  0.383220
  0.995828,  0.343311
  0.995850,  0.303401
  0.995873,  0.263492
  0.995896,  0.223583
  0.995918,  0.183673
  0.995941,  0.143764
  0.995964,  0.103855
  0.995986,  0.063946
  0.996009,  0.024036
  0.996032, -0.015873
  0.996054, -0.055782
  0.996077, -0.095692
  0.996100, -0.135601
  0.996122, -0.175510
  0.996145, -0.215420
  0.996168, -0.255329
  0.996190, -0.295238
  0.996213, -0.335147
  0.996236, -0.375057
  0.996259, -0.414966
  0.996281, -0.454875
  0.996304, -0.494785
  0.996327, -0.534694
  0.996349, -0.574603
  0.996372, -0.614512
  0.996395, -0.654422
  0.996417, -0.694331
  0.996440, -0.734240
  0.996463, -0.774150
  0.996485, -0.814059
  0.996508, -0.853968
  0.996531, -0.893878
  0.996553, -0.933787
  0.996576, -0.973696
  0.996599, -0.986395
  0.996621, -0.946485
  0.996644, -0.906576
  0.996667, -0.866667
  0.996689, -0.826757
  0.996712, -0.786848
  0.996735, -0.746939
  0.996757, -0.707029
  0.996780, -0.667120
  0.996803, -0.627211
  0.996825, -0.587302
  0.996848, -0.547392
  0.996871, -0.507483
  0.996893, -0.467574
  0.996916, -0.427664
  0.996939, -0.387755
  0.996961, -0.347846
  0.996984, -0.307937
  0.997007, -0.268027
  0.997029, -0.228118
  0.997052, -0.188209
  0.997075, -0.148299
  0.997098, -0.108390
  0.997120, -0.068481
  0.997143, -0.028571
  0.997166,  0.011338
  0.997188,  0.051247
  0.997211,  0.091156
  0.997234,  0.131066
  0.997256,  0.170975
  0.997279,  0.210884
  0.997302,  0.250794
  0.997324,  0.290703
  0.997347,  0.330612
  0.997370,  0.370522
  0.997392,  0.410431
  0.997415,  0.450340
  0.997438,  0.490249
  0.997460,  0.530159
  0.997483,  0.570068
  0.997506,  0.609977
  0.997528,  0.649887
  0.997551,  0.689796
  0.997574,  0.729705
  0.997596,  0.769615
  0.997619,  0.809524
  0.997642,  0.849433
  0.997664,  0.889342
  0.997687,  0.929252
  0.997710,  0.969161
  0.997732,  0.990930
  0.997755,  0.951020
  0.997778,  0.911111
  0.997800,  0.871202
  0.997823,  0.831293
  0.997846,  0.791383
  0.997868,  0.751474
  0.997891,  0.711565
  0.997914,  0.671655
  0.997937,  0.631746
  0.997959,  0.591837
  0.997982,  0.551927
  0.998005,  0.512018
  0.998027,  0.472109
  0.998050,  0.432200
  0.998073,  0.392290
  0.998095,  0.352381
  0.998118,  0.312472
  0.998141,  0.272562
  0.998163,  0.232653
  0.998186,  0.192744
  0.998209,  0.152834
  0.998231,  0.112925
  0.998254,  0.073016
  0.998277,  0.033107
  0.998299, -0.006803
  0.998322, -0.046712
  0.998345, -0.086621
  0.998367, -0.126531
  0.998390, -0.166440
  0.998413, -0.206349
  0.998435, -0.246259
  0.998458, -0.286168
  0.998481, -0.326077
  0.998503, -0.365986
  0.998526, -0.405896
  0.998549, -0.445805
  0.998571, -0.485714
  0.998594, -0.525624
  0.998617, -0.565533
  0.998639, -0.605442
  0.998662, -0.645351
  0.998685, -0.685261
  0.998707, -0.725170
  0.998730, -0.765079
  0.998753, -0.804989
  0.998776, -0.844898
  0.998798, -0.884807
  0.998821, -0.924717
  0.998844, -0.964626
  0.998866, -0.995465
  0.998889, -0.955556
  0.998912, -0.915646
  0.998934, -0.875737
  0.998957, -0.835828
  0.998980, -0.795918
  0.999002, -0.756009
  0.999025, -0.716100
  0.999048, -0.676190
  0.999070, -0.636281
  0.999093, -0.596372
  0.999116, -0.556463
  0.999138, -0.516553
  0.999161, -0.476644
  0.999184, -0.436735
  0.999206, -0.396825
  0.999229, -0.356916
  0.999252, -0.317007
  0.999274, -0.277098
  0.999297, -0.237188
  0.999320, -0.197279
  0.999342, -0.157370
  0.999365, -0.117460
  0.999388, -0.077551
  0.999410, -0.037642
  0.999433,  0.002268
  0.999456,  0.042177
  0.999478,  0.082086
  0.999501,  0.121995
  0.999524,  0.161905
  0.999546,  0.201814
  0.999569,  0.241723
  0.999592,  0.281633
  0.999615,  0.321542
  0.999637,  0.361451
  0.999660,  0.401361
  0.999683,  0.441270
  0.999705,  0.481179
  0.999728,  0.521088
  0.999751,  0.560998
  0.999773,  0.600907
  0.999796,  0.640816
  0.999819,  0.680726
  0.999841,  0.720635
  0.999864,  0.760544
  0.999887,  0.800454
  0.999909,  0.840363
  0.999932,  0.880272
  0.999955,  0.920181
  0.999977,  0.960091
